v 0.0 0.0 10.0
v 10.0 0.0 10.0
v 10.0 10.0 10.0
v 0.0 10.0 10.0
v 10.0 10.0 0.0
v 10.0 0.0 0.0
v 0.0 0.0 0.0
v 0.0 10.0 0.0
f 1 2 3
f 1 3 4
f 5 6 7
f 5 7 8
f 6 5 3
f 6 3 2
f 7 1 4
f 7 4 8
f 7 6 2
f 7 2 1
f 8 4 3
f 8 3 5
v 0.0 0.0 30.0
v 10.0 0.0 30.0
v 10.0 10.0 30.0
v 0.0 10.0 30.0
v 10.0 10.0 20.0
v 10.0 0.0 20.0
v 0.0 0.0 20.0
v 0.0 10.0 20.0
f 9 10 11
f 9 11 12
f 13 14 15
f 13 15 16
f 14 13 11
f 14 11 10
f 15 9 12
f 15 12 16
f 15 14 10
f 15 10 9
f 16 12 11
f 16 11 13
v 0.0 0.0 50.0
v 10.0 0.0 50.0
v 10.0 10.0 50.0
v 0.0 10.0 50.0
v 10.0 10.0 40.0
v 10.0 0.0 40.0
v 0.0 0.0 40.0
v 0.0 10.0 40.0
f 17 18 19
f 17 19 20
f 21 22 23
f 21 23 24
f 22 21 19
f 22 19 18
f 23 17 20
f 23 20 24
f 23 22 18
f 23 18 17
f 24 20 19
f 24 19 21
v 0.0 0.0 70.0
v 10.0 0.0 70.0
v 10.0 10.0 70.0
v 0.0 10.0 70.0
v 10.0 10.0 60.0
v 10.0 0.0 60.0
v 0.0 0.0 60.0
v 0.0 10.0 60.0
f 25 26 27
f 25 27 28
f 29 30 31
f 29 31 32
f 30 29 27
f 30 27 26
f 31 25 28
f 31 28 32
f 31 30 26
f 31 26 25
f 32 28 27
f 32 27 29
v 0.0 0.0 90.0
v 10.0 0.0 90.0
v 10.0 10.0 90.0
v 0.0 10.0 90.0
v 10.0 10.0 80.0
v 10.0 0.0 80.0
v 0.0 0.0 80.0
v 0.0 10.0 80.0
f 33 34 35
f 33 35 36
f 37 38 39
f 37 39 40
f 38 37 35
f 38 35 34
f 39 33 36
f 39 36 40
f 39 38 34
f 39 34 33
f 40 36 35
f 40 35 37
v 0.0 0.0 110.0
v 10.0 0.0 110.0
v 10.0 10.0 110.0
v 0.0 10.0 110.0
v 10.0 10.0 100.0
v 10.0 0.0 100.0
v 0.0 0.0 100.0
v 0.0 10.0 100.0
f 41 42 43
f 41 43 44
f 45 46 47
f 45 47 48
f 46 45 43
f 46 43 42
f 47 41 44
f 47 44 48
f 47 46 42
f 47 42 41
f 48 44 43
f 48 43 45
v 0.0 0.0 130.0
v 10.0 0.0 130.0
v 10.0 10.0 130.0
v 0.0 10.0 130.0
v 10.0 10.0 120.0
v 10.0 0.0 120.0
v 0.0 0.0 120.0
v 0.0 10.0 120.0
f 49 50 51
f 49 51 52
f 53 54 55
f 53 55 56
f 54 53 51
f 54 51 50
f 55 49 52
f 55 52 56
f 55 54 50
f 55 50 49
f 56 52 51
f 56 51 53
v 0.0 0.0 150.0
v 10.0 0.0 150.0
v 10.0 10.0 150.0
v 0.0 10.0 150.0
v 10.0 10.0 140.0
v 10.0 0.0 140.0
v 0.0 0.0 140.0
v 0.0 10.0 140.0
f 57 58 59
f 57 59 60
f 61 62 63
f 61 63 64
f 62 61 59
f 62 59 58
f 63 57 60
f 63 60 64
f 63 62 58
f 63 58 57
f 64 60 59
f 64 59 61
v 0.0 0.0 170.0
v 10.0 0.0 170.0
v 10.0 10.0 170.0
v 0.0 10.0 170.0
v 10.0 10.0 160.0
v 10.0 0.0 160.0
v 0.0 0.0 160.0
v 0.0 10.0 160.0
f 65 66 67
f 65 67 68
f 69 70 71
f 69 71 72
f 70 69 67
f 70 67 66
f 71 65 68
f 71 68 72
f 71 70 66
f 71 66 65
f 72 68 67
f 72 67 69
v 0.0 0.0 190.0
v 10.0 0.0 190.0
v 10.0 10.0 190.0
v 0.0 10.0 190.0
v 10.0 10.0 180.0
v 10.0 0.0 180.0
v 0.0 0.0 180.0
v 0.0 10.0 180.0
f 73 74 75
f 73 75 76
f 77 78 79
f 77 79 80
f 78 77 75
f 78 75 74
f 79 73 76
f 79 76 80
f 79 78 74
f 79 74 73
f 80 76 75
f 80 75 77
v 0.0 20.0 10.0
v 10.0 20.0 10.0
v 10.0 30.0 10.0
v 0.0 30.0 10.0
v 10.0 30.0 0.0
v 10.0 20.0 0.0
v 0.0 20.0 0.0
v 0.0 30.0 0.0
f 81 82 83
f 81 83 84
f 85 86 87
f 85 87 88
f 86 85 83
f 86 83 82
f 87 81 84
f 87 84 88
f 87 86 82
f 87 82 81
f 88 84 83
f 88 83 85
v 0.0 20.0 30.0
v 10.0 20.0 30.0
v 10.0 30.0 30.0
v 0.0 30.0 30.0
v 10.0 30.0 20.0
v 10.0 20.0 20.0
v 0.0 20.0 20.0
v 0.0 30.0 20.0
f 89 90 91
f 89 91 92
f 93 94 95
f 93 95 96
f 94 93 91
f 94 91 90
f 95 89 92
f 95 92 96
f 95 94 90
f 95 90 89
f 96 92 91
f 96 91 93
v 0.0 20.0 50.0
v 10.0 20.0 50.0
v 10.0 30.0 50.0
v 0.0 30.0 50.0
v 10.0 30.0 40.0
v 10.0 20.0 40.0
v 0.0 20.0 40.0
v 0.0 30.0 40.0
f 97 98 99
f 97 99 100
f 101 102 103
f 101 103 104
f 102 101 99
f 102 99 98
f 103 97 100
f 103 100 104
f 103 102 98
f 103 98 97
f 104 100 99
f 104 99 101
v 0.0 20.0 70.0
v 10.0 20.0 70.0
v 10.0 30.0 70.0
v 0.0 30.0 70.0
v 10.0 30.0 60.0
v 10.0 20.0 60.0
v 0.0 20.0 60.0
v 0.0 30.0 60.0
f 105 106 107
f 105 107 108
f 109 110 111
f 109 111 112
f 110 109 107
f 110 107 106
f 111 105 108
f 111 108 112
f 111 110 106
f 111 106 105
f 112 108 107
f 112 107 109
v 0.0 20.0 90.0
v 10.0 20.0 90.0
v 10.0 30.0 90.0
v 0.0 30.0 90.0
v 10.0 30.0 80.0
v 10.0 20.0 80.0
v 0.0 20.0 80.0
v 0.0 30.0 80.0
f 113 114 115
f 113 115 116
f 117 118 119
f 117 119 120
f 118 117 115
f 118 115 114
f 119 113 116
f 119 116 120
f 119 118 114
f 119 114 113
f 120 116 115
f 120 115 117
v 0.0 20.0 110.0
v 10.0 20.0 110.0
v 10.0 30.0 110.0
v 0.0 30.0 110.0
v 10.0 30.0 100.0
v 10.0 20.0 100.0
v 0.0 20.0 100.0
v 0.0 30.0 100.0
f 121 122 123
f 121 123 124
f 125 126 127
f 125 127 128
f 126 125 123
f 126 123 122
f 127 121 124
f 127 124 128
f 127 126 122
f 127 122 121
f 128 124 123
f 128 123 125
v 0.0 20.0 130.0
v 10.0 20.0 130.0
v 10.0 30.0 130.0
v 0.0 30.0 130.0
v 10.0 30.0 120.0
v 10.0 20.0 120.0
v 0.0 20.0 120.0
v 0.0 30.0 120.0
f 129 130 131
f 129 131 132
f 133 134 135
f 133 135 136
f 134 133 131
f 134 131 130
f 135 129 132
f 135 132 136
f 135 134 130
f 135 130 129
f 136 132 131
f 136 131 133
v 0.0 20.0 150.0
v 10.0 20.0 150.0
v 10.0 30.0 150.0
v 0.0 30.0 150.0
v 10.0 30.0 140.0
v 10.0 20.0 140.0
v 0.0 20.0 140.0
v 0.0 30.0 140.0
f 137 138 139
f 137 139 140
f 141 142 143
f 141 143 144
f 142 141 139
f 142 139 138
f 143 137 140
f 143 140 144
f 143 142 138
f 143 138 137
f 144 140 139
f 144 139 141
v 0.0 20.0 170.0
v 10.0 20.0 170.0
v 10.0 30.0 170.0
v 0.0 30.0 170.0
v 10.0 30.0 160.0
v 10.0 20.0 160.0
v 0.0 20.0 160.0
v 0.0 30.0 160.0
f 145 146 147
f 145 147 148
f 149 150 151
f 149 151 152
f 150 149 147
f 150 147 146
f 151 145 148
f 151 148 152
f 151 150 146
f 151 146 145
f 152 148 147
f 152 147 149
v 0.0 20.0 190.0
v 10.0 20.0 190.0
v 10.0 30.0 190.0
v 0.0 30.0 190.0
v 10.0 30.0 180.0
v 10.0 20.0 180.0
v 0.0 20.0 180.0
v 0.0 30.0 180.0
f 153 154 155
f 153 155 156
f 157 158 159
f 157 159 160
f 158 157 155
f 158 155 154
f 159 153 156
f 159 156 160
f 159 158 154
f 159 154 153
f 160 156 155
f 160 155 157
v 0.0 40.0 10.0
v 10.0 40.0 10.0
v 10.0 50.0 10.0
v 0.0 50.0 10.0
v 10.0 50.0 0.0
v 10.0 40.0 0.0
v 0.0 40.0 0.0
v 0.0 50.0 0.0
f 161 162 163
f 161 163 164
f 165 166 167
f 165 167 168
f 166 165 163
f 166 163 162
f 167 161 164
f 167 164 168
f 167 166 162
f 167 162 161
f 168 164 163
f 168 163 165
v 0.0 40.0 30.0
v 10.0 40.0 30.0
v 10.0 50.0 30.0
v 0.0 50.0 30.0
v 10.0 50.0 20.0
v 10.0 40.0 20.0
v 0.0 40.0 20.0
v 0.0 50.0 20.0
f 169 170 171
f 169 171 172
f 173 174 175
f 173 175 176
f 174 173 171
f 174 171 170
f 175 169 172
f 175 172 176
f 175 174 170
f 175 170 169
f 176 172 171
f 176 171 173
v 0.0 40.0 50.0
v 10.0 40.0 50.0
v 10.0 50.0 50.0
v 0.0 50.0 50.0
v 10.0 50.0 40.0
v 10.0 40.0 40.0
v 0.0 40.0 40.0
v 0.0 50.0 40.0
f 177 178 179
f 177 179 180
f 181 182 183
f 181 183 184
f 182 181 179
f 182 179 178
f 183 177 180
f 183 180 184
f 183 182 178
f 183 178 177
f 184 180 179
f 184 179 181
v 0.0 40.0 70.0
v 10.0 40.0 70.0
v 10.0 50.0 70.0
v 0.0 50.0 70.0
v 10.0 50.0 60.0
v 10.0 40.0 60.0
v 0.0 40.0 60.0
v 0.0 50.0 60.0
f 185 186 187
f 185 187 188
f 189 190 191
f 189 191 192
f 190 189 187
f 190 187 186
f 191 185 188
f 191 188 192
f 191 190 186
f 191 186 185
f 192 188 187
f 192 187 189
v 0.0 40.0 90.0
v 10.0 40.0 90.0
v 10.0 50.0 90.0
v 0.0 50.0 90.0
v 10.0 50.0 80.0
v 10.0 40.0 80.0
v 0.0 40.0 80.0
v 0.0 50.0 80.0
f 193 194 195
f 193 195 196
f 197 198 199
f 197 199 200
f 198 197 195
f 198 195 194
f 199 193 196
f 199 196 200
f 199 198 194
f 199 194 193
f 200 196 195
f 200 195 197
v 0.0 40.0 110.0
v 10.0 40.0 110.0
v 10.0 50.0 110.0
v 0.0 50.0 110.0
v 10.0 50.0 100.0
v 10.0 40.0 100.0
v 0.0 40.0 100.0
v 0.0 50.0 100.0
f 201 202 203
f 201 203 204
f 205 206 207
f 205 207 208
f 206 205 203
f 206 203 202
f 207 201 204
f 207 204 208
f 207 206 202
f 207 202 201
f 208 204 203
f 208 203 205
v 0.0 40.0 130.0
v 10.0 40.0 130.0
v 10.0 50.0 130.0
v 0.0 50.0 130.0
v 10.0 50.0 120.0
v 10.0 40.0 120.0
v 0.0 40.0 120.0
v 0.0 50.0 120.0
f 209 210 211
f 209 211 212
f 213 214 215
f 213 215 216
f 214 213 211
f 214 211 210
f 215 209 212
f 215 212 216
f 215 214 210
f 215 210 209
f 216 212 211
f 216 211 213
v 0.0 40.0 150.0
v 10.0 40.0 150.0
v 10.0 50.0 150.0
v 0.0 50.0 150.0
v 10.0 50.0 140.0
v 10.0 40.0 140.0
v 0.0 40.0 140.0
v 0.0 50.0 140.0
f 217 218 219
f 217 219 220
f 221 222 223
f 221 223 224
f 222 221 219
f 222 219 218
f 223 217 220
f 223 220 224
f 223 222 218
f 223 218 217
f 224 220 219
f 224 219 221
v 0.0 40.0 170.0
v 10.0 40.0 170.0
v 10.0 50.0 170.0
v 0.0 50.0 170.0
v 10.0 50.0 160.0
v 10.0 40.0 160.0
v 0.0 40.0 160.0
v 0.0 50.0 160.0
f 225 226 227
f 225 227 228
f 229 230 231
f 229 231 232
f 230 229 227
f 230 227 226
f 231 225 228
f 231 228 232
f 231 230 226
f 231 226 225
f 232 228 227
f 232 227 229
v 0.0 40.0 190.0
v 10.0 40.0 190.0
v 10.0 50.0 190.0
v 0.0 50.0 190.0
v 10.0 50.0 180.0
v 10.0 40.0 180.0
v 0.0 40.0 180.0
v 0.0 50.0 180.0
f 233 234 235
f 233 235 236
f 237 238 239
f 237 239 240
f 238 237 235
f 238 235 234
f 239 233 236
f 239 236 240
f 239 238 234
f 239 234 233
f 240 236 235
f 240 235 237
v 0.0 60.0 10.0
v 10.0 60.0 10.0
v 10.0 70.0 10.0
v 0.0 70.0 10.0
v 10.0 70.0 0.0
v 10.0 60.0 0.0
v 0.0 60.0 0.0
v 0.0 70.0 0.0
f 241 242 243
f 241 243 244
f 245 246 247
f 245 247 248
f 246 245 243
f 246 243 242
f 247 241 244
f 247 244 248
f 247 246 242
f 247 242 241
f 248 244 243
f 248 243 245
v 0.0 60.0 30.0
v 10.0 60.0 30.0
v 10.0 70.0 30.0
v 0.0 70.0 30.0
v 10.0 70.0 20.0
v 10.0 60.0 20.0
v 0.0 60.0 20.0
v 0.0 70.0 20.0
f 249 250 251
f 249 251 252
f 253 254 255
f 253 255 256
f 254 253 251
f 254 251 250
f 255 249 252
f 255 252 256
f 255 254 250
f 255 250 249
f 256 252 251
f 256 251 253
v 0.0 60.0 50.0
v 10.0 60.0 50.0
v 10.0 70.0 50.0
v 0.0 70.0 50.0
v 10.0 70.0 40.0
v 10.0 60.0 40.0
v 0.0 60.0 40.0
v 0.0 70.0 40.0
f 257 258 259
f 257 259 260
f 261 262 263
f 261 263 264
f 262 261 259
f 262 259 258
f 263 257 260
f 263 260 264
f 263 262 258
f 263 258 257
f 264 260 259
f 264 259 261
v 0.0 60.0 70.0
v 10.0 60.0 70.0
v 10.0 70.0 70.0
v 0.0 70.0 70.0
v 10.0 70.0 60.0
v 10.0 60.0 60.0
v 0.0 60.0 60.0
v 0.0 70.0 60.0
f 265 266 267
f 265 267 268
f 269 270 271
f 269 271 272
f 270 269 267
f 270 267 266
f 271 265 268
f 271 268 272
f 271 270 266
f 271 266 265
f 272 268 267
f 272 267 269
v 0.0 60.0 90.0
v 10.0 60.0 90.0
v 10.0 70.0 90.0
v 0.0 70.0 90.0
v 10.0 70.0 80.0
v 10.0 60.0 80.0
v 0.0 60.0 80.0
v 0.0 70.0 80.0
f 273 274 275
f 273 275 276
f 277 278 279
f 277 279 280
f 278 277 275
f 278 275 274
f 279 273 276
f 279 276 280
f 279 278 274
f 279 274 273
f 280 276 275
f 280 275 277
v 0.0 60.0 110.0
v 10.0 60.0 110.0
v 10.0 70.0 110.0
v 0.0 70.0 110.0
v 10.0 70.0 100.0
v 10.0 60.0 100.0
v 0.0 60.0 100.0
v 0.0 70.0 100.0
f 281 282 283
f 281 283 284
f 285 286 287
f 285 287 288
f 286 285 283
f 286 283 282
f 287 281 284
f 287 284 288
f 287 286 282
f 287 282 281
f 288 284 283
f 288 283 285
v 0.0 60.0 130.0
v 10.0 60.0 130.0
v 10.0 70.0 130.0
v 0.0 70.0 130.0
v 10.0 70.0 120.0
v 10.0 60.0 120.0
v 0.0 60.0 120.0
v 0.0 70.0 120.0
f 289 290 291
f 289 291 292
f 293 294 295
f 293 295 296
f 294 293 291
f 294 291 290
f 295 289 292
f 295 292 296
f 295 294 290
f 295 290 289
f 296 292 291
f 296 291 293
v 0.0 60.0 150.0
v 10.0 60.0 150.0
v 10.0 70.0 150.0
v 0.0 70.0 150.0
v 10.0 70.0 140.0
v 10.0 60.0 140.0
v 0.0 60.0 140.0
v 0.0 70.0 140.0
f 297 298 299
f 297 299 300
f 301 302 303
f 301 303 304
f 302 301 299
f 302 299 298
f 303 297 300
f 303 300 304
f 303 302 298
f 303 298 297
f 304 300 299
f 304 299 301
v 0.0 60.0 170.0
v 10.0 60.0 170.0
v 10.0 70.0 170.0
v 0.0 70.0 170.0
v 10.0 70.0 160.0
v 10.0 60.0 160.0
v 0.0 60.0 160.0
v 0.0 70.0 160.0
f 305 306 307
f 305 307 308
f 309 310 311
f 309 311 312
f 310 309 307
f 310 307 306
f 311 305 308
f 311 308 312
f 311 310 306
f 311 306 305
f 312 308 307
f 312 307 309
v 0.0 60.0 190.0
v 10.0 60.0 190.0
v 10.0 70.0 190.0
v 0.0 70.0 190.0
v 10.0 70.0 180.0
v 10.0 60.0 180.0
v 0.0 60.0 180.0
v 0.0 70.0 180.0
f 313 314 315
f 313 315 316
f 317 318 319
f 317 319 320
f 318 317 315
f 318 315 314
f 319 313 316
f 319 316 320
f 319 318 314
f 319 314 313
f 320 316 315
f 320 315 317
v 0.0 80.0 10.0
v 10.0 80.0 10.0
v 10.0 90.0 10.0
v 0.0 90.0 10.0
v 10.0 90.0 0.0
v 10.0 80.0 0.0
v 0.0 80.0 0.0
v 0.0 90.0 0.0
f 321 322 323
f 321 323 324
f 325 326 327
f 325 327 328
f 326 325 323
f 326 323 322
f 327 321 324
f 327 324 328
f 327 326 322
f 327 322 321
f 328 324 323
f 328 323 325
v 0.0 80.0 30.0
v 10.0 80.0 30.0
v 10.0 90.0 30.0
v 0.0 90.0 30.0
v 10.0 90.0 20.0
v 10.0 80.0 20.0
v 0.0 80.0 20.0
v 0.0 90.0 20.0
f 329 330 331
f 329 331 332
f 333 334 335
f 333 335 336
f 334 333 331
f 334 331 330
f 335 329 332
f 335 332 336
f 335 334 330
f 335 330 329
f 336 332 331
f 336 331 333
v 0.0 80.0 50.0
v 10.0 80.0 50.0
v 10.0 90.0 50.0
v 0.0 90.0 50.0
v 10.0 90.0 40.0
v 10.0 80.0 40.0
v 0.0 80.0 40.0
v 0.0 90.0 40.0
f 337 338 339
f 337 339 340
f 341 342 343
f 341 343 344
f 342 341 339
f 342 339 338
f 343 337 340
f 343 340 344
f 343 342 338
f 343 338 337
f 344 340 339
f 344 339 341
v 0.0 80.0 70.0
v 10.0 80.0 70.0
v 10.0 90.0 70.0
v 0.0 90.0 70.0
v 10.0 90.0 60.0
v 10.0 80.0 60.0
v 0.0 80.0 60.0
v 0.0 90.0 60.0
f 345 346 347
f 345 347 348
f 349 350 351
f 349 351 352
f 350 349 347
f 350 347 346
f 351 345 348
f 351 348 352
f 351 350 346
f 351 346 345
f 352 348 347
f 352 347 349
v 0.0 80.0 90.0
v 10.0 80.0 90.0
v 10.0 90.0 90.0
v 0.0 90.0 90.0
v 10.0 90.0 80.0
v 10.0 80.0 80.0
v 0.0 80.0 80.0
v 0.0 90.0 80.0
f 353 354 355
f 353 355 356
f 357 358 359
f 357 359 360
f 358 357 355
f 358 355 354
f 359 353 356
f 359 356 360
f 359 358 354
f 359 354 353
f 360 356 355
f 360 355 357
v 0.0 80.0 110.0
v 10.0 80.0 110.0
v 10.0 90.0 110.0
v 0.0 90.0 110.0
v 10.0 90.0 100.0
v 10.0 80.0 100.0
v 0.0 80.0 100.0
v 0.0 90.0 100.0
f 361 362 363
f 361 363 364
f 365 366 367
f 365 367 368
f 366 365 363
f 366 363 362
f 367 361 364
f 367 364 368
f 367 366 362
f 367 362 361
f 368 364 363
f 368 363 365
v 0.0 80.0 130.0
v 10.0 80.0 130.0
v 10.0 90.0 130.0
v 0.0 90.0 130.0
v 10.0 90.0 120.0
v 10.0 80.0 120.0
v 0.0 80.0 120.0
v 0.0 90.0 120.0
f 369 370 371
f 369 371 372
f 373 374 375
f 373 375 376
f 374 373 371
f 374 371 370
f 375 369 372
f 375 372 376
f 375 374 370
f 375 370 369
f 376 372 371
f 376 371 373
v 0.0 80.0 150.0
v 10.0 80.0 150.0
v 10.0 90.0 150.0
v 0.0 90.0 150.0
v 10.0 90.0 140.0
v 10.0 80.0 140.0
v 0.0 80.0 140.0
v 0.0 90.0 140.0
f 377 378 379
f 377 379 380
f 381 382 383
f 381 383 384
f 382 381 379
f 382 379 378
f 383 377 380
f 383 380 384
f 383 382 378
f 383 378 377
f 384 380 379
f 384 379 381
v 0.0 80.0 170.0
v 10.0 80.0 170.0
v 10.0 90.0 170.0
v 0.0 90.0 170.0
v 10.0 90.0 160.0
v 10.0 80.0 160.0
v 0.0 80.0 160.0
v 0.0 90.0 160.0
f 385 386 387
f 385 387 388
f 389 390 391
f 389 391 392
f 390 389 387
f 390 387 386
f 391 385 388
f 391 388 392
f 391 390 386
f 391 386 385
f 392 388 387
f 392 387 389
v 0.0 80.0 190.0
v 10.0 80.0 190.0
v 10.0 90.0 190.0
v 0.0 90.0 190.0
v 10.0 90.0 180.0
v 10.0 80.0 180.0
v 0.0 80.0 180.0
v 0.0 90.0 180.0
f 393 394 395
f 393 395 396
f 397 398 399
f 397 399 400
f 398 397 395
f 398 395 394
f 399 393 396
f 399 396 400
f 399 398 394
f 399 394 393
f 400 396 395
f 400 395 397
v 0.0 100.0 10.0
v 10.0 100.0 10.0
v 10.0 110.0 10.0
v 0.0 110.0 10.0
v 10.0 110.0 0.0
v 10.0 100.0 0.0
v 0.0 100.0 0.0
v 0.0 110.0 0.0
f 401 402 403
f 401 403 404
f 405 406 407
f 405 407 408
f 406 405 403
f 406 403 402
f 407 401 404
f 407 404 408
f 407 406 402
f 407 402 401
f 408 404 403
f 408 403 405
v 0.0 100.0 30.0
v 10.0 100.0 30.0
v 10.0 110.0 30.0
v 0.0 110.0 30.0
v 10.0 110.0 20.0
v 10.0 100.0 20.0
v 0.0 100.0 20.0
v 0.0 110.0 20.0
f 409 410 411
f 409 411 412
f 413 414 415
f 413 415 416
f 414 413 411
f 414 411 410
f 415 409 412
f 415 412 416
f 415 414 410
f 415 410 409
f 416 412 411
f 416 411 413
v 0.0 100.0 50.0
v 10.0 100.0 50.0
v 10.0 110.0 50.0
v 0.0 110.0 50.0
v 10.0 110.0 40.0
v 10.0 100.0 40.0
v 0.0 100.0 40.0
v 0.0 110.0 40.0
f 417 418 419
f 417 419 420
f 421 422 423
f 421 423 424
f 422 421 419
f 422 419 418
f 423 417 420
f 423 420 424
f 423 422 418
f 423 418 417
f 424 420 419
f 424 419 421
v 0.0 100.0 70.0
v 10.0 100.0 70.0
v 10.0 110.0 70.0
v 0.0 110.0 70.0
v 10.0 110.0 60.0
v 10.0 100.0 60.0
v 0.0 100.0 60.0
v 0.0 110.0 60.0
f 425 426 427
f 425 427 428
f 429 430 431
f 429 431 432
f 430 429 427
f 430 427 426
f 431 425 428
f 431 428 432
f 431 430 426
f 431 426 425
f 432 428 427
f 432 427 429
v 0.0 100.0 90.0
v 10.0 100.0 90.0
v 10.0 110.0 90.0
v 0.0 110.0 90.0
v 10.0 110.0 80.0
v 10.0 100.0 80.0
v 0.0 100.0 80.0
v 0.0 110.0 80.0
f 433 434 435
f 433 435 436
f 437 438 439
f 437 439 440
f 438 437 435
f 438 435 434
f 439 433 436
f 439 436 440
f 439 438 434
f 439 434 433
f 440 436 435
f 440 435 437
v 0.0 100.0 110.0
v 10.0 100.0 110.0
v 10.0 110.0 110.0
v 0.0 110.0 110.0
v 10.0 110.0 100.0
v 10.0 100.0 100.0
v 0.0 100.0 100.0
v 0.0 110.0 100.0
f 441 442 443
f 441 443 444
f 445 446 447
f 445 447 448
f 446 445 443
f 446 443 442
f 447 441 444
f 447 444 448
f 447 446 442
f 447 442 441
f 448 444 443
f 448 443 445
v 0.0 100.0 130.0
v 10.0 100.0 130.0
v 10.0 110.0 130.0
v 0.0 110.0 130.0
v 10.0 110.0 120.0
v 10.0 100.0 120.0
v 0.0 100.0 120.0
v 0.0 110.0 120.0
f 449 450 451
f 449 451 452
f 453 454 455
f 453 455 456
f 454 453 451
f 454 451 450
f 455 449 452
f 455 452 456
f 455 454 450
f 455 450 449
f 456 452 451
f 456 451 453
v 0.0 100.0 150.0
v 10.0 100.0 150.0
v 10.0 110.0 150.0
v 0.0 110.0 150.0
v 10.0 110.0 140.0
v 10.0 100.0 140.0
v 0.0 100.0 140.0
v 0.0 110.0 140.0
f 457 458 459
f 457 459 460
f 461 462 463
f 461 463 464
f 462 461 459
f 462 459 458
f 463 457 460
f 463 460 464
f 463 462 458
f 463 458 457
f 464 460 459
f 464 459 461
v 0.0 100.0 170.0
v 10.0 100.0 170.0
v 10.0 110.0 170.0
v 0.0 110.0 170.0
v 10.0 110.0 160.0
v 10.0 100.0 160.0
v 0.0 100.0 160.0
v 0.0 110.0 160.0
f 465 466 467
f 465 467 468
f 469 470 471
f 469 471 472
f 470 469 467
f 470 467 466
f 471 465 468
f 471 468 472
f 471 470 466
f 471 466 465
f 472 468 467
f 472 467 469
v 0.0 100.0 190.0
v 10.0 100.0 190.0
v 10.0 110.0 190.0
v 0.0 110.0 190.0
v 10.0 110.0 180.0
v 10.0 100.0 180.0
v 0.0 100.0 180.0
v 0.0 110.0 180.0
f 473 474 475
f 473 475 476
f 477 478 479
f 477 479 480
f 478 477 475
f 478 475 474
f 479 473 476
f 479 476 480
f 479 478 474
f 479 474 473
f 480 476 475
f 480 475 477
v 0.0 120.0 10.0
v 10.0 120.0 10.0
v 10.0 130.0 10.0
v 0.0 130.0 10.0
v 10.0 130.0 0.0
v 10.0 120.0 0.0
v 0.0 120.0 0.0
v 0.0 130.0 0.0
f 481 482 483
f 481 483 484
f 485 486 487
f 485 487 488
f 486 485 483
f 486 483 482
f 487 481 484
f 487 484 488
f 487 486 482
f 487 482 481
f 488 484 483
f 488 483 485
v 0.0 120.0 30.0
v 10.0 120.0 30.0
v 10.0 130.0 30.0
v 0.0 130.0 30.0
v 10.0 130.0 20.0
v 10.0 120.0 20.0
v 0.0 120.0 20.0
v 0.0 130.0 20.0
f 489 490 491
f 489 491 492
f 493 494 495
f 493 495 496
f 494 493 491
f 494 491 490
f 495 489 492
f 495 492 496
f 495 494 490
f 495 490 489
f 496 492 491
f 496 491 493
v 0.0 120.0 50.0
v 10.0 120.0 50.0
v 10.0 130.0 50.0
v 0.0 130.0 50.0
v 10.0 130.0 40.0
v 10.0 120.0 40.0
v 0.0 120.0 40.0
v 0.0 130.0 40.0
f 497 498 499
f 497 499 500
f 501 502 503
f 501 503 504
f 502 501 499
f 502 499 498
f 503 497 500
f 503 500 504
f 503 502 498
f 503 498 497
f 504 500 499
f 504 499 501
v 0.0 120.0 70.0
v 10.0 120.0 70.0
v 10.0 130.0 70.0
v 0.0 130.0 70.0
v 10.0 130.0 60.0
v 10.0 120.0 60.0
v 0.0 120.0 60.0
v 0.0 130.0 60.0
f 505 506 507
f 505 507 508
f 509 510 511
f 509 511 512
f 510 509 507
f 510 507 506
f 511 505 508
f 511 508 512
f 511 510 506
f 511 506 505
f 512 508 507
f 512 507 509
v 0.0 120.0 90.0
v 10.0 120.0 90.0
v 10.0 130.0 90.0
v 0.0 130.0 90.0
v 10.0 130.0 80.0
v 10.0 120.0 80.0
v 0.0 120.0 80.0
v 0.0 130.0 80.0
f 513 514 515
f 513 515 516
f 517 518 519
f 517 519 520
f 518 517 515
f 518 515 514
f 519 513 516
f 519 516 520
f 519 518 514
f 519 514 513
f 520 516 515
f 520 515 517
v 0.0 120.0 110.0
v 10.0 120.0 110.0
v 10.0 130.0 110.0
v 0.0 130.0 110.0
v 10.0 130.0 100.0
v 10.0 120.0 100.0
v 0.0 120.0 100.0
v 0.0 130.0 100.0
f 521 522 523
f 521 523 524
f 525 526 527
f 525 527 528
f 526 525 523
f 526 523 522
f 527 521 524
f 527 524 528
f 527 526 522
f 527 522 521
f 528 524 523
f 528 523 525
v 0.0 120.0 130.0
v 10.0 120.0 130.0
v 10.0 130.0 130.0
v 0.0 130.0 130.0
v 10.0 130.0 120.0
v 10.0 120.0 120.0
v 0.0 120.0 120.0
v 0.0 130.0 120.0
f 529 530 531
f 529 531 532
f 533 534 535
f 533 535 536
f 534 533 531
f 534 531 530
f 535 529 532
f 535 532 536
f 535 534 530
f 535 530 529
f 536 532 531
f 536 531 533
v 0.0 120.0 150.0
v 10.0 120.0 150.0
v 10.0 130.0 150.0
v 0.0 130.0 150.0
v 10.0 130.0 140.0
v 10.0 120.0 140.0
v 0.0 120.0 140.0
v 0.0 130.0 140.0
f 537 538 539
f 537 539 540
f 541 542 543
f 541 543 544
f 542 541 539
f 542 539 538
f 543 537 540
f 543 540 544
f 543 542 538
f 543 538 537
f 544 540 539
f 544 539 541
v 0.0 120.0 170.0
v 10.0 120.0 170.0
v 10.0 130.0 170.0
v 0.0 130.0 170.0
v 10.0 130.0 160.0
v 10.0 120.0 160.0
v 0.0 120.0 160.0
v 0.0 130.0 160.0
f 545 546 547
f 545 547 548
f 549 550 551
f 549 551 552
f 550 549 547
f 550 547 546
f 551 545 548
f 551 548 552
f 551 550 546
f 551 546 545
f 552 548 547
f 552 547 549
v 0.0 120.0 190.0
v 10.0 120.0 190.0
v 10.0 130.0 190.0
v 0.0 130.0 190.0
v 10.0 130.0 180.0
v 10.0 120.0 180.0
v 0.0 120.0 180.0
v 0.0 130.0 180.0
f 553 554 555
f 553 555 556
f 557 558 559
f 557 559 560
f 558 557 555
f 558 555 554
f 559 553 556
f 559 556 560
f 559 558 554
f 559 554 553
f 560 556 555
f 560 555 557
v 0.0 140.0 10.0
v 10.0 140.0 10.0
v 10.0 150.0 10.0
v 0.0 150.0 10.0
v 10.0 150.0 0.0
v 10.0 140.0 0.0
v 0.0 140.0 0.0
v 0.0 150.0 0.0
f 561 562 563
f 561 563 564
f 565 566 567
f 565 567 568
f 566 565 563
f 566 563 562
f 567 561 564
f 567 564 568
f 567 566 562
f 567 562 561
f 568 564 563
f 568 563 565
v 0.0 140.0 30.0
v 10.0 140.0 30.0
v 10.0 150.0 30.0
v 0.0 150.0 30.0
v 10.0 150.0 20.0
v 10.0 140.0 20.0
v 0.0 140.0 20.0
v 0.0 150.0 20.0
f 569 570 571
f 569 571 572
f 573 574 575
f 573 575 576
f 574 573 571
f 574 571 570
f 575 569 572
f 575 572 576
f 575 574 570
f 575 570 569
f 576 572 571
f 576 571 573
v 0.0 140.0 50.0
v 10.0 140.0 50.0
v 10.0 150.0 50.0
v 0.0 150.0 50.0
v 10.0 150.0 40.0
v 10.0 140.0 40.0
v 0.0 140.0 40.0
v 0.0 150.0 40.0
f 577 578 579
f 577 579 580
f 581 582 583
f 581 583 584
f 582 581 579
f 582 579 578
f 583 577 580
f 583 580 584
f 583 582 578
f 583 578 577
f 584 580 579
f 584 579 581
v 0.0 140.0 70.0
v 10.0 140.0 70.0
v 10.0 150.0 70.0
v 0.0 150.0 70.0
v 10.0 150.0 60.0
v 10.0 140.0 60.0
v 0.0 140.0 60.0
v 0.0 150.0 60.0
f 585 586 587
f 585 587 588
f 589 590 591
f 589 591 592
f 590 589 587
f 590 587 586
f 591 585 588
f 591 588 592
f 591 590 586
f 591 586 585
f 592 588 587
f 592 587 589
v 0.0 140.0 90.0
v 10.0 140.0 90.0
v 10.0 150.0 90.0
v 0.0 150.0 90.0
v 10.0 150.0 80.0
v 10.0 140.0 80.0
v 0.0 140.0 80.0
v 0.0 150.0 80.0
f 593 594 595
f 593 595 596
f 597 598 599
f 597 599 600
f 598 597 595
f 598 595 594
f 599 593 596
f 599 596 600
f 599 598 594
f 599 594 593
f 600 596 595
f 600 595 597
v 0.0 140.0 110.0
v 10.0 140.0 110.0
v 10.0 150.0 110.0
v 0.0 150.0 110.0
v 10.0 150.0 100.0
v 10.0 140.0 100.0
v 0.0 140.0 100.0
v 0.0 150.0 100.0
f 601 602 603
f 601 603 604
f 605 606 607
f 605 607 608
f 606 605 603
f 606 603 602
f 607 601 604
f 607 604 608
f 607 606 602
f 607 602 601
f 608 604 603
f 608 603 605
v 0.0 140.0 130.0
v 10.0 140.0 130.0
v 10.0 150.0 130.0
v 0.0 150.0 130.0
v 10.0 150.0 120.0
v 10.0 140.0 120.0
v 0.0 140.0 120.0
v 0.0 150.0 120.0
f 609 610 611
f 609 611 612
f 613 614 615
f 613 615 616
f 614 613 611
f 614 611 610
f 615 609 612
f 615 612 616
f 615 614 610
f 615 610 609
f 616 612 611
f 616 611 613
v 0.0 140.0 150.0
v 10.0 140.0 150.0
v 10.0 150.0 150.0
v 0.0 150.0 150.0
v 10.0 150.0 140.0
v 10.0 140.0 140.0
v 0.0 140.0 140.0
v 0.0 150.0 140.0
f 617 618 619
f 617 619 620
f 621 622 623
f 621 623 624
f 622 621 619
f 622 619 618
f 623 617 620
f 623 620 624
f 623 622 618
f 623 618 617
f 624 620 619
f 624 619 621
v 0.0 140.0 170.0
v 10.0 140.0 170.0
v 10.0 150.0 170.0
v 0.0 150.0 170.0
v 10.0 150.0 160.0
v 10.0 140.0 160.0
v 0.0 140.0 160.0
v 0.0 150.0 160.0
f 625 626 627
f 625 627 628
f 629 630 631
f 629 631 632
f 630 629 627
f 630 627 626
f 631 625 628
f 631 628 632
f 631 630 626
f 631 626 625
f 632 628 627
f 632 627 629
v 0.0 140.0 190.0
v 10.0 140.0 190.0
v 10.0 150.0 190.0
v 0.0 150.0 190.0
v 10.0 150.0 180.0
v 10.0 140.0 180.0
v 0.0 140.0 180.0
v 0.0 150.0 180.0
f 633 634 635
f 633 635 636
f 637 638 639
f 637 639 640
f 638 637 635
f 638 635 634
f 639 633 636
f 639 636 640
f 639 638 634
f 639 634 633
f 640 636 635
f 640 635 637
v 0.0 160.0 10.0
v 10.0 160.0 10.0
v 10.0 170.0 10.0
v 0.0 170.0 10.0
v 10.0 170.0 0.0
v 10.0 160.0 0.0
v 0.0 160.0 0.0
v 0.0 170.0 0.0
f 641 642 643
f 641 643 644
f 645 646 647
f 645 647 648
f 646 645 643
f 646 643 642
f 647 641 644
f 647 644 648
f 647 646 642
f 647 642 641
f 648 644 643
f 648 643 645
v 0.0 160.0 30.0
v 10.0 160.0 30.0
v 10.0 170.0 30.0
v 0.0 170.0 30.0
v 10.0 170.0 20.0
v 10.0 160.0 20.0
v 0.0 160.0 20.0
v 0.0 170.0 20.0
f 649 650 651
f 649 651 652
f 653 654 655
f 653 655 656
f 654 653 651
f 654 651 650
f 655 649 652
f 655 652 656
f 655 654 650
f 655 650 649
f 656 652 651
f 656 651 653
v 0.0 160.0 50.0
v 10.0 160.0 50.0
v 10.0 170.0 50.0
v 0.0 170.0 50.0
v 10.0 170.0 40.0
v 10.0 160.0 40.0
v 0.0 160.0 40.0
v 0.0 170.0 40.0
f 657 658 659
f 657 659 660
f 661 662 663
f 661 663 664
f 662 661 659
f 662 659 658
f 663 657 660
f 663 660 664
f 663 662 658
f 663 658 657
f 664 660 659
f 664 659 661
v 0.0 160.0 70.0
v 10.0 160.0 70.0
v 10.0 170.0 70.0
v 0.0 170.0 70.0
v 10.0 170.0 60.0
v 10.0 160.0 60.0
v 0.0 160.0 60.0
v 0.0 170.0 60.0
f 665 666 667
f 665 667 668
f 669 670 671
f 669 671 672
f 670 669 667
f 670 667 666
f 671 665 668
f 671 668 672
f 671 670 666
f 671 666 665
f 672 668 667
f 672 667 669
v 0.0 160.0 90.0
v 10.0 160.0 90.0
v 10.0 170.0 90.0
v 0.0 170.0 90.0
v 10.0 170.0 80.0
v 10.0 160.0 80.0
v 0.0 160.0 80.0
v 0.0 170.0 80.0
f 673 674 675
f 673 675 676
f 677 678 679
f 677 679 680
f 678 677 675
f 678 675 674
f 679 673 676
f 679 676 680
f 679 678 674
f 679 674 673
f 680 676 675
f 680 675 677
v 0.0 160.0 110.0
v 10.0 160.0 110.0
v 10.0 170.0 110.0
v 0.0 170.0 110.0
v 10.0 170.0 100.0
v 10.0 160.0 100.0
v 0.0 160.0 100.0
v 0.0 170.0 100.0
f 681 682 683
f 681 683 684
f 685 686 687
f 685 687 688
f 686 685 683
f 686 683 682
f 687 681 684
f 687 684 688
f 687 686 682
f 687 682 681
f 688 684 683
f 688 683 685
v 0.0 160.0 130.0
v 10.0 160.0 130.0
v 10.0 170.0 130.0
v 0.0 170.0 130.0
v 10.0 170.0 120.0
v 10.0 160.0 120.0
v 0.0 160.0 120.0
v 0.0 170.0 120.0
f 689 690 691
f 689 691 692
f 693 694 695
f 693 695 696
f 694 693 691
f 694 691 690
f 695 689 692
f 695 692 696
f 695 694 690
f 695 690 689
f 696 692 691
f 696 691 693
v 0.0 160.0 150.0
v 10.0 160.0 150.0
v 10.0 170.0 150.0
v 0.0 170.0 150.0
v 10.0 170.0 140.0
v 10.0 160.0 140.0
v 0.0 160.0 140.0
v 0.0 170.0 140.0
f 697 698 699
f 697 699 700
f 701 702 703
f 701 703 704
f 702 701 699
f 702 699 698
f 703 697 700
f 703 700 704
f 703 702 698
f 703 698 697
f 704 700 699
f 704 699 701
v 0.0 160.0 170.0
v 10.0 160.0 170.0
v 10.0 170.0 170.0
v 0.0 170.0 170.0
v 10.0 170.0 160.0
v 10.0 160.0 160.0
v 0.0 160.0 160.0
v 0.0 170.0 160.0
f 705 706 707
f 705 707 708
f 709 710 711
f 709 711 712
f 710 709 707
f 710 707 706
f 711 705 708
f 711 708 712
f 711 710 706
f 711 706 705
f 712 708 707
f 712 707 709
v 0.0 160.0 190.0
v 10.0 160.0 190.0
v 10.0 170.0 190.0
v 0.0 170.0 190.0
v 10.0 170.0 180.0
v 10.0 160.0 180.0
v 0.0 160.0 180.0
v 0.0 170.0 180.0
f 713 714 715
f 713 715 716
f 717 718 719
f 717 719 720
f 718 717 715
f 718 715 714
f 719 713 716
f 719 716 720
f 719 718 714
f 719 714 713
f 720 716 715
f 720 715 717
v 0.0 180.0 10.0
v 10.0 180.0 10.0
v 10.0 190.0 10.0
v 0.0 190.0 10.0
v 10.0 190.0 0.0
v 10.0 180.0 0.0
v 0.0 180.0 0.0
v 0.0 190.0 0.0
f 721 722 723
f 721 723 724
f 725 726 727
f 725 727 728
f 726 725 723
f 726 723 722
f 727 721 724
f 727 724 728
f 727 726 722
f 727 722 721
f 728 724 723
f 728 723 725
v 0.0 180.0 30.0
v 10.0 180.0 30.0
v 10.0 190.0 30.0
v 0.0 190.0 30.0
v 10.0 190.0 20.0
v 10.0 180.0 20.0
v 0.0 180.0 20.0
v 0.0 190.0 20.0
f 729 730 731
f 729 731 732
f 733 734 735
f 733 735 736
f 734 733 731
f 734 731 730
f 735 729 732
f 735 732 736
f 735 734 730
f 735 730 729
f 736 732 731
f 736 731 733
v 0.0 180.0 50.0
v 10.0 180.0 50.0
v 10.0 190.0 50.0
v 0.0 190.0 50.0
v 10.0 190.0 40.0
v 10.0 180.0 40.0
v 0.0 180.0 40.0
v 0.0 190.0 40.0
f 737 738 739
f 737 739 740
f 741 742 743
f 741 743 744
f 742 741 739
f 742 739 738
f 743 737 740
f 743 740 744
f 743 742 738
f 743 738 737
f 744 740 739
f 744 739 741
v 0.0 180.0 70.0
v 10.0 180.0 70.0
v 10.0 190.0 70.0
v 0.0 190.0 70.0
v 10.0 190.0 60.0
v 10.0 180.0 60.0
v 0.0 180.0 60.0
v 0.0 190.0 60.0
f 745 746 747
f 745 747 748
f 749 750 751
f 749 751 752
f 750 749 747
f 750 747 746
f 751 745 748
f 751 748 752
f 751 750 746
f 751 746 745
f 752 748 747
f 752 747 749
v 0.0 180.0 90.0
v 10.0 180.0 90.0
v 10.0 190.0 90.0
v 0.0 190.0 90.0
v 10.0 190.0 80.0
v 10.0 180.0 80.0
v 0.0 180.0 80.0
v 0.0 190.0 80.0
f 753 754 755
f 753 755 756
f 757 758 759
f 757 759 760
f 758 757 755
f 758 755 754
f 759 753 756
f 759 756 760
f 759 758 754
f 759 754 753
f 760 756 755
f 760 755 757
v 0.0 180.0 110.0
v 10.0 180.0 110.0
v 10.0 190.0 110.0
v 0.0 190.0 110.0
v 10.0 190.0 100.0
v 10.0 180.0 100.0
v 0.0 180.0 100.0
v 0.0 190.0 100.0
f 761 762 763
f 761 763 764
f 765 766 767
f 765 767 768
f 766 765 763
f 766 763 762
f 767 761 764
f 767 764 768
f 767 766 762
f 767 762 761
f 768 764 763
f 768 763 765
v 0.0 180.0 130.0
v 10.0 180.0 130.0
v 10.0 190.0 130.0
v 0.0 190.0 130.0
v 10.0 190.0 120.0
v 10.0 180.0 120.0
v 0.0 180.0 120.0
v 0.0 190.0 120.0
f 769 770 771
f 769 771 772
f 773 774 775
f 773 775 776
f 774 773 771
f 774 771 770
f 775 769 772
f 775 772 776
f 775 774 770
f 775 770 769
f 776 772 771
f 776 771 773
v 0.0 180.0 150.0
v 10.0 180.0 150.0
v 10.0 190.0 150.0
v 0.0 190.0 150.0
v 10.0 190.0 140.0
v 10.0 180.0 140.0
v 0.0 180.0 140.0
v 0.0 190.0 140.0
f 777 778 779
f 777 779 780
f 781 782 783
f 781 783 784
f 782 781 779
f 782 779 778
f 783 777 780
f 783 780 784
f 783 782 778
f 783 778 777
f 784 780 779
f 784 779 781
v 0.0 180.0 170.0
v 10.0 180.0 170.0
v 10.0 190.0 170.0
v 0.0 190.0 170.0
v 10.0 190.0 160.0
v 10.0 180.0 160.0
v 0.0 180.0 160.0
v 0.0 190.0 160.0
f 785 786 787
f 785 787 788
f 789 790 791
f 789 791 792
f 790 789 787
f 790 787 786
f 791 785 788
f 791 788 792
f 791 790 786
f 791 786 785
f 792 788 787
f 792 787 789
v 0.0 180.0 190.0
v 10.0 180.0 190.0
v 10.0 190.0 190.0
v 0.0 190.0 190.0
v 10.0 190.0 180.0
v 10.0 180.0 180.0
v 0.0 180.0 180.0
v 0.0 190.0 180.0
f 793 794 795
f 793 795 796
f 797 798 799
f 797 799 800
f 798 797 795
f 798 795 794
f 799 793 796
f 799 796 800
f 799 798 794
f 799 794 793
f 800 796 795
f 800 795 797
v 20.0 0.0 10.0
v 30.0 0.0 10.0
v 30.0 10.0 10.0
v 20.0 10.0 10.0
v 30.0 10.0 0.0
v 30.0 0.0 0.0
v 20.0 0.0 0.0
v 20.0 10.0 0.0
f 801 802 803
f 801 803 804
f 805 806 807
f 805 807 808
f 806 805 803
f 806 803 802
f 807 801 804
f 807 804 808
f 807 806 802
f 807 802 801
f 808 804 803
f 808 803 805
v 20.0 0.0 30.0
v 30.0 0.0 30.0
v 30.0 10.0 30.0
v 20.0 10.0 30.0
v 30.0 10.0 20.0
v 30.0 0.0 20.0
v 20.0 0.0 20.0
v 20.0 10.0 20.0
f 809 810 811
f 809 811 812
f 813 814 815
f 813 815 816
f 814 813 811
f 814 811 810
f 815 809 812
f 815 812 816
f 815 814 810
f 815 810 809
f 816 812 811
f 816 811 813
v 20.0 0.0 50.0
v 30.0 0.0 50.0
v 30.0 10.0 50.0
v 20.0 10.0 50.0
v 30.0 10.0 40.0
v 30.0 0.0 40.0
v 20.0 0.0 40.0
v 20.0 10.0 40.0
f 817 818 819
f 817 819 820
f 821 822 823
f 821 823 824
f 822 821 819
f 822 819 818
f 823 817 820
f 823 820 824
f 823 822 818
f 823 818 817
f 824 820 819
f 824 819 821
v 20.0 0.0 70.0
v 30.0 0.0 70.0
v 30.0 10.0 70.0
v 20.0 10.0 70.0
v 30.0 10.0 60.0
v 30.0 0.0 60.0
v 20.0 0.0 60.0
v 20.0 10.0 60.0
f 825 826 827
f 825 827 828
f 829 830 831
f 829 831 832
f 830 829 827
f 830 827 826
f 831 825 828
f 831 828 832
f 831 830 826
f 831 826 825
f 832 828 827
f 832 827 829
v 20.0 0.0 90.0
v 30.0 0.0 90.0
v 30.0 10.0 90.0
v 20.0 10.0 90.0
v 30.0 10.0 80.0
v 30.0 0.0 80.0
v 20.0 0.0 80.0
v 20.0 10.0 80.0
f 833 834 835
f 833 835 836
f 837 838 839
f 837 839 840
f 838 837 835
f 838 835 834
f 839 833 836
f 839 836 840
f 839 838 834
f 839 834 833
f 840 836 835
f 840 835 837
v 20.0 0.0 110.0
v 30.0 0.0 110.0
v 30.0 10.0 110.0
v 20.0 10.0 110.0
v 30.0 10.0 100.0
v 30.0 0.0 100.0
v 20.0 0.0 100.0
v 20.0 10.0 100.0
f 841 842 843
f 841 843 844
f 845 846 847
f 845 847 848
f 846 845 843
f 846 843 842
f 847 841 844
f 847 844 848
f 847 846 842
f 847 842 841
f 848 844 843
f 848 843 845
v 20.0 0.0 130.0
v 30.0 0.0 130.0
v 30.0 10.0 130.0
v 20.0 10.0 130.0
v 30.0 10.0 120.0
v 30.0 0.0 120.0
v 20.0 0.0 120.0
v 20.0 10.0 120.0
f 849 850 851
f 849 851 852
f 853 854 855
f 853 855 856
f 854 853 851
f 854 851 850
f 855 849 852
f 855 852 856
f 855 854 850
f 855 850 849
f 856 852 851
f 856 851 853
v 20.0 0.0 150.0
v 30.0 0.0 150.0
v 30.0 10.0 150.0
v 20.0 10.0 150.0
v 30.0 10.0 140.0
v 30.0 0.0 140.0
v 20.0 0.0 140.0
v 20.0 10.0 140.0
f 857 858 859
f 857 859 860
f 861 862 863
f 861 863 864
f 862 861 859
f 862 859 858
f 863 857 860
f 863 860 864
f 863 862 858
f 863 858 857
f 864 860 859
f 864 859 861
v 20.0 0.0 170.0
v 30.0 0.0 170.0
v 30.0 10.0 170.0
v 20.0 10.0 170.0
v 30.0 10.0 160.0
v 30.0 0.0 160.0
v 20.0 0.0 160.0
v 20.0 10.0 160.0
f 865 866 867
f 865 867 868
f 869 870 871
f 869 871 872
f 870 869 867
f 870 867 866
f 871 865 868
f 871 868 872
f 871 870 866
f 871 866 865
f 872 868 867
f 872 867 869
v 20.0 0.0 190.0
v 30.0 0.0 190.0
v 30.0 10.0 190.0
v 20.0 10.0 190.0
v 30.0 10.0 180.0
v 30.0 0.0 180.0
v 20.0 0.0 180.0
v 20.0 10.0 180.0
f 873 874 875
f 873 875 876
f 877 878 879
f 877 879 880
f 878 877 875
f 878 875 874
f 879 873 876
f 879 876 880
f 879 878 874
f 879 874 873
f 880 876 875
f 880 875 877
v 20.0 20.0 10.0
v 30.0 20.0 10.0
v 30.0 30.0 10.0
v 20.0 30.0 10.0
v 30.0 30.0 0.0
v 30.0 20.0 0.0
v 20.0 20.0 0.0
v 20.0 30.0 0.0
f 881 882 883
f 881 883 884
f 885 886 887
f 885 887 888
f 886 885 883
f 886 883 882
f 887 881 884
f 887 884 888
f 887 886 882
f 887 882 881
f 888 884 883
f 888 883 885
v 20.0 20.0 30.0
v 30.0 20.0 30.0
v 30.0 30.0 30.0
v 20.0 30.0 30.0
v 30.0 30.0 20.0
v 30.0 20.0 20.0
v 20.0 20.0 20.0
v 20.0 30.0 20.0
f 889 890 891
f 889 891 892
f 893 894 895
f 893 895 896
f 894 893 891
f 894 891 890
f 895 889 892
f 895 892 896
f 895 894 890
f 895 890 889
f 896 892 891
f 896 891 893
v 20.0 20.0 50.0
v 30.0 20.0 50.0
v 30.0 30.0 50.0
v 20.0 30.0 50.0
v 30.0 30.0 40.0
v 30.0 20.0 40.0
v 20.0 20.0 40.0
v 20.0 30.0 40.0
f 897 898 899
f 897 899 900
f 901 902 903
f 901 903 904
f 902 901 899
f 902 899 898
f 903 897 900
f 903 900 904
f 903 902 898
f 903 898 897
f 904 900 899
f 904 899 901
v 20.0 20.0 70.0
v 30.0 20.0 70.0
v 30.0 30.0 70.0
v 20.0 30.0 70.0
v 30.0 30.0 60.0
v 30.0 20.0 60.0
v 20.0 20.0 60.0
v 20.0 30.0 60.0
f 905 906 907
f 905 907 908
f 909 910 911
f 909 911 912
f 910 909 907
f 910 907 906
f 911 905 908
f 911 908 912
f 911 910 906
f 911 906 905
f 912 908 907
f 912 907 909
v 20.0 20.0 90.0
v 30.0 20.0 90.0
v 30.0 30.0 90.0
v 20.0 30.0 90.0
v 30.0 30.0 80.0
v 30.0 20.0 80.0
v 20.0 20.0 80.0
v 20.0 30.0 80.0
f 913 914 915
f 913 915 916
f 917 918 919
f 917 919 920
f 918 917 915
f 918 915 914
f 919 913 916
f 919 916 920
f 919 918 914
f 919 914 913
f 920 916 915
f 920 915 917
v 20.0 20.0 110.0
v 30.0 20.0 110.0
v 30.0 30.0 110.0
v 20.0 30.0 110.0
v 30.0 30.0 100.0
v 30.0 20.0 100.0
v 20.0 20.0 100.0
v 20.0 30.0 100.0
f 921 922 923
f 921 923 924
f 925 926 927
f 925 927 928
f 926 925 923
f 926 923 922
f 927 921 924
f 927 924 928
f 927 926 922
f 927 922 921
f 928 924 923
f 928 923 925
v 20.0 20.0 130.0
v 30.0 20.0 130.0
v 30.0 30.0 130.0
v 20.0 30.0 130.0
v 30.0 30.0 120.0
v 30.0 20.0 120.0
v 20.0 20.0 120.0
v 20.0 30.0 120.0
f 929 930 931
f 929 931 932
f 933 934 935
f 933 935 936
f 934 933 931
f 934 931 930
f 935 929 932
f 935 932 936
f 935 934 930
f 935 930 929
f 936 932 931
f 936 931 933
v 20.0 20.0 150.0
v 30.0 20.0 150.0
v 30.0 30.0 150.0
v 20.0 30.0 150.0
v 30.0 30.0 140.0
v 30.0 20.0 140.0
v 20.0 20.0 140.0
v 20.0 30.0 140.0
f 937 938 939
f 937 939 940
f 941 942 943
f 941 943 944
f 942 941 939
f 942 939 938
f 943 937 940
f 943 940 944
f 943 942 938
f 943 938 937
f 944 940 939
f 944 939 941
v 20.0 20.0 170.0
v 30.0 20.0 170.0
v 30.0 30.0 170.0
v 20.0 30.0 170.0
v 30.0 30.0 160.0
v 30.0 20.0 160.0
v 20.0 20.0 160.0
v 20.0 30.0 160.0
f 945 946 947
f 945 947 948
f 949 950 951
f 949 951 952
f 950 949 947
f 950 947 946
f 951 945 948
f 951 948 952
f 951 950 946
f 951 946 945
f 952 948 947
f 952 947 949
v 20.0 20.0 190.0
v 30.0 20.0 190.0
v 30.0 30.0 190.0
v 20.0 30.0 190.0
v 30.0 30.0 180.0
v 30.0 20.0 180.0
v 20.0 20.0 180.0
v 20.0 30.0 180.0
f 953 954 955
f 953 955 956
f 957 958 959
f 957 959 960
f 958 957 955
f 958 955 954
f 959 953 956
f 959 956 960
f 959 958 954
f 959 954 953
f 960 956 955
f 960 955 957
v 20.0 40.0 10.0
v 30.0 40.0 10.0
v 30.0 50.0 10.0
v 20.0 50.0 10.0
v 30.0 50.0 0.0
v 30.0 40.0 0.0
v 20.0 40.0 0.0
v 20.0 50.0 0.0
f 961 962 963
f 961 963 964
f 965 966 967
f 965 967 968
f 966 965 963
f 966 963 962
f 967 961 964
f 967 964 968
f 967 966 962
f 967 962 961
f 968 964 963
f 968 963 965
v 20.0 40.0 30.0
v 30.0 40.0 30.0
v 30.0 50.0 30.0
v 20.0 50.0 30.0
v 30.0 50.0 20.0
v 30.0 40.0 20.0
v 20.0 40.0 20.0
v 20.0 50.0 20.0
f 969 970 971
f 969 971 972
f 973 974 975
f 973 975 976
f 974 973 971
f 974 971 970
f 975 969 972
f 975 972 976
f 975 974 970
f 975 970 969
f 976 972 971
f 976 971 973
v 20.0 40.0 50.0
v 30.0 40.0 50.0
v 30.0 50.0 50.0
v 20.0 50.0 50.0
v 30.0 50.0 40.0
v 30.0 40.0 40.0
v 20.0 40.0 40.0
v 20.0 50.0 40.0
f 977 978 979
f 977 979 980
f 981 982 983
f 981 983 984
f 982 981 979
f 982 979 978
f 983 977 980
f 983 980 984
f 983 982 978
f 983 978 977
f 984 980 979
f 984 979 981
v 20.0 40.0 70.0
v 30.0 40.0 70.0
v 30.0 50.0 70.0
v 20.0 50.0 70.0
v 30.0 50.0 60.0
v 30.0 40.0 60.0
v 20.0 40.0 60.0
v 20.0 50.0 60.0
f 985 986 987
f 985 987 988
f 989 990 991
f 989 991 992
f 990 989 987
f 990 987 986
f 991 985 988
f 991 988 992
f 991 990 986
f 991 986 985
f 992 988 987
f 992 987 989
v 20.0 40.0 90.0
v 30.0 40.0 90.0
v 30.0 50.0 90.0
v 20.0 50.0 90.0
v 30.0 50.0 80.0
v 30.0 40.0 80.0
v 20.0 40.0 80.0
v 20.0 50.0 80.0
f 993 994 995
f 993 995 996
f 997 998 999
f 997 999 1000
f 998 997 995
f 998 995 994
f 999 993 996
f 999 996 1000
f 999 998 994
f 999 994 993
f 1000 996 995
f 1000 995 997
v 20.0 40.0 110.0
v 30.0 40.0 110.0
v 30.0 50.0 110.0
v 20.0 50.0 110.0
v 30.0 50.0 100.0
v 30.0 40.0 100.0
v 20.0 40.0 100.0
v 20.0 50.0 100.0
f 1001 1002 1003
f 1001 1003 1004
f 1005 1006 1007
f 1005 1007 1008
f 1006 1005 1003
f 1006 1003 1002
f 1007 1001 1004
f 1007 1004 1008
f 1007 1006 1002
f 1007 1002 1001
f 1008 1004 1003
f 1008 1003 1005
v 20.0 40.0 130.0
v 30.0 40.0 130.0
v 30.0 50.0 130.0
v 20.0 50.0 130.0
v 30.0 50.0 120.0
v 30.0 40.0 120.0
v 20.0 40.0 120.0
v 20.0 50.0 120.0
f 1009 1010 1011
f 1009 1011 1012
f 1013 1014 1015
f 1013 1015 1016
f 1014 1013 1011
f 1014 1011 1010
f 1015 1009 1012
f 1015 1012 1016
f 1015 1014 1010
f 1015 1010 1009
f 1016 1012 1011
f 1016 1011 1013
v 20.0 40.0 150.0
v 30.0 40.0 150.0
v 30.0 50.0 150.0
v 20.0 50.0 150.0
v 30.0 50.0 140.0
v 30.0 40.0 140.0
v 20.0 40.0 140.0
v 20.0 50.0 140.0
f 1017 1018 1019
f 1017 1019 1020
f 1021 1022 1023
f 1021 1023 1024
f 1022 1021 1019
f 1022 1019 1018
f 1023 1017 1020
f 1023 1020 1024
f 1023 1022 1018
f 1023 1018 1017
f 1024 1020 1019
f 1024 1019 1021
v 20.0 40.0 170.0
v 30.0 40.0 170.0
v 30.0 50.0 170.0
v 20.0 50.0 170.0
v 30.0 50.0 160.0
v 30.0 40.0 160.0
v 20.0 40.0 160.0
v 20.0 50.0 160.0
f 1025 1026 1027
f 1025 1027 1028
f 1029 1030 1031
f 1029 1031 1032
f 1030 1029 1027
f 1030 1027 1026
f 1031 1025 1028
f 1031 1028 1032
f 1031 1030 1026
f 1031 1026 1025
f 1032 1028 1027
f 1032 1027 1029
v 20.0 40.0 190.0
v 30.0 40.0 190.0
v 30.0 50.0 190.0
v 20.0 50.0 190.0
v 30.0 50.0 180.0
v 30.0 40.0 180.0
v 20.0 40.0 180.0
v 20.0 50.0 180.0
f 1033 1034 1035
f 1033 1035 1036
f 1037 1038 1039
f 1037 1039 1040
f 1038 1037 1035
f 1038 1035 1034
f 1039 1033 1036
f 1039 1036 1040
f 1039 1038 1034
f 1039 1034 1033
f 1040 1036 1035
f 1040 1035 1037
v 20.0 60.0 10.0
v 30.0 60.0 10.0
v 30.0 70.0 10.0
v 20.0 70.0 10.0
v 30.0 70.0 0.0
v 30.0 60.0 0.0
v 20.0 60.0 0.0
v 20.0 70.0 0.0
f 1041 1042 1043
f 1041 1043 1044
f 1045 1046 1047
f 1045 1047 1048
f 1046 1045 1043
f 1046 1043 1042
f 1047 1041 1044
f 1047 1044 1048
f 1047 1046 1042
f 1047 1042 1041
f 1048 1044 1043
f 1048 1043 1045
v 20.0 60.0 30.0
v 30.0 60.0 30.0
v 30.0 70.0 30.0
v 20.0 70.0 30.0
v 30.0 70.0 20.0
v 30.0 60.0 20.0
v 20.0 60.0 20.0
v 20.0 70.0 20.0
f 1049 1050 1051
f 1049 1051 1052
f 1053 1054 1055
f 1053 1055 1056
f 1054 1053 1051
f 1054 1051 1050
f 1055 1049 1052
f 1055 1052 1056
f 1055 1054 1050
f 1055 1050 1049
f 1056 1052 1051
f 1056 1051 1053
v 20.0 60.0 50.0
v 30.0 60.0 50.0
v 30.0 70.0 50.0
v 20.0 70.0 50.0
v 30.0 70.0 40.0
v 30.0 60.0 40.0
v 20.0 60.0 40.0
v 20.0 70.0 40.0
f 1057 1058 1059
f 1057 1059 1060
f 1061 1062 1063
f 1061 1063 1064
f 1062 1061 1059
f 1062 1059 1058
f 1063 1057 1060
f 1063 1060 1064
f 1063 1062 1058
f 1063 1058 1057
f 1064 1060 1059
f 1064 1059 1061
v 20.0 60.0 70.0
v 30.0 60.0 70.0
v 30.0 70.0 70.0
v 20.0 70.0 70.0
v 30.0 70.0 60.0
v 30.0 60.0 60.0
v 20.0 60.0 60.0
v 20.0 70.0 60.0
f 1065 1066 1067
f 1065 1067 1068
f 1069 1070 1071
f 1069 1071 1072
f 1070 1069 1067
f 1070 1067 1066
f 1071 1065 1068
f 1071 1068 1072
f 1071 1070 1066
f 1071 1066 1065
f 1072 1068 1067
f 1072 1067 1069
v 20.0 60.0 90.0
v 30.0 60.0 90.0
v 30.0 70.0 90.0
v 20.0 70.0 90.0
v 30.0 70.0 80.0
v 30.0 60.0 80.0
v 20.0 60.0 80.0
v 20.0 70.0 80.0
f 1073 1074 1075
f 1073 1075 1076
f 1077 1078 1079
f 1077 1079 1080
f 1078 1077 1075
f 1078 1075 1074
f 1079 1073 1076
f 1079 1076 1080
f 1079 1078 1074
f 1079 1074 1073
f 1080 1076 1075
f 1080 1075 1077
v 20.0 60.0 110.0
v 30.0 60.0 110.0
v 30.0 70.0 110.0
v 20.0 70.0 110.0
v 30.0 70.0 100.0
v 30.0 60.0 100.0
v 20.0 60.0 100.0
v 20.0 70.0 100.0
f 1081 1082 1083
f 1081 1083 1084
f 1085 1086 1087
f 1085 1087 1088
f 1086 1085 1083
f 1086 1083 1082
f 1087 1081 1084
f 1087 1084 1088
f 1087 1086 1082
f 1087 1082 1081
f 1088 1084 1083
f 1088 1083 1085
v 20.0 60.0 130.0
v 30.0 60.0 130.0
v 30.0 70.0 130.0
v 20.0 70.0 130.0
v 30.0 70.0 120.0
v 30.0 60.0 120.0
v 20.0 60.0 120.0
v 20.0 70.0 120.0
f 1089 1090 1091
f 1089 1091 1092
f 1093 1094 1095
f 1093 1095 1096
f 1094 1093 1091
f 1094 1091 1090
f 1095 1089 1092
f 1095 1092 1096
f 1095 1094 1090
f 1095 1090 1089
f 1096 1092 1091
f 1096 1091 1093
v 20.0 60.0 150.0
v 30.0 60.0 150.0
v 30.0 70.0 150.0
v 20.0 70.0 150.0
v 30.0 70.0 140.0
v 30.0 60.0 140.0
v 20.0 60.0 140.0
v 20.0 70.0 140.0
f 1097 1098 1099
f 1097 1099 1100
f 1101 1102 1103
f 1101 1103 1104
f 1102 1101 1099
f 1102 1099 1098
f 1103 1097 1100
f 1103 1100 1104
f 1103 1102 1098
f 1103 1098 1097
f 1104 1100 1099
f 1104 1099 1101
v 20.0 60.0 170.0
v 30.0 60.0 170.0
v 30.0 70.0 170.0
v 20.0 70.0 170.0
v 30.0 70.0 160.0
v 30.0 60.0 160.0
v 20.0 60.0 160.0
v 20.0 70.0 160.0
f 1105 1106 1107
f 1105 1107 1108
f 1109 1110 1111
f 1109 1111 1112
f 1110 1109 1107
f 1110 1107 1106
f 1111 1105 1108
f 1111 1108 1112
f 1111 1110 1106
f 1111 1106 1105
f 1112 1108 1107
f 1112 1107 1109
v 20.0 60.0 190.0
v 30.0 60.0 190.0
v 30.0 70.0 190.0
v 20.0 70.0 190.0
v 30.0 70.0 180.0
v 30.0 60.0 180.0
v 20.0 60.0 180.0
v 20.0 70.0 180.0
f 1113 1114 1115
f 1113 1115 1116
f 1117 1118 1119
f 1117 1119 1120
f 1118 1117 1115
f 1118 1115 1114
f 1119 1113 1116
f 1119 1116 1120
f 1119 1118 1114
f 1119 1114 1113
f 1120 1116 1115
f 1120 1115 1117
v 20.0 80.0 10.0
v 30.0 80.0 10.0
v 30.0 90.0 10.0
v 20.0 90.0 10.0
v 30.0 90.0 0.0
v 30.0 80.0 0.0
v 20.0 80.0 0.0
v 20.0 90.0 0.0
f 1121 1122 1123
f 1121 1123 1124
f 1125 1126 1127
f 1125 1127 1128
f 1126 1125 1123
f 1126 1123 1122
f 1127 1121 1124
f 1127 1124 1128
f 1127 1126 1122
f 1127 1122 1121
f 1128 1124 1123
f 1128 1123 1125
v 20.0 80.0 30.0
v 30.0 80.0 30.0
v 30.0 90.0 30.0
v 20.0 90.0 30.0
v 30.0 90.0 20.0
v 30.0 80.0 20.0
v 20.0 80.0 20.0
v 20.0 90.0 20.0
f 1129 1130 1131
f 1129 1131 1132
f 1133 1134 1135
f 1133 1135 1136
f 1134 1133 1131
f 1134 1131 1130
f 1135 1129 1132
f 1135 1132 1136
f 1135 1134 1130
f 1135 1130 1129
f 1136 1132 1131
f 1136 1131 1133
v 20.0 80.0 50.0
v 30.0 80.0 50.0
v 30.0 90.0 50.0
v 20.0 90.0 50.0
v 30.0 90.0 40.0
v 30.0 80.0 40.0
v 20.0 80.0 40.0
v 20.0 90.0 40.0
f 1137 1138 1139
f 1137 1139 1140
f 1141 1142 1143
f 1141 1143 1144
f 1142 1141 1139
f 1142 1139 1138
f 1143 1137 1140
f 1143 1140 1144
f 1143 1142 1138
f 1143 1138 1137
f 1144 1140 1139
f 1144 1139 1141
v 20.0 80.0 70.0
v 30.0 80.0 70.0
v 30.0 90.0 70.0
v 20.0 90.0 70.0
v 30.0 90.0 60.0
v 30.0 80.0 60.0
v 20.0 80.0 60.0
v 20.0 90.0 60.0
f 1145 1146 1147
f 1145 1147 1148
f 1149 1150 1151
f 1149 1151 1152
f 1150 1149 1147
f 1150 1147 1146
f 1151 1145 1148
f 1151 1148 1152
f 1151 1150 1146
f 1151 1146 1145
f 1152 1148 1147
f 1152 1147 1149
v 20.0 80.0 90.0
v 30.0 80.0 90.0
v 30.0 90.0 90.0
v 20.0 90.0 90.0
v 30.0 90.0 80.0
v 30.0 80.0 80.0
v 20.0 80.0 80.0
v 20.0 90.0 80.0
f 1153 1154 1155
f 1153 1155 1156
f 1157 1158 1159
f 1157 1159 1160
f 1158 1157 1155
f 1158 1155 1154
f 1159 1153 1156
f 1159 1156 1160
f 1159 1158 1154
f 1159 1154 1153
f 1160 1156 1155
f 1160 1155 1157
v 20.0 80.0 110.0
v 30.0 80.0 110.0
v 30.0 90.0 110.0
v 20.0 90.0 110.0
v 30.0 90.0 100.0
v 30.0 80.0 100.0
v 20.0 80.0 100.0
v 20.0 90.0 100.0
f 1161 1162 1163
f 1161 1163 1164
f 1165 1166 1167
f 1165 1167 1168
f 1166 1165 1163
f 1166 1163 1162
f 1167 1161 1164
f 1167 1164 1168
f 1167 1166 1162
f 1167 1162 1161
f 1168 1164 1163
f 1168 1163 1165
v 20.0 80.0 130.0
v 30.0 80.0 130.0
v 30.0 90.0 130.0
v 20.0 90.0 130.0
v 30.0 90.0 120.0
v 30.0 80.0 120.0
v 20.0 80.0 120.0
v 20.0 90.0 120.0
f 1169 1170 1171
f 1169 1171 1172
f 1173 1174 1175
f 1173 1175 1176
f 1174 1173 1171
f 1174 1171 1170
f 1175 1169 1172
f 1175 1172 1176
f 1175 1174 1170
f 1175 1170 1169
f 1176 1172 1171
f 1176 1171 1173
v 20.0 80.0 150.0
v 30.0 80.0 150.0
v 30.0 90.0 150.0
v 20.0 90.0 150.0
v 30.0 90.0 140.0
v 30.0 80.0 140.0
v 20.0 80.0 140.0
v 20.0 90.0 140.0
f 1177 1178 1179
f 1177 1179 1180
f 1181 1182 1183
f 1181 1183 1184
f 1182 1181 1179
f 1182 1179 1178
f 1183 1177 1180
f 1183 1180 1184
f 1183 1182 1178
f 1183 1178 1177
f 1184 1180 1179
f 1184 1179 1181
v 20.0 80.0 170.0
v 30.0 80.0 170.0
v 30.0 90.0 170.0
v 20.0 90.0 170.0
v 30.0 90.0 160.0
v 30.0 80.0 160.0
v 20.0 80.0 160.0
v 20.0 90.0 160.0
f 1185 1186 1187
f 1185 1187 1188
f 1189 1190 1191
f 1189 1191 1192
f 1190 1189 1187
f 1190 1187 1186
f 1191 1185 1188
f 1191 1188 1192
f 1191 1190 1186
f 1191 1186 1185
f 1192 1188 1187
f 1192 1187 1189
v 20.0 80.0 190.0
v 30.0 80.0 190.0
v 30.0 90.0 190.0
v 20.0 90.0 190.0
v 30.0 90.0 180.0
v 30.0 80.0 180.0
v 20.0 80.0 180.0
v 20.0 90.0 180.0
f 1193 1194 1195
f 1193 1195 1196
f 1197 1198 1199
f 1197 1199 1200
f 1198 1197 1195
f 1198 1195 1194
f 1199 1193 1196
f 1199 1196 1200
f 1199 1198 1194
f 1199 1194 1193
f 1200 1196 1195
f 1200 1195 1197
v 20.0 100.0 10.0
v 30.0 100.0 10.0
v 30.0 110.0 10.0
v 20.0 110.0 10.0
v 30.0 110.0 0.0
v 30.0 100.0 0.0
v 20.0 100.0 0.0
v 20.0 110.0 0.0
f 1201 1202 1203
f 1201 1203 1204
f 1205 1206 1207
f 1205 1207 1208
f 1206 1205 1203
f 1206 1203 1202
f 1207 1201 1204
f 1207 1204 1208
f 1207 1206 1202
f 1207 1202 1201
f 1208 1204 1203
f 1208 1203 1205
v 20.0 100.0 30.0
v 30.0 100.0 30.0
v 30.0 110.0 30.0
v 20.0 110.0 30.0
v 30.0 110.0 20.0
v 30.0 100.0 20.0
v 20.0 100.0 20.0
v 20.0 110.0 20.0
f 1209 1210 1211
f 1209 1211 1212
f 1213 1214 1215
f 1213 1215 1216
f 1214 1213 1211
f 1214 1211 1210
f 1215 1209 1212
f 1215 1212 1216
f 1215 1214 1210
f 1215 1210 1209
f 1216 1212 1211
f 1216 1211 1213
v 20.0 100.0 50.0
v 30.0 100.0 50.0
v 30.0 110.0 50.0
v 20.0 110.0 50.0
v 30.0 110.0 40.0
v 30.0 100.0 40.0
v 20.0 100.0 40.0
v 20.0 110.0 40.0
f 1217 1218 1219
f 1217 1219 1220
f 1221 1222 1223
f 1221 1223 1224
f 1222 1221 1219
f 1222 1219 1218
f 1223 1217 1220
f 1223 1220 1224
f 1223 1222 1218
f 1223 1218 1217
f 1224 1220 1219
f 1224 1219 1221
v 20.0 100.0 70.0
v 30.0 100.0 70.0
v 30.0 110.0 70.0
v 20.0 110.0 70.0
v 30.0 110.0 60.0
v 30.0 100.0 60.0
v 20.0 100.0 60.0
v 20.0 110.0 60.0
f 1225 1226 1227
f 1225 1227 1228
f 1229 1230 1231
f 1229 1231 1232
f 1230 1229 1227
f 1230 1227 1226
f 1231 1225 1228
f 1231 1228 1232
f 1231 1230 1226
f 1231 1226 1225
f 1232 1228 1227
f 1232 1227 1229
v 20.0 100.0 90.0
v 30.0 100.0 90.0
v 30.0 110.0 90.0
v 20.0 110.0 90.0
v 30.0 110.0 80.0
v 30.0 100.0 80.0
v 20.0 100.0 80.0
v 20.0 110.0 80.0
f 1233 1234 1235
f 1233 1235 1236
f 1237 1238 1239
f 1237 1239 1240
f 1238 1237 1235
f 1238 1235 1234
f 1239 1233 1236
f 1239 1236 1240
f 1239 1238 1234
f 1239 1234 1233
f 1240 1236 1235
f 1240 1235 1237
v 20.0 100.0 110.0
v 30.0 100.0 110.0
v 30.0 110.0 110.0
v 20.0 110.0 110.0
v 30.0 110.0 100.0
v 30.0 100.0 100.0
v 20.0 100.0 100.0
v 20.0 110.0 100.0
f 1241 1242 1243
f 1241 1243 1244
f 1245 1246 1247
f 1245 1247 1248
f 1246 1245 1243
f 1246 1243 1242
f 1247 1241 1244
f 1247 1244 1248
f 1247 1246 1242
f 1247 1242 1241
f 1248 1244 1243
f 1248 1243 1245
v 20.0 100.0 130.0
v 30.0 100.0 130.0
v 30.0 110.0 130.0
v 20.0 110.0 130.0
v 30.0 110.0 120.0
v 30.0 100.0 120.0
v 20.0 100.0 120.0
v 20.0 110.0 120.0
f 1249 1250 1251
f 1249 1251 1252
f 1253 1254 1255
f 1253 1255 1256
f 1254 1253 1251
f 1254 1251 1250
f 1255 1249 1252
f 1255 1252 1256
f 1255 1254 1250
f 1255 1250 1249
f 1256 1252 1251
f 1256 1251 1253
v 20.0 100.0 150.0
v 30.0 100.0 150.0
v 30.0 110.0 150.0
v 20.0 110.0 150.0
v 30.0 110.0 140.0
v 30.0 100.0 140.0
v 20.0 100.0 140.0
v 20.0 110.0 140.0
f 1257 1258 1259
f 1257 1259 1260
f 1261 1262 1263
f 1261 1263 1264
f 1262 1261 1259
f 1262 1259 1258
f 1263 1257 1260
f 1263 1260 1264
f 1263 1262 1258
f 1263 1258 1257
f 1264 1260 1259
f 1264 1259 1261
v 20.0 100.0 170.0
v 30.0 100.0 170.0
v 30.0 110.0 170.0
v 20.0 110.0 170.0
v 30.0 110.0 160.0
v 30.0 100.0 160.0
v 20.0 100.0 160.0
v 20.0 110.0 160.0
f 1265 1266 1267
f 1265 1267 1268
f 1269 1270 1271
f 1269 1271 1272
f 1270 1269 1267
f 1270 1267 1266
f 1271 1265 1268
f 1271 1268 1272
f 1271 1270 1266
f 1271 1266 1265
f 1272 1268 1267
f 1272 1267 1269
v 20.0 100.0 190.0
v 30.0 100.0 190.0
v 30.0 110.0 190.0
v 20.0 110.0 190.0
v 30.0 110.0 180.0
v 30.0 100.0 180.0
v 20.0 100.0 180.0
v 20.0 110.0 180.0
f 1273 1274 1275
f 1273 1275 1276
f 1277 1278 1279
f 1277 1279 1280
f 1278 1277 1275
f 1278 1275 1274
f 1279 1273 1276
f 1279 1276 1280
f 1279 1278 1274
f 1279 1274 1273
f 1280 1276 1275
f 1280 1275 1277
v 20.0 120.0 10.0
v 30.0 120.0 10.0
v 30.0 130.0 10.0
v 20.0 130.0 10.0
v 30.0 130.0 0.0
v 30.0 120.0 0.0
v 20.0 120.0 0.0
v 20.0 130.0 0.0
f 1281 1282 1283
f 1281 1283 1284
f 1285 1286 1287
f 1285 1287 1288
f 1286 1285 1283
f 1286 1283 1282
f 1287 1281 1284
f 1287 1284 1288
f 1287 1286 1282
f 1287 1282 1281
f 1288 1284 1283
f 1288 1283 1285
v 20.0 120.0 30.0
v 30.0 120.0 30.0
v 30.0 130.0 30.0
v 20.0 130.0 30.0
v 30.0 130.0 20.0
v 30.0 120.0 20.0
v 20.0 120.0 20.0
v 20.0 130.0 20.0
f 1289 1290 1291
f 1289 1291 1292
f 1293 1294 1295
f 1293 1295 1296
f 1294 1293 1291
f 1294 1291 1290
f 1295 1289 1292
f 1295 1292 1296
f 1295 1294 1290
f 1295 1290 1289
f 1296 1292 1291
f 1296 1291 1293
v 20.0 120.0 50.0
v 30.0 120.0 50.0
v 30.0 130.0 50.0
v 20.0 130.0 50.0
v 30.0 130.0 40.0
v 30.0 120.0 40.0
v 20.0 120.0 40.0
v 20.0 130.0 40.0
f 1297 1298 1299
f 1297 1299 1300
f 1301 1302 1303
f 1301 1303 1304
f 1302 1301 1299
f 1302 1299 1298
f 1303 1297 1300
f 1303 1300 1304
f 1303 1302 1298
f 1303 1298 1297
f 1304 1300 1299
f 1304 1299 1301
v 20.0 120.0 70.0
v 30.0 120.0 70.0
v 30.0 130.0 70.0
v 20.0 130.0 70.0
v 30.0 130.0 60.0
v 30.0 120.0 60.0
v 20.0 120.0 60.0
v 20.0 130.0 60.0
f 1305 1306 1307
f 1305 1307 1308
f 1309 1310 1311
f 1309 1311 1312
f 1310 1309 1307
f 1310 1307 1306
f 1311 1305 1308
f 1311 1308 1312
f 1311 1310 1306
f 1311 1306 1305
f 1312 1308 1307
f 1312 1307 1309
v 20.0 120.0 90.0
v 30.0 120.0 90.0
v 30.0 130.0 90.0
v 20.0 130.0 90.0
v 30.0 130.0 80.0
v 30.0 120.0 80.0
v 20.0 120.0 80.0
v 20.0 130.0 80.0
f 1313 1314 1315
f 1313 1315 1316
f 1317 1318 1319
f 1317 1319 1320
f 1318 1317 1315
f 1318 1315 1314
f 1319 1313 1316
f 1319 1316 1320
f 1319 1318 1314
f 1319 1314 1313
f 1320 1316 1315
f 1320 1315 1317
v 20.0 120.0 110.0
v 30.0 120.0 110.0
v 30.0 130.0 110.0
v 20.0 130.0 110.0
v 30.0 130.0 100.0
v 30.0 120.0 100.0
v 20.0 120.0 100.0
v 20.0 130.0 100.0
f 1321 1322 1323
f 1321 1323 1324
f 1325 1326 1327
f 1325 1327 1328
f 1326 1325 1323
f 1326 1323 1322
f 1327 1321 1324
f 1327 1324 1328
f 1327 1326 1322
f 1327 1322 1321
f 1328 1324 1323
f 1328 1323 1325
v 20.0 120.0 130.0
v 30.0 120.0 130.0
v 30.0 130.0 130.0
v 20.0 130.0 130.0
v 30.0 130.0 120.0
v 30.0 120.0 120.0
v 20.0 120.0 120.0
v 20.0 130.0 120.0
f 1329 1330 1331
f 1329 1331 1332
f 1333 1334 1335
f 1333 1335 1336
f 1334 1333 1331
f 1334 1331 1330
f 1335 1329 1332
f 1335 1332 1336
f 1335 1334 1330
f 1335 1330 1329
f 1336 1332 1331
f 1336 1331 1333
v 20.0 120.0 150.0
v 30.0 120.0 150.0
v 30.0 130.0 150.0
v 20.0 130.0 150.0
v 30.0 130.0 140.0
v 30.0 120.0 140.0
v 20.0 120.0 140.0
v 20.0 130.0 140.0
f 1337 1338 1339
f 1337 1339 1340
f 1341 1342 1343
f 1341 1343 1344
f 1342 1341 1339
f 1342 1339 1338
f 1343 1337 1340
f 1343 1340 1344
f 1343 1342 1338
f 1343 1338 1337
f 1344 1340 1339
f 1344 1339 1341
v 20.0 120.0 170.0
v 30.0 120.0 170.0
v 30.0 130.0 170.0
v 20.0 130.0 170.0
v 30.0 130.0 160.0
v 30.0 120.0 160.0
v 20.0 120.0 160.0
v 20.0 130.0 160.0
f 1345 1346 1347
f 1345 1347 1348
f 1349 1350 1351
f 1349 1351 1352
f 1350 1349 1347
f 1350 1347 1346
f 1351 1345 1348
f 1351 1348 1352
f 1351 1350 1346
f 1351 1346 1345
f 1352 1348 1347
f 1352 1347 1349
v 20.0 120.0 190.0
v 30.0 120.0 190.0
v 30.0 130.0 190.0
v 20.0 130.0 190.0
v 30.0 130.0 180.0
v 30.0 120.0 180.0
v 20.0 120.0 180.0
v 20.0 130.0 180.0
f 1353 1354 1355
f 1353 1355 1356
f 1357 1358 1359
f 1357 1359 1360
f 1358 1357 1355
f 1358 1355 1354
f 1359 1353 1356
f 1359 1356 1360
f 1359 1358 1354
f 1359 1354 1353
f 1360 1356 1355
f 1360 1355 1357
v 20.0 140.0 10.0
v 30.0 140.0 10.0
v 30.0 150.0 10.0
v 20.0 150.0 10.0
v 30.0 150.0 0.0
v 30.0 140.0 0.0
v 20.0 140.0 0.0
v 20.0 150.0 0.0
f 1361 1362 1363
f 1361 1363 1364
f 1365 1366 1367
f 1365 1367 1368
f 1366 1365 1363
f 1366 1363 1362
f 1367 1361 1364
f 1367 1364 1368
f 1367 1366 1362
f 1367 1362 1361
f 1368 1364 1363
f 1368 1363 1365
v 20.0 140.0 30.0
v 30.0 140.0 30.0
v 30.0 150.0 30.0
v 20.0 150.0 30.0
v 30.0 150.0 20.0
v 30.0 140.0 20.0
v 20.0 140.0 20.0
v 20.0 150.0 20.0
f 1369 1370 1371
f 1369 1371 1372
f 1373 1374 1375
f 1373 1375 1376
f 1374 1373 1371
f 1374 1371 1370
f 1375 1369 1372
f 1375 1372 1376
f 1375 1374 1370
f 1375 1370 1369
f 1376 1372 1371
f 1376 1371 1373
v 20.0 140.0 50.0
v 30.0 140.0 50.0
v 30.0 150.0 50.0
v 20.0 150.0 50.0
v 30.0 150.0 40.0
v 30.0 140.0 40.0
v 20.0 140.0 40.0
v 20.0 150.0 40.0
f 1377 1378 1379
f 1377 1379 1380
f 1381 1382 1383
f 1381 1383 1384
f 1382 1381 1379
f 1382 1379 1378
f 1383 1377 1380
f 1383 1380 1384
f 1383 1382 1378
f 1383 1378 1377
f 1384 1380 1379
f 1384 1379 1381
v 20.0 140.0 70.0
v 30.0 140.0 70.0
v 30.0 150.0 70.0
v 20.0 150.0 70.0
v 30.0 150.0 60.0
v 30.0 140.0 60.0
v 20.0 140.0 60.0
v 20.0 150.0 60.0
f 1385 1386 1387
f 1385 1387 1388
f 1389 1390 1391
f 1389 1391 1392
f 1390 1389 1387
f 1390 1387 1386
f 1391 1385 1388
f 1391 1388 1392
f 1391 1390 1386
f 1391 1386 1385
f 1392 1388 1387
f 1392 1387 1389
v 20.0 140.0 90.0
v 30.0 140.0 90.0
v 30.0 150.0 90.0
v 20.0 150.0 90.0
v 30.0 150.0 80.0
v 30.0 140.0 80.0
v 20.0 140.0 80.0
v 20.0 150.0 80.0
f 1393 1394 1395
f 1393 1395 1396
f 1397 1398 1399
f 1397 1399 1400
f 1398 1397 1395
f 1398 1395 1394
f 1399 1393 1396
f 1399 1396 1400
f 1399 1398 1394
f 1399 1394 1393
f 1400 1396 1395
f 1400 1395 1397
v 20.0 140.0 110.0
v 30.0 140.0 110.0
v 30.0 150.0 110.0
v 20.0 150.0 110.0
v 30.0 150.0 100.0
v 30.0 140.0 100.0
v 20.0 140.0 100.0
v 20.0 150.0 100.0
f 1401 1402 1403
f 1401 1403 1404
f 1405 1406 1407
f 1405 1407 1408
f 1406 1405 1403
f 1406 1403 1402
f 1407 1401 1404
f 1407 1404 1408
f 1407 1406 1402
f 1407 1402 1401
f 1408 1404 1403
f 1408 1403 1405
v 20.0 140.0 130.0
v 30.0 140.0 130.0
v 30.0 150.0 130.0
v 20.0 150.0 130.0
v 30.0 150.0 120.0
v 30.0 140.0 120.0
v 20.0 140.0 120.0
v 20.0 150.0 120.0
f 1409 1410 1411
f 1409 1411 1412
f 1413 1414 1415
f 1413 1415 1416
f 1414 1413 1411
f 1414 1411 1410
f 1415 1409 1412
f 1415 1412 1416
f 1415 1414 1410
f 1415 1410 1409
f 1416 1412 1411
f 1416 1411 1413
v 20.0 140.0 150.0
v 30.0 140.0 150.0
v 30.0 150.0 150.0
v 20.0 150.0 150.0
v 30.0 150.0 140.0
v 30.0 140.0 140.0
v 20.0 140.0 140.0
v 20.0 150.0 140.0
f 1417 1418 1419
f 1417 1419 1420
f 1421 1422 1423
f 1421 1423 1424
f 1422 1421 1419
f 1422 1419 1418
f 1423 1417 1420
f 1423 1420 1424
f 1423 1422 1418
f 1423 1418 1417
f 1424 1420 1419
f 1424 1419 1421
v 20.0 140.0 170.0
v 30.0 140.0 170.0
v 30.0 150.0 170.0
v 20.0 150.0 170.0
v 30.0 150.0 160.0
v 30.0 140.0 160.0
v 20.0 140.0 160.0
v 20.0 150.0 160.0
f 1425 1426 1427
f 1425 1427 1428
f 1429 1430 1431
f 1429 1431 1432
f 1430 1429 1427
f 1430 1427 1426
f 1431 1425 1428
f 1431 1428 1432
f 1431 1430 1426
f 1431 1426 1425
f 1432 1428 1427
f 1432 1427 1429
v 20.0 140.0 190.0
v 30.0 140.0 190.0
v 30.0 150.0 190.0
v 20.0 150.0 190.0
v 30.0 150.0 180.0
v 30.0 140.0 180.0
v 20.0 140.0 180.0
v 20.0 150.0 180.0
f 1433 1434 1435
f 1433 1435 1436
f 1437 1438 1439
f 1437 1439 1440
f 1438 1437 1435
f 1438 1435 1434
f 1439 1433 1436
f 1439 1436 1440
f 1439 1438 1434
f 1439 1434 1433
f 1440 1436 1435
f 1440 1435 1437
v 20.0 160.0 10.0
v 30.0 160.0 10.0
v 30.0 170.0 10.0
v 20.0 170.0 10.0
v 30.0 170.0 0.0
v 30.0 160.0 0.0
v 20.0 160.0 0.0
v 20.0 170.0 0.0
f 1441 1442 1443
f 1441 1443 1444
f 1445 1446 1447
f 1445 1447 1448
f 1446 1445 1443
f 1446 1443 1442
f 1447 1441 1444
f 1447 1444 1448
f 1447 1446 1442
f 1447 1442 1441
f 1448 1444 1443
f 1448 1443 1445
v 20.0 160.0 30.0
v 30.0 160.0 30.0
v 30.0 170.0 30.0
v 20.0 170.0 30.0
v 30.0 170.0 20.0
v 30.0 160.0 20.0
v 20.0 160.0 20.0
v 20.0 170.0 20.0
f 1449 1450 1451
f 1449 1451 1452
f 1453 1454 1455
f 1453 1455 1456
f 1454 1453 1451
f 1454 1451 1450
f 1455 1449 1452
f 1455 1452 1456
f 1455 1454 1450
f 1455 1450 1449
f 1456 1452 1451
f 1456 1451 1453
v 20.0 160.0 50.0
v 30.0 160.0 50.0
v 30.0 170.0 50.0
v 20.0 170.0 50.0
v 30.0 170.0 40.0
v 30.0 160.0 40.0
v 20.0 160.0 40.0
v 20.0 170.0 40.0
f 1457 1458 1459
f 1457 1459 1460
f 1461 1462 1463
f 1461 1463 1464
f 1462 1461 1459
f 1462 1459 1458
f 1463 1457 1460
f 1463 1460 1464
f 1463 1462 1458
f 1463 1458 1457
f 1464 1460 1459
f 1464 1459 1461
v 20.0 160.0 70.0
v 30.0 160.0 70.0
v 30.0 170.0 70.0
v 20.0 170.0 70.0
v 30.0 170.0 60.0
v 30.0 160.0 60.0
v 20.0 160.0 60.0
v 20.0 170.0 60.0
f 1465 1466 1467
f 1465 1467 1468
f 1469 1470 1471
f 1469 1471 1472
f 1470 1469 1467
f 1470 1467 1466
f 1471 1465 1468
f 1471 1468 1472
f 1471 1470 1466
f 1471 1466 1465
f 1472 1468 1467
f 1472 1467 1469
v 20.0 160.0 90.0
v 30.0 160.0 90.0
v 30.0 170.0 90.0
v 20.0 170.0 90.0
v 30.0 170.0 80.0
v 30.0 160.0 80.0
v 20.0 160.0 80.0
v 20.0 170.0 80.0
f 1473 1474 1475
f 1473 1475 1476
f 1477 1478 1479
f 1477 1479 1480
f 1478 1477 1475
f 1478 1475 1474
f 1479 1473 1476
f 1479 1476 1480
f 1479 1478 1474
f 1479 1474 1473
f 1480 1476 1475
f 1480 1475 1477
v 20.0 160.0 110.0
v 30.0 160.0 110.0
v 30.0 170.0 110.0
v 20.0 170.0 110.0
v 30.0 170.0 100.0
v 30.0 160.0 100.0
v 20.0 160.0 100.0
v 20.0 170.0 100.0
f 1481 1482 1483
f 1481 1483 1484
f 1485 1486 1487
f 1485 1487 1488
f 1486 1485 1483
f 1486 1483 1482
f 1487 1481 1484
f 1487 1484 1488
f 1487 1486 1482
f 1487 1482 1481
f 1488 1484 1483
f 1488 1483 1485
v 20.0 160.0 130.0
v 30.0 160.0 130.0
v 30.0 170.0 130.0
v 20.0 170.0 130.0
v 30.0 170.0 120.0
v 30.0 160.0 120.0
v 20.0 160.0 120.0
v 20.0 170.0 120.0
f 1489 1490 1491
f 1489 1491 1492
f 1493 1494 1495
f 1493 1495 1496
f 1494 1493 1491
f 1494 1491 1490
f 1495 1489 1492
f 1495 1492 1496
f 1495 1494 1490
f 1495 1490 1489
f 1496 1492 1491
f 1496 1491 1493
v 20.0 160.0 150.0
v 30.0 160.0 150.0
v 30.0 170.0 150.0
v 20.0 170.0 150.0
v 30.0 170.0 140.0
v 30.0 160.0 140.0
v 20.0 160.0 140.0
v 20.0 170.0 140.0
f 1497 1498 1499
f 1497 1499 1500
f 1501 1502 1503
f 1501 1503 1504
f 1502 1501 1499
f 1502 1499 1498
f 1503 1497 1500
f 1503 1500 1504
f 1503 1502 1498
f 1503 1498 1497
f 1504 1500 1499
f 1504 1499 1501
v 20.0 160.0 170.0
v 30.0 160.0 170.0
v 30.0 170.0 170.0
v 20.0 170.0 170.0
v 30.0 170.0 160.0
v 30.0 160.0 160.0
v 20.0 160.0 160.0
v 20.0 170.0 160.0
f 1505 1506 1507
f 1505 1507 1508
f 1509 1510 1511
f 1509 1511 1512
f 1510 1509 1507
f 1510 1507 1506
f 1511 1505 1508
f 1511 1508 1512
f 1511 1510 1506
f 1511 1506 1505
f 1512 1508 1507
f 1512 1507 1509
v 20.0 160.0 190.0
v 30.0 160.0 190.0
v 30.0 170.0 190.0
v 20.0 170.0 190.0
v 30.0 170.0 180.0
v 30.0 160.0 180.0
v 20.0 160.0 180.0
v 20.0 170.0 180.0
f 1513 1514 1515
f 1513 1515 1516
f 1517 1518 1519
f 1517 1519 1520
f 1518 1517 1515
f 1518 1515 1514
f 1519 1513 1516
f 1519 1516 1520
f 1519 1518 1514
f 1519 1514 1513
f 1520 1516 1515
f 1520 1515 1517
v 20.0 180.0 10.0
v 30.0 180.0 10.0
v 30.0 190.0 10.0
v 20.0 190.0 10.0
v 30.0 190.0 0.0
v 30.0 180.0 0.0
v 20.0 180.0 0.0
v 20.0 190.0 0.0
f 1521 1522 1523
f 1521 1523 1524
f 1525 1526 1527
f 1525 1527 1528
f 1526 1525 1523
f 1526 1523 1522
f 1527 1521 1524
f 1527 1524 1528
f 1527 1526 1522
f 1527 1522 1521
f 1528 1524 1523
f 1528 1523 1525
v 20.0 180.0 30.0
v 30.0 180.0 30.0
v 30.0 190.0 30.0
v 20.0 190.0 30.0
v 30.0 190.0 20.0
v 30.0 180.0 20.0
v 20.0 180.0 20.0
v 20.0 190.0 20.0
f 1529 1530 1531
f 1529 1531 1532
f 1533 1534 1535
f 1533 1535 1536
f 1534 1533 1531
f 1534 1531 1530
f 1535 1529 1532
f 1535 1532 1536
f 1535 1534 1530
f 1535 1530 1529
f 1536 1532 1531
f 1536 1531 1533
v 20.0 180.0 50.0
v 30.0 180.0 50.0
v 30.0 190.0 50.0
v 20.0 190.0 50.0
v 30.0 190.0 40.0
v 30.0 180.0 40.0
v 20.0 180.0 40.0
v 20.0 190.0 40.0
f 1537 1538 1539
f 1537 1539 1540
f 1541 1542 1543
f 1541 1543 1544
f 1542 1541 1539
f 1542 1539 1538
f 1543 1537 1540
f 1543 1540 1544
f 1543 1542 1538
f 1543 1538 1537
f 1544 1540 1539
f 1544 1539 1541
v 20.0 180.0 70.0
v 30.0 180.0 70.0
v 30.0 190.0 70.0
v 20.0 190.0 70.0
v 30.0 190.0 60.0
v 30.0 180.0 60.0
v 20.0 180.0 60.0
v 20.0 190.0 60.0
f 1545 1546 1547
f 1545 1547 1548
f 1549 1550 1551
f 1549 1551 1552
f 1550 1549 1547
f 1550 1547 1546
f 1551 1545 1548
f 1551 1548 1552
f 1551 1550 1546
f 1551 1546 1545
f 1552 1548 1547
f 1552 1547 1549
v 20.0 180.0 90.0
v 30.0 180.0 90.0
v 30.0 190.0 90.0
v 20.0 190.0 90.0
v 30.0 190.0 80.0
v 30.0 180.0 80.0
v 20.0 180.0 80.0
v 20.0 190.0 80.0
f 1553 1554 1555
f 1553 1555 1556
f 1557 1558 1559
f 1557 1559 1560
f 1558 1557 1555
f 1558 1555 1554
f 1559 1553 1556
f 1559 1556 1560
f 1559 1558 1554
f 1559 1554 1553
f 1560 1556 1555
f 1560 1555 1557
v 20.0 180.0 110.0
v 30.0 180.0 110.0
v 30.0 190.0 110.0
v 20.0 190.0 110.0
v 30.0 190.0 100.0
v 30.0 180.0 100.0
v 20.0 180.0 100.0
v 20.0 190.0 100.0
f 1561 1562 1563
f 1561 1563 1564
f 1565 1566 1567
f 1565 1567 1568
f 1566 1565 1563
f 1566 1563 1562
f 1567 1561 1564
f 1567 1564 1568
f 1567 1566 1562
f 1567 1562 1561
f 1568 1564 1563
f 1568 1563 1565
v 20.0 180.0 130.0
v 30.0 180.0 130.0
v 30.0 190.0 130.0
v 20.0 190.0 130.0
v 30.0 190.0 120.0
v 30.0 180.0 120.0
v 20.0 180.0 120.0
v 20.0 190.0 120.0
f 1569 1570 1571
f 1569 1571 1572
f 1573 1574 1575
f 1573 1575 1576
f 1574 1573 1571
f 1574 1571 1570
f 1575 1569 1572
f 1575 1572 1576
f 1575 1574 1570
f 1575 1570 1569
f 1576 1572 1571
f 1576 1571 1573
v 20.0 180.0 150.0
v 30.0 180.0 150.0
v 30.0 190.0 150.0
v 20.0 190.0 150.0
v 30.0 190.0 140.0
v 30.0 180.0 140.0
v 20.0 180.0 140.0
v 20.0 190.0 140.0
f 1577 1578 1579
f 1577 1579 1580
f 1581 1582 1583
f 1581 1583 1584
f 1582 1581 1579
f 1582 1579 1578
f 1583 1577 1580
f 1583 1580 1584
f 1583 1582 1578
f 1583 1578 1577
f 1584 1580 1579
f 1584 1579 1581
v 20.0 180.0 170.0
v 30.0 180.0 170.0
v 30.0 190.0 170.0
v 20.0 190.0 170.0
v 30.0 190.0 160.0
v 30.0 180.0 160.0
v 20.0 180.0 160.0
v 20.0 190.0 160.0
f 1585 1586 1587
f 1585 1587 1588
f 1589 1590 1591
f 1589 1591 1592
f 1590 1589 1587
f 1590 1587 1586
f 1591 1585 1588
f 1591 1588 1592
f 1591 1590 1586
f 1591 1586 1585
f 1592 1588 1587
f 1592 1587 1589
v 20.0 180.0 190.0
v 30.0 180.0 190.0
v 30.0 190.0 190.0
v 20.0 190.0 190.0
v 30.0 190.0 180.0
v 30.0 180.0 180.0
v 20.0 180.0 180.0
v 20.0 190.0 180.0
f 1593 1594 1595
f 1593 1595 1596
f 1597 1598 1599
f 1597 1599 1600
f 1598 1597 1595
f 1598 1595 1594
f 1599 1593 1596
f 1599 1596 1600
f 1599 1598 1594
f 1599 1594 1593
f 1600 1596 1595
f 1600 1595 1597
v 40.0 0.0 10.0
v 50.0 0.0 10.0
v 50.0 10.0 10.0
v 40.0 10.0 10.0
v 50.0 10.0 0.0
v 50.0 0.0 0.0
v 40.0 0.0 0.0
v 40.0 10.0 0.0
f 1601 1602 1603
f 1601 1603 1604
f 1605 1606 1607
f 1605 1607 1608
f 1606 1605 1603
f 1606 1603 1602
f 1607 1601 1604
f 1607 1604 1608
f 1607 1606 1602
f 1607 1602 1601
f 1608 1604 1603
f 1608 1603 1605
v 40.0 0.0 30.0
v 50.0 0.0 30.0
v 50.0 10.0 30.0
v 40.0 10.0 30.0
v 50.0 10.0 20.0
v 50.0 0.0 20.0
v 40.0 0.0 20.0
v 40.0 10.0 20.0
f 1609 1610 1611
f 1609 1611 1612
f 1613 1614 1615
f 1613 1615 1616
f 1614 1613 1611
f 1614 1611 1610
f 1615 1609 1612
f 1615 1612 1616
f 1615 1614 1610
f 1615 1610 1609
f 1616 1612 1611
f 1616 1611 1613
v 40.0 0.0 50.0
v 50.0 0.0 50.0
v 50.0 10.0 50.0
v 40.0 10.0 50.0
v 50.0 10.0 40.0
v 50.0 0.0 40.0
v 40.0 0.0 40.0
v 40.0 10.0 40.0
f 1617 1618 1619
f 1617 1619 1620
f 1621 1622 1623
f 1621 1623 1624
f 1622 1621 1619
f 1622 1619 1618
f 1623 1617 1620
f 1623 1620 1624
f 1623 1622 1618
f 1623 1618 1617
f 1624 1620 1619
f 1624 1619 1621
v 40.0 0.0 70.0
v 50.0 0.0 70.0
v 50.0 10.0 70.0
v 40.0 10.0 70.0
v 50.0 10.0 60.0
v 50.0 0.0 60.0
v 40.0 0.0 60.0
v 40.0 10.0 60.0
f 1625 1626 1627
f 1625 1627 1628
f 1629 1630 1631
f 1629 1631 1632
f 1630 1629 1627
f 1630 1627 1626
f 1631 1625 1628
f 1631 1628 1632
f 1631 1630 1626
f 1631 1626 1625
f 1632 1628 1627
f 1632 1627 1629
v 40.0 0.0 90.0
v 50.0 0.0 90.0
v 50.0 10.0 90.0
v 40.0 10.0 90.0
v 50.0 10.0 80.0
v 50.0 0.0 80.0
v 40.0 0.0 80.0
v 40.0 10.0 80.0
f 1633 1634 1635
f 1633 1635 1636
f 1637 1638 1639
f 1637 1639 1640
f 1638 1637 1635
f 1638 1635 1634
f 1639 1633 1636
f 1639 1636 1640
f 1639 1638 1634
f 1639 1634 1633
f 1640 1636 1635
f 1640 1635 1637
v 40.0 0.0 110.0
v 50.0 0.0 110.0
v 50.0 10.0 110.0
v 40.0 10.0 110.0
v 50.0 10.0 100.0
v 50.0 0.0 100.0
v 40.0 0.0 100.0
v 40.0 10.0 100.0
f 1641 1642 1643
f 1641 1643 1644
f 1645 1646 1647
f 1645 1647 1648
f 1646 1645 1643
f 1646 1643 1642
f 1647 1641 1644
f 1647 1644 1648
f 1647 1646 1642
f 1647 1642 1641
f 1648 1644 1643
f 1648 1643 1645
v 40.0 0.0 130.0
v 50.0 0.0 130.0
v 50.0 10.0 130.0
v 40.0 10.0 130.0
v 50.0 10.0 120.0
v 50.0 0.0 120.0
v 40.0 0.0 120.0
v 40.0 10.0 120.0
f 1649 1650 1651
f 1649 1651 1652
f 1653 1654 1655
f 1653 1655 1656
f 1654 1653 1651
f 1654 1651 1650
f 1655 1649 1652
f 1655 1652 1656
f 1655 1654 1650
f 1655 1650 1649
f 1656 1652 1651
f 1656 1651 1653
v 40.0 0.0 150.0
v 50.0 0.0 150.0
v 50.0 10.0 150.0
v 40.0 10.0 150.0
v 50.0 10.0 140.0
v 50.0 0.0 140.0
v 40.0 0.0 140.0
v 40.0 10.0 140.0
f 1657 1658 1659
f 1657 1659 1660
f 1661 1662 1663
f 1661 1663 1664
f 1662 1661 1659
f 1662 1659 1658
f 1663 1657 1660
f 1663 1660 1664
f 1663 1662 1658
f 1663 1658 1657
f 1664 1660 1659
f 1664 1659 1661
v 40.0 0.0 170.0
v 50.0 0.0 170.0
v 50.0 10.0 170.0
v 40.0 10.0 170.0
v 50.0 10.0 160.0
v 50.0 0.0 160.0
v 40.0 0.0 160.0
v 40.0 10.0 160.0
f 1665 1666 1667
f 1665 1667 1668
f 1669 1670 1671
f 1669 1671 1672
f 1670 1669 1667
f 1670 1667 1666
f 1671 1665 1668
f 1671 1668 1672
f 1671 1670 1666
f 1671 1666 1665
f 1672 1668 1667
f 1672 1667 1669
v 40.0 0.0 190.0
v 50.0 0.0 190.0
v 50.0 10.0 190.0
v 40.0 10.0 190.0
v 50.0 10.0 180.0
v 50.0 0.0 180.0
v 40.0 0.0 180.0
v 40.0 10.0 180.0
f 1673 1674 1675
f 1673 1675 1676
f 1677 1678 1679
f 1677 1679 1680
f 1678 1677 1675
f 1678 1675 1674
f 1679 1673 1676
f 1679 1676 1680
f 1679 1678 1674
f 1679 1674 1673
f 1680 1676 1675
f 1680 1675 1677
v 40.0 20.0 10.0
v 50.0 20.0 10.0
v 50.0 30.0 10.0
v 40.0 30.0 10.0
v 50.0 30.0 0.0
v 50.0 20.0 0.0
v 40.0 20.0 0.0
v 40.0 30.0 0.0
f 1681 1682 1683
f 1681 1683 1684
f 1685 1686 1687
f 1685 1687 1688
f 1686 1685 1683
f 1686 1683 1682
f 1687 1681 1684
f 1687 1684 1688
f 1687 1686 1682
f 1687 1682 1681
f 1688 1684 1683
f 1688 1683 1685
v 40.0 20.0 30.0
v 50.0 20.0 30.0
v 50.0 30.0 30.0
v 40.0 30.0 30.0
v 50.0 30.0 20.0
v 50.0 20.0 20.0
v 40.0 20.0 20.0
v 40.0 30.0 20.0
f 1689 1690 1691
f 1689 1691 1692
f 1693 1694 1695
f 1693 1695 1696
f 1694 1693 1691
f 1694 1691 1690
f 1695 1689 1692
f 1695 1692 1696
f 1695 1694 1690
f 1695 1690 1689
f 1696 1692 1691
f 1696 1691 1693
v 40.0 20.0 50.0
v 50.0 20.0 50.0
v 50.0 30.0 50.0
v 40.0 30.0 50.0
v 50.0 30.0 40.0
v 50.0 20.0 40.0
v 40.0 20.0 40.0
v 40.0 30.0 40.0
f 1697 1698 1699
f 1697 1699 1700
f 1701 1702 1703
f 1701 1703 1704
f 1702 1701 1699
f 1702 1699 1698
f 1703 1697 1700
f 1703 1700 1704
f 1703 1702 1698
f 1703 1698 1697
f 1704 1700 1699
f 1704 1699 1701
v 40.0 20.0 70.0
v 50.0 20.0 70.0
v 50.0 30.0 70.0
v 40.0 30.0 70.0
v 50.0 30.0 60.0
v 50.0 20.0 60.0
v 40.0 20.0 60.0
v 40.0 30.0 60.0
f 1705 1706 1707
f 1705 1707 1708
f 1709 1710 1711
f 1709 1711 1712
f 1710 1709 1707
f 1710 1707 1706
f 1711 1705 1708
f 1711 1708 1712
f 1711 1710 1706
f 1711 1706 1705
f 1712 1708 1707
f 1712 1707 1709
v 40.0 20.0 90.0
v 50.0 20.0 90.0
v 50.0 30.0 90.0
v 40.0 30.0 90.0
v 50.0 30.0 80.0
v 50.0 20.0 80.0
v 40.0 20.0 80.0
v 40.0 30.0 80.0
f 1713 1714 1715
f 1713 1715 1716
f 1717 1718 1719
f 1717 1719 1720
f 1718 1717 1715
f 1718 1715 1714
f 1719 1713 1716
f 1719 1716 1720
f 1719 1718 1714
f 1719 1714 1713
f 1720 1716 1715
f 1720 1715 1717
v 40.0 20.0 110.0
v 50.0 20.0 110.0
v 50.0 30.0 110.0
v 40.0 30.0 110.0
v 50.0 30.0 100.0
v 50.0 20.0 100.0
v 40.0 20.0 100.0
v 40.0 30.0 100.0
f 1721 1722 1723
f 1721 1723 1724
f 1725 1726 1727
f 1725 1727 1728
f 1726 1725 1723
f 1726 1723 1722
f 1727 1721 1724
f 1727 1724 1728
f 1727 1726 1722
f 1727 1722 1721
f 1728 1724 1723
f 1728 1723 1725
v 40.0 20.0 130.0
v 50.0 20.0 130.0
v 50.0 30.0 130.0
v 40.0 30.0 130.0
v 50.0 30.0 120.0
v 50.0 20.0 120.0
v 40.0 20.0 120.0
v 40.0 30.0 120.0
f 1729 1730 1731
f 1729 1731 1732
f 1733 1734 1735
f 1733 1735 1736
f 1734 1733 1731
f 1734 1731 1730
f 1735 1729 1732
f 1735 1732 1736
f 1735 1734 1730
f 1735 1730 1729
f 1736 1732 1731
f 1736 1731 1733
v 40.0 20.0 150.0
v 50.0 20.0 150.0
v 50.0 30.0 150.0
v 40.0 30.0 150.0
v 50.0 30.0 140.0
v 50.0 20.0 140.0
v 40.0 20.0 140.0
v 40.0 30.0 140.0
f 1737 1738 1739
f 1737 1739 1740
f 1741 1742 1743
f 1741 1743 1744
f 1742 1741 1739
f 1742 1739 1738
f 1743 1737 1740
f 1743 1740 1744
f 1743 1742 1738
f 1743 1738 1737
f 1744 1740 1739
f 1744 1739 1741
v 40.0 20.0 170.0
v 50.0 20.0 170.0
v 50.0 30.0 170.0
v 40.0 30.0 170.0
v 50.0 30.0 160.0
v 50.0 20.0 160.0
v 40.0 20.0 160.0
v 40.0 30.0 160.0
f 1745 1746 1747
f 1745 1747 1748
f 1749 1750 1751
f 1749 1751 1752
f 1750 1749 1747
f 1750 1747 1746
f 1751 1745 1748
f 1751 1748 1752
f 1751 1750 1746
f 1751 1746 1745
f 1752 1748 1747
f 1752 1747 1749
v 40.0 20.0 190.0
v 50.0 20.0 190.0
v 50.0 30.0 190.0
v 40.0 30.0 190.0
v 50.0 30.0 180.0
v 50.0 20.0 180.0
v 40.0 20.0 180.0
v 40.0 30.0 180.0
f 1753 1754 1755
f 1753 1755 1756
f 1757 1758 1759
f 1757 1759 1760
f 1758 1757 1755
f 1758 1755 1754
f 1759 1753 1756
f 1759 1756 1760
f 1759 1758 1754
f 1759 1754 1753
f 1760 1756 1755
f 1760 1755 1757
v 40.0 40.0 10.0
v 50.0 40.0 10.0
v 50.0 50.0 10.0
v 40.0 50.0 10.0
v 50.0 50.0 0.0
v 50.0 40.0 0.0
v 40.0 40.0 0.0
v 40.0 50.0 0.0
f 1761 1762 1763
f 1761 1763 1764
f 1765 1766 1767
f 1765 1767 1768
f 1766 1765 1763
f 1766 1763 1762
f 1767 1761 1764
f 1767 1764 1768
f 1767 1766 1762
f 1767 1762 1761
f 1768 1764 1763
f 1768 1763 1765
v 40.0 40.0 30.0
v 50.0 40.0 30.0
v 50.0 50.0 30.0
v 40.0 50.0 30.0
v 50.0 50.0 20.0
v 50.0 40.0 20.0
v 40.0 40.0 20.0
v 40.0 50.0 20.0
f 1769 1770 1771
f 1769 1771 1772
f 1773 1774 1775
f 1773 1775 1776
f 1774 1773 1771
f 1774 1771 1770
f 1775 1769 1772
f 1775 1772 1776
f 1775 1774 1770
f 1775 1770 1769
f 1776 1772 1771
f 1776 1771 1773
v 40.0 40.0 50.0
v 50.0 40.0 50.0
v 50.0 50.0 50.0
v 40.0 50.0 50.0
v 50.0 50.0 40.0
v 50.0 40.0 40.0
v 40.0 40.0 40.0
v 40.0 50.0 40.0
f 1777 1778 1779
f 1777 1779 1780
f 1781 1782 1783
f 1781 1783 1784
f 1782 1781 1779
f 1782 1779 1778
f 1783 1777 1780
f 1783 1780 1784
f 1783 1782 1778
f 1783 1778 1777
f 1784 1780 1779
f 1784 1779 1781
v 40.0 40.0 70.0
v 50.0 40.0 70.0
v 50.0 50.0 70.0
v 40.0 50.0 70.0
v 50.0 50.0 60.0
v 50.0 40.0 60.0
v 40.0 40.0 60.0
v 40.0 50.0 60.0
f 1785 1786 1787
f 1785 1787 1788
f 1789 1790 1791
f 1789 1791 1792
f 1790 1789 1787
f 1790 1787 1786
f 1791 1785 1788
f 1791 1788 1792
f 1791 1790 1786
f 1791 1786 1785
f 1792 1788 1787
f 1792 1787 1789
v 40.0 40.0 90.0
v 50.0 40.0 90.0
v 50.0 50.0 90.0
v 40.0 50.0 90.0
v 50.0 50.0 80.0
v 50.0 40.0 80.0
v 40.0 40.0 80.0
v 40.0 50.0 80.0
f 1793 1794 1795
f 1793 1795 1796
f 1797 1798 1799
f 1797 1799 1800
f 1798 1797 1795
f 1798 1795 1794
f 1799 1793 1796
f 1799 1796 1800
f 1799 1798 1794
f 1799 1794 1793
f 1800 1796 1795
f 1800 1795 1797
v 40.0 40.0 110.0
v 50.0 40.0 110.0
v 50.0 50.0 110.0
v 40.0 50.0 110.0
v 50.0 50.0 100.0
v 50.0 40.0 100.0
v 40.0 40.0 100.0
v 40.0 50.0 100.0
f 1801 1802 1803
f 1801 1803 1804
f 1805 1806 1807
f 1805 1807 1808
f 1806 1805 1803
f 1806 1803 1802
f 1807 1801 1804
f 1807 1804 1808
f 1807 1806 1802
f 1807 1802 1801
f 1808 1804 1803
f 1808 1803 1805
v 40.0 40.0 130.0
v 50.0 40.0 130.0
v 50.0 50.0 130.0
v 40.0 50.0 130.0
v 50.0 50.0 120.0
v 50.0 40.0 120.0
v 40.0 40.0 120.0
v 40.0 50.0 120.0
f 1809 1810 1811
f 1809 1811 1812
f 1813 1814 1815
f 1813 1815 1816
f 1814 1813 1811
f 1814 1811 1810
f 1815 1809 1812
f 1815 1812 1816
f 1815 1814 1810
f 1815 1810 1809
f 1816 1812 1811
f 1816 1811 1813
v 40.0 40.0 150.0
v 50.0 40.0 150.0
v 50.0 50.0 150.0
v 40.0 50.0 150.0
v 50.0 50.0 140.0
v 50.0 40.0 140.0
v 40.0 40.0 140.0
v 40.0 50.0 140.0
f 1817 1818 1819
f 1817 1819 1820
f 1821 1822 1823
f 1821 1823 1824
f 1822 1821 1819
f 1822 1819 1818
f 1823 1817 1820
f 1823 1820 1824
f 1823 1822 1818
f 1823 1818 1817
f 1824 1820 1819
f 1824 1819 1821
v 40.0 40.0 170.0
v 50.0 40.0 170.0
v 50.0 50.0 170.0
v 40.0 50.0 170.0
v 50.0 50.0 160.0
v 50.0 40.0 160.0
v 40.0 40.0 160.0
v 40.0 50.0 160.0
f 1825 1826 1827
f 1825 1827 1828
f 1829 1830 1831
f 1829 1831 1832
f 1830 1829 1827
f 1830 1827 1826
f 1831 1825 1828
f 1831 1828 1832
f 1831 1830 1826
f 1831 1826 1825
f 1832 1828 1827
f 1832 1827 1829
v 40.0 40.0 190.0
v 50.0 40.0 190.0
v 50.0 50.0 190.0
v 40.0 50.0 190.0
v 50.0 50.0 180.0
v 50.0 40.0 180.0
v 40.0 40.0 180.0
v 40.0 50.0 180.0
f 1833 1834 1835
f 1833 1835 1836
f 1837 1838 1839
f 1837 1839 1840
f 1838 1837 1835
f 1838 1835 1834
f 1839 1833 1836
f 1839 1836 1840
f 1839 1838 1834
f 1839 1834 1833
f 1840 1836 1835
f 1840 1835 1837
v 40.0 60.0 10.0
v 50.0 60.0 10.0
v 50.0 70.0 10.0
v 40.0 70.0 10.0
v 50.0 70.0 0.0
v 50.0 60.0 0.0
v 40.0 60.0 0.0
v 40.0 70.0 0.0
f 1841 1842 1843
f 1841 1843 1844
f 1845 1846 1847
f 1845 1847 1848
f 1846 1845 1843
f 1846 1843 1842
f 1847 1841 1844
f 1847 1844 1848
f 1847 1846 1842
f 1847 1842 1841
f 1848 1844 1843
f 1848 1843 1845
v 40.0 60.0 30.0
v 50.0 60.0 30.0
v 50.0 70.0 30.0
v 40.0 70.0 30.0
v 50.0 70.0 20.0
v 50.0 60.0 20.0
v 40.0 60.0 20.0
v 40.0 70.0 20.0
f 1849 1850 1851
f 1849 1851 1852
f 1853 1854 1855
f 1853 1855 1856
f 1854 1853 1851
f 1854 1851 1850
f 1855 1849 1852
f 1855 1852 1856
f 1855 1854 1850
f 1855 1850 1849
f 1856 1852 1851
f 1856 1851 1853
v 40.0 60.0 50.0
v 50.0 60.0 50.0
v 50.0 70.0 50.0
v 40.0 70.0 50.0
v 50.0 70.0 40.0
v 50.0 60.0 40.0
v 40.0 60.0 40.0
v 40.0 70.0 40.0
f 1857 1858 1859
f 1857 1859 1860
f 1861 1862 1863
f 1861 1863 1864
f 1862 1861 1859
f 1862 1859 1858
f 1863 1857 1860
f 1863 1860 1864
f 1863 1862 1858
f 1863 1858 1857
f 1864 1860 1859
f 1864 1859 1861
v 40.0 60.0 70.0
v 50.0 60.0 70.0
v 50.0 70.0 70.0
v 40.0 70.0 70.0
v 50.0 70.0 60.0
v 50.0 60.0 60.0
v 40.0 60.0 60.0
v 40.0 70.0 60.0
f 1865 1866 1867
f 1865 1867 1868
f 1869 1870 1871
f 1869 1871 1872
f 1870 1869 1867
f 1870 1867 1866
f 1871 1865 1868
f 1871 1868 1872
f 1871 1870 1866
f 1871 1866 1865
f 1872 1868 1867
f 1872 1867 1869
v 40.0 60.0 90.0
v 50.0 60.0 90.0
v 50.0 70.0 90.0
v 40.0 70.0 90.0
v 50.0 70.0 80.0
v 50.0 60.0 80.0
v 40.0 60.0 80.0
v 40.0 70.0 80.0
f 1873 1874 1875
f 1873 1875 1876
f 1877 1878 1879
f 1877 1879 1880
f 1878 1877 1875
f 1878 1875 1874
f 1879 1873 1876
f 1879 1876 1880
f 1879 1878 1874
f 1879 1874 1873
f 1880 1876 1875
f 1880 1875 1877
v 40.0 60.0 110.0
v 50.0 60.0 110.0
v 50.0 70.0 110.0
v 40.0 70.0 110.0
v 50.0 70.0 100.0
v 50.0 60.0 100.0
v 40.0 60.0 100.0
v 40.0 70.0 100.0
f 1881 1882 1883
f 1881 1883 1884
f 1885 1886 1887
f 1885 1887 1888
f 1886 1885 1883
f 1886 1883 1882
f 1887 1881 1884
f 1887 1884 1888
f 1887 1886 1882
f 1887 1882 1881
f 1888 1884 1883
f 1888 1883 1885
v 40.0 60.0 130.0
v 50.0 60.0 130.0
v 50.0 70.0 130.0
v 40.0 70.0 130.0
v 50.0 70.0 120.0
v 50.0 60.0 120.0
v 40.0 60.0 120.0
v 40.0 70.0 120.0
f 1889 1890 1891
f 1889 1891 1892
f 1893 1894 1895
f 1893 1895 1896
f 1894 1893 1891
f 1894 1891 1890
f 1895 1889 1892
f 1895 1892 1896
f 1895 1894 1890
f 1895 1890 1889
f 1896 1892 1891
f 1896 1891 1893
v 40.0 60.0 150.0
v 50.0 60.0 150.0
v 50.0 70.0 150.0
v 40.0 70.0 150.0
v 50.0 70.0 140.0
v 50.0 60.0 140.0
v 40.0 60.0 140.0
v 40.0 70.0 140.0
f 1897 1898 1899
f 1897 1899 1900
f 1901 1902 1903
f 1901 1903 1904
f 1902 1901 1899
f 1902 1899 1898
f 1903 1897 1900
f 1903 1900 1904
f 1903 1902 1898
f 1903 1898 1897
f 1904 1900 1899
f 1904 1899 1901
v 40.0 60.0 170.0
v 50.0 60.0 170.0
v 50.0 70.0 170.0
v 40.0 70.0 170.0
v 50.0 70.0 160.0
v 50.0 60.0 160.0
v 40.0 60.0 160.0
v 40.0 70.0 160.0
f 1905 1906 1907
f 1905 1907 1908
f 1909 1910 1911
f 1909 1911 1912
f 1910 1909 1907
f 1910 1907 1906
f 1911 1905 1908
f 1911 1908 1912
f 1911 1910 1906
f 1911 1906 1905
f 1912 1908 1907
f 1912 1907 1909
v 40.0 60.0 190.0
v 50.0 60.0 190.0
v 50.0 70.0 190.0
v 40.0 70.0 190.0
v 50.0 70.0 180.0
v 50.0 60.0 180.0
v 40.0 60.0 180.0
v 40.0 70.0 180.0
f 1913 1914 1915
f 1913 1915 1916
f 1917 1918 1919
f 1917 1919 1920
f 1918 1917 1915
f 1918 1915 1914
f 1919 1913 1916
f 1919 1916 1920
f 1919 1918 1914
f 1919 1914 1913
f 1920 1916 1915
f 1920 1915 1917
v 40.0 80.0 10.0
v 50.0 80.0 10.0
v 50.0 90.0 10.0
v 40.0 90.0 10.0
v 50.0 90.0 0.0
v 50.0 80.0 0.0
v 40.0 80.0 0.0
v 40.0 90.0 0.0
f 1921 1922 1923
f 1921 1923 1924
f 1925 1926 1927
f 1925 1927 1928
f 1926 1925 1923
f 1926 1923 1922
f 1927 1921 1924
f 1927 1924 1928
f 1927 1926 1922
f 1927 1922 1921
f 1928 1924 1923
f 1928 1923 1925
v 40.0 80.0 30.0
v 50.0 80.0 30.0
v 50.0 90.0 30.0
v 40.0 90.0 30.0
v 50.0 90.0 20.0
v 50.0 80.0 20.0
v 40.0 80.0 20.0
v 40.0 90.0 20.0
f 1929 1930 1931
f 1929 1931 1932
f 1933 1934 1935
f 1933 1935 1936
f 1934 1933 1931
f 1934 1931 1930
f 1935 1929 1932
f 1935 1932 1936
f 1935 1934 1930
f 1935 1930 1929
f 1936 1932 1931
f 1936 1931 1933
v 40.0 80.0 50.0
v 50.0 80.0 50.0
v 50.0 90.0 50.0
v 40.0 90.0 50.0
v 50.0 90.0 40.0
v 50.0 80.0 40.0
v 40.0 80.0 40.0
v 40.0 90.0 40.0
f 1937 1938 1939
f 1937 1939 1940
f 1941 1942 1943
f 1941 1943 1944
f 1942 1941 1939
f 1942 1939 1938
f 1943 1937 1940
f 1943 1940 1944
f 1943 1942 1938
f 1943 1938 1937
f 1944 1940 1939
f 1944 1939 1941
v 40.0 80.0 70.0
v 50.0 80.0 70.0
v 50.0 90.0 70.0
v 40.0 90.0 70.0
v 50.0 90.0 60.0
v 50.0 80.0 60.0
v 40.0 80.0 60.0
v 40.0 90.0 60.0
f 1945 1946 1947
f 1945 1947 1948
f 1949 1950 1951
f 1949 1951 1952
f 1950 1949 1947
f 1950 1947 1946
f 1951 1945 1948
f 1951 1948 1952
f 1951 1950 1946
f 1951 1946 1945
f 1952 1948 1947
f 1952 1947 1949
v 40.0 80.0 90.0
v 50.0 80.0 90.0
v 50.0 90.0 90.0
v 40.0 90.0 90.0
v 50.0 90.0 80.0
v 50.0 80.0 80.0
v 40.0 80.0 80.0
v 40.0 90.0 80.0
f 1953 1954 1955
f 1953 1955 1956
f 1957 1958 1959
f 1957 1959 1960
f 1958 1957 1955
f 1958 1955 1954
f 1959 1953 1956
f 1959 1956 1960
f 1959 1958 1954
f 1959 1954 1953
f 1960 1956 1955
f 1960 1955 1957
v 40.0 80.0 110.0
v 50.0 80.0 110.0
v 50.0 90.0 110.0
v 40.0 90.0 110.0
v 50.0 90.0 100.0
v 50.0 80.0 100.0
v 40.0 80.0 100.0
v 40.0 90.0 100.0
f 1961 1962 1963
f 1961 1963 1964
f 1965 1966 1967
f 1965 1967 1968
f 1966 1965 1963
f 1966 1963 1962
f 1967 1961 1964
f 1967 1964 1968
f 1967 1966 1962
f 1967 1962 1961
f 1968 1964 1963
f 1968 1963 1965
v 40.0 80.0 130.0
v 50.0 80.0 130.0
v 50.0 90.0 130.0
v 40.0 90.0 130.0
v 50.0 90.0 120.0
v 50.0 80.0 120.0
v 40.0 80.0 120.0
v 40.0 90.0 120.0
f 1969 1970 1971
f 1969 1971 1972
f 1973 1974 1975
f 1973 1975 1976
f 1974 1973 1971
f 1974 1971 1970
f 1975 1969 1972
f 1975 1972 1976
f 1975 1974 1970
f 1975 1970 1969
f 1976 1972 1971
f 1976 1971 1973
v 40.0 80.0 150.0
v 50.0 80.0 150.0
v 50.0 90.0 150.0
v 40.0 90.0 150.0
v 50.0 90.0 140.0
v 50.0 80.0 140.0
v 40.0 80.0 140.0
v 40.0 90.0 140.0
f 1977 1978 1979
f 1977 1979 1980
f 1981 1982 1983
f 1981 1983 1984
f 1982 1981 1979
f 1982 1979 1978
f 1983 1977 1980
f 1983 1980 1984
f 1983 1982 1978
f 1983 1978 1977
f 1984 1980 1979
f 1984 1979 1981
v 40.0 80.0 170.0
v 50.0 80.0 170.0
v 50.0 90.0 170.0
v 40.0 90.0 170.0
v 50.0 90.0 160.0
v 50.0 80.0 160.0
v 40.0 80.0 160.0
v 40.0 90.0 160.0
f 1985 1986 1987
f 1985 1987 1988
f 1989 1990 1991
f 1989 1991 1992
f 1990 1989 1987
f 1990 1987 1986
f 1991 1985 1988
f 1991 1988 1992
f 1991 1990 1986
f 1991 1986 1985
f 1992 1988 1987
f 1992 1987 1989
v 40.0 80.0 190.0
v 50.0 80.0 190.0
v 50.0 90.0 190.0
v 40.0 90.0 190.0
v 50.0 90.0 180.0
v 50.0 80.0 180.0
v 40.0 80.0 180.0
v 40.0 90.0 180.0
f 1993 1994 1995
f 1993 1995 1996
f 1997 1998 1999
f 1997 1999 2000
f 1998 1997 1995
f 1998 1995 1994
f 1999 1993 1996
f 1999 1996 2000
f 1999 1998 1994
f 1999 1994 1993
f 2000 1996 1995
f 2000 1995 1997
v 40.0 100.0 10.0
v 50.0 100.0 10.0
v 50.0 110.0 10.0
v 40.0 110.0 10.0
v 50.0 110.0 0.0
v 50.0 100.0 0.0
v 40.0 100.0 0.0
v 40.0 110.0 0.0
f 2001 2002 2003
f 2001 2003 2004
f 2005 2006 2007
f 2005 2007 2008
f 2006 2005 2003
f 2006 2003 2002
f 2007 2001 2004
f 2007 2004 2008
f 2007 2006 2002
f 2007 2002 2001
f 2008 2004 2003
f 2008 2003 2005
v 40.0 100.0 30.0
v 50.0 100.0 30.0
v 50.0 110.0 30.0
v 40.0 110.0 30.0
v 50.0 110.0 20.0
v 50.0 100.0 20.0
v 40.0 100.0 20.0
v 40.0 110.0 20.0
f 2009 2010 2011
f 2009 2011 2012
f 2013 2014 2015
f 2013 2015 2016
f 2014 2013 2011
f 2014 2011 2010
f 2015 2009 2012
f 2015 2012 2016
f 2015 2014 2010
f 2015 2010 2009
f 2016 2012 2011
f 2016 2011 2013
v 40.0 100.0 50.0
v 50.0 100.0 50.0
v 50.0 110.0 50.0
v 40.0 110.0 50.0
v 50.0 110.0 40.0
v 50.0 100.0 40.0
v 40.0 100.0 40.0
v 40.0 110.0 40.0
f 2017 2018 2019
f 2017 2019 2020
f 2021 2022 2023
f 2021 2023 2024
f 2022 2021 2019
f 2022 2019 2018
f 2023 2017 2020
f 2023 2020 2024
f 2023 2022 2018
f 2023 2018 2017
f 2024 2020 2019
f 2024 2019 2021
v 40.0 100.0 70.0
v 50.0 100.0 70.0
v 50.0 110.0 70.0
v 40.0 110.0 70.0
v 50.0 110.0 60.0
v 50.0 100.0 60.0
v 40.0 100.0 60.0
v 40.0 110.0 60.0
f 2025 2026 2027
f 2025 2027 2028
f 2029 2030 2031
f 2029 2031 2032
f 2030 2029 2027
f 2030 2027 2026
f 2031 2025 2028
f 2031 2028 2032
f 2031 2030 2026
f 2031 2026 2025
f 2032 2028 2027
f 2032 2027 2029
v 40.0 100.0 90.0
v 50.0 100.0 90.0
v 50.0 110.0 90.0
v 40.0 110.0 90.0
v 50.0 110.0 80.0
v 50.0 100.0 80.0
v 40.0 100.0 80.0
v 40.0 110.0 80.0
f 2033 2034 2035
f 2033 2035 2036
f 2037 2038 2039
f 2037 2039 2040
f 2038 2037 2035
f 2038 2035 2034
f 2039 2033 2036
f 2039 2036 2040
f 2039 2038 2034
f 2039 2034 2033
f 2040 2036 2035
f 2040 2035 2037
v 40.0 100.0 110.0
v 50.0 100.0 110.0
v 50.0 110.0 110.0
v 40.0 110.0 110.0
v 50.0 110.0 100.0
v 50.0 100.0 100.0
v 40.0 100.0 100.0
v 40.0 110.0 100.0
f 2041 2042 2043
f 2041 2043 2044
f 2045 2046 2047
f 2045 2047 2048
f 2046 2045 2043
f 2046 2043 2042
f 2047 2041 2044
f 2047 2044 2048
f 2047 2046 2042
f 2047 2042 2041
f 2048 2044 2043
f 2048 2043 2045
v 40.0 100.0 130.0
v 50.0 100.0 130.0
v 50.0 110.0 130.0
v 40.0 110.0 130.0
v 50.0 110.0 120.0
v 50.0 100.0 120.0
v 40.0 100.0 120.0
v 40.0 110.0 120.0
f 2049 2050 2051
f 2049 2051 2052
f 2053 2054 2055
f 2053 2055 2056
f 2054 2053 2051
f 2054 2051 2050
f 2055 2049 2052
f 2055 2052 2056
f 2055 2054 2050
f 2055 2050 2049
f 2056 2052 2051
f 2056 2051 2053
v 40.0 100.0 150.0
v 50.0 100.0 150.0
v 50.0 110.0 150.0
v 40.0 110.0 150.0
v 50.0 110.0 140.0
v 50.0 100.0 140.0
v 40.0 100.0 140.0
v 40.0 110.0 140.0
f 2057 2058 2059
f 2057 2059 2060
f 2061 2062 2063
f 2061 2063 2064
f 2062 2061 2059
f 2062 2059 2058
f 2063 2057 2060
f 2063 2060 2064
f 2063 2062 2058
f 2063 2058 2057
f 2064 2060 2059
f 2064 2059 2061
v 40.0 100.0 170.0
v 50.0 100.0 170.0
v 50.0 110.0 170.0
v 40.0 110.0 170.0
v 50.0 110.0 160.0
v 50.0 100.0 160.0
v 40.0 100.0 160.0
v 40.0 110.0 160.0
f 2065 2066 2067
f 2065 2067 2068
f 2069 2070 2071
f 2069 2071 2072
f 2070 2069 2067
f 2070 2067 2066
f 2071 2065 2068
f 2071 2068 2072
f 2071 2070 2066
f 2071 2066 2065
f 2072 2068 2067
f 2072 2067 2069
v 40.0 100.0 190.0
v 50.0 100.0 190.0
v 50.0 110.0 190.0
v 40.0 110.0 190.0
v 50.0 110.0 180.0
v 50.0 100.0 180.0
v 40.0 100.0 180.0
v 40.0 110.0 180.0
f 2073 2074 2075
f 2073 2075 2076
f 2077 2078 2079
f 2077 2079 2080
f 2078 2077 2075
f 2078 2075 2074
f 2079 2073 2076
f 2079 2076 2080
f 2079 2078 2074
f 2079 2074 2073
f 2080 2076 2075
f 2080 2075 2077
v 40.0 120.0 10.0
v 50.0 120.0 10.0
v 50.0 130.0 10.0
v 40.0 130.0 10.0
v 50.0 130.0 0.0
v 50.0 120.0 0.0
v 40.0 120.0 0.0
v 40.0 130.0 0.0
f 2081 2082 2083
f 2081 2083 2084
f 2085 2086 2087
f 2085 2087 2088
f 2086 2085 2083
f 2086 2083 2082
f 2087 2081 2084
f 2087 2084 2088
f 2087 2086 2082
f 2087 2082 2081
f 2088 2084 2083
f 2088 2083 2085
v 40.0 120.0 30.0
v 50.0 120.0 30.0
v 50.0 130.0 30.0
v 40.0 130.0 30.0
v 50.0 130.0 20.0
v 50.0 120.0 20.0
v 40.0 120.0 20.0
v 40.0 130.0 20.0
f 2089 2090 2091
f 2089 2091 2092
f 2093 2094 2095
f 2093 2095 2096
f 2094 2093 2091
f 2094 2091 2090
f 2095 2089 2092
f 2095 2092 2096
f 2095 2094 2090
f 2095 2090 2089
f 2096 2092 2091
f 2096 2091 2093
v 40.0 120.0 50.0
v 50.0 120.0 50.0
v 50.0 130.0 50.0
v 40.0 130.0 50.0
v 50.0 130.0 40.0
v 50.0 120.0 40.0
v 40.0 120.0 40.0
v 40.0 130.0 40.0
f 2097 2098 2099
f 2097 2099 2100
f 2101 2102 2103
f 2101 2103 2104
f 2102 2101 2099
f 2102 2099 2098
f 2103 2097 2100
f 2103 2100 2104
f 2103 2102 2098
f 2103 2098 2097
f 2104 2100 2099
f 2104 2099 2101
v 40.0 120.0 70.0
v 50.0 120.0 70.0
v 50.0 130.0 70.0
v 40.0 130.0 70.0
v 50.0 130.0 60.0
v 50.0 120.0 60.0
v 40.0 120.0 60.0
v 40.0 130.0 60.0
f 2105 2106 2107
f 2105 2107 2108
f 2109 2110 2111
f 2109 2111 2112
f 2110 2109 2107
f 2110 2107 2106
f 2111 2105 2108
f 2111 2108 2112
f 2111 2110 2106
f 2111 2106 2105
f 2112 2108 2107
f 2112 2107 2109
v 40.0 120.0 90.0
v 50.0 120.0 90.0
v 50.0 130.0 90.0
v 40.0 130.0 90.0
v 50.0 130.0 80.0
v 50.0 120.0 80.0
v 40.0 120.0 80.0
v 40.0 130.0 80.0
f 2113 2114 2115
f 2113 2115 2116
f 2117 2118 2119
f 2117 2119 2120
f 2118 2117 2115
f 2118 2115 2114
f 2119 2113 2116
f 2119 2116 2120
f 2119 2118 2114
f 2119 2114 2113
f 2120 2116 2115
f 2120 2115 2117
v 40.0 120.0 110.0
v 50.0 120.0 110.0
v 50.0 130.0 110.0
v 40.0 130.0 110.0
v 50.0 130.0 100.0
v 50.0 120.0 100.0
v 40.0 120.0 100.0
v 40.0 130.0 100.0
f 2121 2122 2123
f 2121 2123 2124
f 2125 2126 2127
f 2125 2127 2128
f 2126 2125 2123
f 2126 2123 2122
f 2127 2121 2124
f 2127 2124 2128
f 2127 2126 2122
f 2127 2122 2121
f 2128 2124 2123
f 2128 2123 2125
v 40.0 120.0 130.0
v 50.0 120.0 130.0
v 50.0 130.0 130.0
v 40.0 130.0 130.0
v 50.0 130.0 120.0
v 50.0 120.0 120.0
v 40.0 120.0 120.0
v 40.0 130.0 120.0
f 2129 2130 2131
f 2129 2131 2132
f 2133 2134 2135
f 2133 2135 2136
f 2134 2133 2131
f 2134 2131 2130
f 2135 2129 2132
f 2135 2132 2136
f 2135 2134 2130
f 2135 2130 2129
f 2136 2132 2131
f 2136 2131 2133
v 40.0 120.0 150.0
v 50.0 120.0 150.0
v 50.0 130.0 150.0
v 40.0 130.0 150.0
v 50.0 130.0 140.0
v 50.0 120.0 140.0
v 40.0 120.0 140.0
v 40.0 130.0 140.0
f 2137 2138 2139
f 2137 2139 2140
f 2141 2142 2143
f 2141 2143 2144
f 2142 2141 2139
f 2142 2139 2138
f 2143 2137 2140
f 2143 2140 2144
f 2143 2142 2138
f 2143 2138 2137
f 2144 2140 2139
f 2144 2139 2141
v 40.0 120.0 170.0
v 50.0 120.0 170.0
v 50.0 130.0 170.0
v 40.0 130.0 170.0
v 50.0 130.0 160.0
v 50.0 120.0 160.0
v 40.0 120.0 160.0
v 40.0 130.0 160.0
f 2145 2146 2147
f 2145 2147 2148
f 2149 2150 2151
f 2149 2151 2152
f 2150 2149 2147
f 2150 2147 2146
f 2151 2145 2148
f 2151 2148 2152
f 2151 2150 2146
f 2151 2146 2145
f 2152 2148 2147
f 2152 2147 2149
v 40.0 120.0 190.0
v 50.0 120.0 190.0
v 50.0 130.0 190.0
v 40.0 130.0 190.0
v 50.0 130.0 180.0
v 50.0 120.0 180.0
v 40.0 120.0 180.0
v 40.0 130.0 180.0
f 2153 2154 2155
f 2153 2155 2156
f 2157 2158 2159
f 2157 2159 2160
f 2158 2157 2155
f 2158 2155 2154
f 2159 2153 2156
f 2159 2156 2160
f 2159 2158 2154
f 2159 2154 2153
f 2160 2156 2155
f 2160 2155 2157
v 40.0 140.0 10.0
v 50.0 140.0 10.0
v 50.0 150.0 10.0
v 40.0 150.0 10.0
v 50.0 150.0 0.0
v 50.0 140.0 0.0
v 40.0 140.0 0.0
v 40.0 150.0 0.0
f 2161 2162 2163
f 2161 2163 2164
f 2165 2166 2167
f 2165 2167 2168
f 2166 2165 2163
f 2166 2163 2162
f 2167 2161 2164
f 2167 2164 2168
f 2167 2166 2162
f 2167 2162 2161
f 2168 2164 2163
f 2168 2163 2165
v 40.0 140.0 30.0
v 50.0 140.0 30.0
v 50.0 150.0 30.0
v 40.0 150.0 30.0
v 50.0 150.0 20.0
v 50.0 140.0 20.0
v 40.0 140.0 20.0
v 40.0 150.0 20.0
f 2169 2170 2171
f 2169 2171 2172
f 2173 2174 2175
f 2173 2175 2176
f 2174 2173 2171
f 2174 2171 2170
f 2175 2169 2172
f 2175 2172 2176
f 2175 2174 2170
f 2175 2170 2169
f 2176 2172 2171
f 2176 2171 2173
v 40.0 140.0 50.0
v 50.0 140.0 50.0
v 50.0 150.0 50.0
v 40.0 150.0 50.0
v 50.0 150.0 40.0
v 50.0 140.0 40.0
v 40.0 140.0 40.0
v 40.0 150.0 40.0
f 2177 2178 2179
f 2177 2179 2180
f 2181 2182 2183
f 2181 2183 2184
f 2182 2181 2179
f 2182 2179 2178
f 2183 2177 2180
f 2183 2180 2184
f 2183 2182 2178
f 2183 2178 2177
f 2184 2180 2179
f 2184 2179 2181
v 40.0 140.0 70.0
v 50.0 140.0 70.0
v 50.0 150.0 70.0
v 40.0 150.0 70.0
v 50.0 150.0 60.0
v 50.0 140.0 60.0
v 40.0 140.0 60.0
v 40.0 150.0 60.0
f 2185 2186 2187
f 2185 2187 2188
f 2189 2190 2191
f 2189 2191 2192
f 2190 2189 2187
f 2190 2187 2186
f 2191 2185 2188
f 2191 2188 2192
f 2191 2190 2186
f 2191 2186 2185
f 2192 2188 2187
f 2192 2187 2189
v 40.0 140.0 90.0
v 50.0 140.0 90.0
v 50.0 150.0 90.0
v 40.0 150.0 90.0
v 50.0 150.0 80.0
v 50.0 140.0 80.0
v 40.0 140.0 80.0
v 40.0 150.0 80.0
f 2193 2194 2195
f 2193 2195 2196
f 2197 2198 2199
f 2197 2199 2200
f 2198 2197 2195
f 2198 2195 2194
f 2199 2193 2196
f 2199 2196 2200
f 2199 2198 2194
f 2199 2194 2193
f 2200 2196 2195
f 2200 2195 2197
v 40.0 140.0 110.0
v 50.0 140.0 110.0
v 50.0 150.0 110.0
v 40.0 150.0 110.0
v 50.0 150.0 100.0
v 50.0 140.0 100.0
v 40.0 140.0 100.0
v 40.0 150.0 100.0
f 2201 2202 2203
f 2201 2203 2204
f 2205 2206 2207
f 2205 2207 2208
f 2206 2205 2203
f 2206 2203 2202
f 2207 2201 2204
f 2207 2204 2208
f 2207 2206 2202
f 2207 2202 2201
f 2208 2204 2203
f 2208 2203 2205
v 40.0 140.0 130.0
v 50.0 140.0 130.0
v 50.0 150.0 130.0
v 40.0 150.0 130.0
v 50.0 150.0 120.0
v 50.0 140.0 120.0
v 40.0 140.0 120.0
v 40.0 150.0 120.0
f 2209 2210 2211
f 2209 2211 2212
f 2213 2214 2215
f 2213 2215 2216
f 2214 2213 2211
f 2214 2211 2210
f 2215 2209 2212
f 2215 2212 2216
f 2215 2214 2210
f 2215 2210 2209
f 2216 2212 2211
f 2216 2211 2213
v 40.0 140.0 150.0
v 50.0 140.0 150.0
v 50.0 150.0 150.0
v 40.0 150.0 150.0
v 50.0 150.0 140.0
v 50.0 140.0 140.0
v 40.0 140.0 140.0
v 40.0 150.0 140.0
f 2217 2218 2219
f 2217 2219 2220
f 2221 2222 2223
f 2221 2223 2224
f 2222 2221 2219
f 2222 2219 2218
f 2223 2217 2220
f 2223 2220 2224
f 2223 2222 2218
f 2223 2218 2217
f 2224 2220 2219
f 2224 2219 2221
v 40.0 140.0 170.0
v 50.0 140.0 170.0
v 50.0 150.0 170.0
v 40.0 150.0 170.0
v 50.0 150.0 160.0
v 50.0 140.0 160.0
v 40.0 140.0 160.0
v 40.0 150.0 160.0
f 2225 2226 2227
f 2225 2227 2228
f 2229 2230 2231
f 2229 2231 2232
f 2230 2229 2227
f 2230 2227 2226
f 2231 2225 2228
f 2231 2228 2232
f 2231 2230 2226
f 2231 2226 2225
f 2232 2228 2227
f 2232 2227 2229
v 40.0 140.0 190.0
v 50.0 140.0 190.0
v 50.0 150.0 190.0
v 40.0 150.0 190.0
v 50.0 150.0 180.0
v 50.0 140.0 180.0
v 40.0 140.0 180.0
v 40.0 150.0 180.0
f 2233 2234 2235
f 2233 2235 2236
f 2237 2238 2239
f 2237 2239 2240
f 2238 2237 2235
f 2238 2235 2234
f 2239 2233 2236
f 2239 2236 2240
f 2239 2238 2234
f 2239 2234 2233
f 2240 2236 2235
f 2240 2235 2237
v 40.0 160.0 10.0
v 50.0 160.0 10.0
v 50.0 170.0 10.0
v 40.0 170.0 10.0
v 50.0 170.0 0.0
v 50.0 160.0 0.0
v 40.0 160.0 0.0
v 40.0 170.0 0.0
f 2241 2242 2243
f 2241 2243 2244
f 2245 2246 2247
f 2245 2247 2248
f 2246 2245 2243
f 2246 2243 2242
f 2247 2241 2244
f 2247 2244 2248
f 2247 2246 2242
f 2247 2242 2241
f 2248 2244 2243
f 2248 2243 2245
v 40.0 160.0 30.0
v 50.0 160.0 30.0
v 50.0 170.0 30.0
v 40.0 170.0 30.0
v 50.0 170.0 20.0
v 50.0 160.0 20.0
v 40.0 160.0 20.0
v 40.0 170.0 20.0
f 2249 2250 2251
f 2249 2251 2252
f 2253 2254 2255
f 2253 2255 2256
f 2254 2253 2251
f 2254 2251 2250
f 2255 2249 2252
f 2255 2252 2256
f 2255 2254 2250
f 2255 2250 2249
f 2256 2252 2251
f 2256 2251 2253
v 40.0 160.0 50.0
v 50.0 160.0 50.0
v 50.0 170.0 50.0
v 40.0 170.0 50.0
v 50.0 170.0 40.0
v 50.0 160.0 40.0
v 40.0 160.0 40.0
v 40.0 170.0 40.0
f 2257 2258 2259
f 2257 2259 2260
f 2261 2262 2263
f 2261 2263 2264
f 2262 2261 2259
f 2262 2259 2258
f 2263 2257 2260
f 2263 2260 2264
f 2263 2262 2258
f 2263 2258 2257
f 2264 2260 2259
f 2264 2259 2261
v 40.0 160.0 70.0
v 50.0 160.0 70.0
v 50.0 170.0 70.0
v 40.0 170.0 70.0
v 50.0 170.0 60.0
v 50.0 160.0 60.0
v 40.0 160.0 60.0
v 40.0 170.0 60.0
f 2265 2266 2267
f 2265 2267 2268
f 2269 2270 2271
f 2269 2271 2272
f 2270 2269 2267
f 2270 2267 2266
f 2271 2265 2268
f 2271 2268 2272
f 2271 2270 2266
f 2271 2266 2265
f 2272 2268 2267
f 2272 2267 2269
v 40.0 160.0 90.0
v 50.0 160.0 90.0
v 50.0 170.0 90.0
v 40.0 170.0 90.0
v 50.0 170.0 80.0
v 50.0 160.0 80.0
v 40.0 160.0 80.0
v 40.0 170.0 80.0
f 2273 2274 2275
f 2273 2275 2276
f 2277 2278 2279
f 2277 2279 2280
f 2278 2277 2275
f 2278 2275 2274
f 2279 2273 2276
f 2279 2276 2280
f 2279 2278 2274
f 2279 2274 2273
f 2280 2276 2275
f 2280 2275 2277
v 40.0 160.0 110.0
v 50.0 160.0 110.0
v 50.0 170.0 110.0
v 40.0 170.0 110.0
v 50.0 170.0 100.0
v 50.0 160.0 100.0
v 40.0 160.0 100.0
v 40.0 170.0 100.0
f 2281 2282 2283
f 2281 2283 2284
f 2285 2286 2287
f 2285 2287 2288
f 2286 2285 2283
f 2286 2283 2282
f 2287 2281 2284
f 2287 2284 2288
f 2287 2286 2282
f 2287 2282 2281
f 2288 2284 2283
f 2288 2283 2285
v 40.0 160.0 130.0
v 50.0 160.0 130.0
v 50.0 170.0 130.0
v 40.0 170.0 130.0
v 50.0 170.0 120.0
v 50.0 160.0 120.0
v 40.0 160.0 120.0
v 40.0 170.0 120.0
f 2289 2290 2291
f 2289 2291 2292
f 2293 2294 2295
f 2293 2295 2296
f 2294 2293 2291
f 2294 2291 2290
f 2295 2289 2292
f 2295 2292 2296
f 2295 2294 2290
f 2295 2290 2289
f 2296 2292 2291
f 2296 2291 2293
v 40.0 160.0 150.0
v 50.0 160.0 150.0
v 50.0 170.0 150.0
v 40.0 170.0 150.0
v 50.0 170.0 140.0
v 50.0 160.0 140.0
v 40.0 160.0 140.0
v 40.0 170.0 140.0
f 2297 2298 2299
f 2297 2299 2300
f 2301 2302 2303
f 2301 2303 2304
f 2302 2301 2299
f 2302 2299 2298
f 2303 2297 2300
f 2303 2300 2304
f 2303 2302 2298
f 2303 2298 2297
f 2304 2300 2299
f 2304 2299 2301
v 40.0 160.0 170.0
v 50.0 160.0 170.0
v 50.0 170.0 170.0
v 40.0 170.0 170.0
v 50.0 170.0 160.0
v 50.0 160.0 160.0
v 40.0 160.0 160.0
v 40.0 170.0 160.0
f 2305 2306 2307
f 2305 2307 2308
f 2309 2310 2311
f 2309 2311 2312
f 2310 2309 2307
f 2310 2307 2306
f 2311 2305 2308
f 2311 2308 2312
f 2311 2310 2306
f 2311 2306 2305
f 2312 2308 2307
f 2312 2307 2309
v 40.0 160.0 190.0
v 50.0 160.0 190.0
v 50.0 170.0 190.0
v 40.0 170.0 190.0
v 50.0 170.0 180.0
v 50.0 160.0 180.0
v 40.0 160.0 180.0
v 40.0 170.0 180.0
f 2313 2314 2315
f 2313 2315 2316
f 2317 2318 2319
f 2317 2319 2320
f 2318 2317 2315
f 2318 2315 2314
f 2319 2313 2316
f 2319 2316 2320
f 2319 2318 2314
f 2319 2314 2313
f 2320 2316 2315
f 2320 2315 2317
v 40.0 180.0 10.0
v 50.0 180.0 10.0
v 50.0 190.0 10.0
v 40.0 190.0 10.0
v 50.0 190.0 0.0
v 50.0 180.0 0.0
v 40.0 180.0 0.0
v 40.0 190.0 0.0
f 2321 2322 2323
f 2321 2323 2324
f 2325 2326 2327
f 2325 2327 2328
f 2326 2325 2323
f 2326 2323 2322
f 2327 2321 2324
f 2327 2324 2328
f 2327 2326 2322
f 2327 2322 2321
f 2328 2324 2323
f 2328 2323 2325
v 40.0 180.0 30.0
v 50.0 180.0 30.0
v 50.0 190.0 30.0
v 40.0 190.0 30.0
v 50.0 190.0 20.0
v 50.0 180.0 20.0
v 40.0 180.0 20.0
v 40.0 190.0 20.0
f 2329 2330 2331
f 2329 2331 2332
f 2333 2334 2335
f 2333 2335 2336
f 2334 2333 2331
f 2334 2331 2330
f 2335 2329 2332
f 2335 2332 2336
f 2335 2334 2330
f 2335 2330 2329
f 2336 2332 2331
f 2336 2331 2333
v 40.0 180.0 50.0
v 50.0 180.0 50.0
v 50.0 190.0 50.0
v 40.0 190.0 50.0
v 50.0 190.0 40.0
v 50.0 180.0 40.0
v 40.0 180.0 40.0
v 40.0 190.0 40.0
f 2337 2338 2339
f 2337 2339 2340
f 2341 2342 2343
f 2341 2343 2344
f 2342 2341 2339
f 2342 2339 2338
f 2343 2337 2340
f 2343 2340 2344
f 2343 2342 2338
f 2343 2338 2337
f 2344 2340 2339
f 2344 2339 2341
v 40.0 180.0 70.0
v 50.0 180.0 70.0
v 50.0 190.0 70.0
v 40.0 190.0 70.0
v 50.0 190.0 60.0
v 50.0 180.0 60.0
v 40.0 180.0 60.0
v 40.0 190.0 60.0
f 2345 2346 2347
f 2345 2347 2348
f 2349 2350 2351
f 2349 2351 2352
f 2350 2349 2347
f 2350 2347 2346
f 2351 2345 2348
f 2351 2348 2352
f 2351 2350 2346
f 2351 2346 2345
f 2352 2348 2347
f 2352 2347 2349
v 40.0 180.0 90.0
v 50.0 180.0 90.0
v 50.0 190.0 90.0
v 40.0 190.0 90.0
v 50.0 190.0 80.0
v 50.0 180.0 80.0
v 40.0 180.0 80.0
v 40.0 190.0 80.0
f 2353 2354 2355
f 2353 2355 2356
f 2357 2358 2359
f 2357 2359 2360
f 2358 2357 2355
f 2358 2355 2354
f 2359 2353 2356
f 2359 2356 2360
f 2359 2358 2354
f 2359 2354 2353
f 2360 2356 2355
f 2360 2355 2357
v 40.0 180.0 110.0
v 50.0 180.0 110.0
v 50.0 190.0 110.0
v 40.0 190.0 110.0
v 50.0 190.0 100.0
v 50.0 180.0 100.0
v 40.0 180.0 100.0
v 40.0 190.0 100.0
f 2361 2362 2363
f 2361 2363 2364
f 2365 2366 2367
f 2365 2367 2368
f 2366 2365 2363
f 2366 2363 2362
f 2367 2361 2364
f 2367 2364 2368
f 2367 2366 2362
f 2367 2362 2361
f 2368 2364 2363
f 2368 2363 2365
v 40.0 180.0 130.0
v 50.0 180.0 130.0
v 50.0 190.0 130.0
v 40.0 190.0 130.0
v 50.0 190.0 120.0
v 50.0 180.0 120.0
v 40.0 180.0 120.0
v 40.0 190.0 120.0
f 2369 2370 2371
f 2369 2371 2372
f 2373 2374 2375
f 2373 2375 2376
f 2374 2373 2371
f 2374 2371 2370
f 2375 2369 2372
f 2375 2372 2376
f 2375 2374 2370
f 2375 2370 2369
f 2376 2372 2371
f 2376 2371 2373
v 40.0 180.0 150.0
v 50.0 180.0 150.0
v 50.0 190.0 150.0
v 40.0 190.0 150.0
v 50.0 190.0 140.0
v 50.0 180.0 140.0
v 40.0 180.0 140.0
v 40.0 190.0 140.0
f 2377 2378 2379
f 2377 2379 2380
f 2381 2382 2383
f 2381 2383 2384
f 2382 2381 2379
f 2382 2379 2378
f 2383 2377 2380
f 2383 2380 2384
f 2383 2382 2378
f 2383 2378 2377
f 2384 2380 2379
f 2384 2379 2381
v 40.0 180.0 170.0
v 50.0 180.0 170.0
v 50.0 190.0 170.0
v 40.0 190.0 170.0
v 50.0 190.0 160.0
v 50.0 180.0 160.0
v 40.0 180.0 160.0
v 40.0 190.0 160.0
f 2385 2386 2387
f 2385 2387 2388
f 2389 2390 2391
f 2389 2391 2392
f 2390 2389 2387
f 2390 2387 2386
f 2391 2385 2388
f 2391 2388 2392
f 2391 2390 2386
f 2391 2386 2385
f 2392 2388 2387
f 2392 2387 2389
v 40.0 180.0 190.0
v 50.0 180.0 190.0
v 50.0 190.0 190.0
v 40.0 190.0 190.0
v 50.0 190.0 180.0
v 50.0 180.0 180.0
v 40.0 180.0 180.0
v 40.0 190.0 180.0
f 2393 2394 2395
f 2393 2395 2396
f 2397 2398 2399
f 2397 2399 2400
f 2398 2397 2395
f 2398 2395 2394
f 2399 2393 2396
f 2399 2396 2400
f 2399 2398 2394
f 2399 2394 2393
f 2400 2396 2395
f 2400 2395 2397
v 60.0 0.0 10.0
v 70.0 0.0 10.0
v 70.0 10.0 10.0
v 60.0 10.0 10.0
v 70.0 10.0 0.0
v 70.0 0.0 0.0
v 60.0 0.0 0.0
v 60.0 10.0 0.0
f 2401 2402 2403
f 2401 2403 2404
f 2405 2406 2407
f 2405 2407 2408
f 2406 2405 2403
f 2406 2403 2402
f 2407 2401 2404
f 2407 2404 2408
f 2407 2406 2402
f 2407 2402 2401
f 2408 2404 2403
f 2408 2403 2405
v 60.0 0.0 30.0
v 70.0 0.0 30.0
v 70.0 10.0 30.0
v 60.0 10.0 30.0
v 70.0 10.0 20.0
v 70.0 0.0 20.0
v 60.0 0.0 20.0
v 60.0 10.0 20.0
f 2409 2410 2411
f 2409 2411 2412
f 2413 2414 2415
f 2413 2415 2416
f 2414 2413 2411
f 2414 2411 2410
f 2415 2409 2412
f 2415 2412 2416
f 2415 2414 2410
f 2415 2410 2409
f 2416 2412 2411
f 2416 2411 2413
v 60.0 0.0 50.0
v 70.0 0.0 50.0
v 70.0 10.0 50.0
v 60.0 10.0 50.0
v 70.0 10.0 40.0
v 70.0 0.0 40.0
v 60.0 0.0 40.0
v 60.0 10.0 40.0
f 2417 2418 2419
f 2417 2419 2420
f 2421 2422 2423
f 2421 2423 2424
f 2422 2421 2419
f 2422 2419 2418
f 2423 2417 2420
f 2423 2420 2424
f 2423 2422 2418
f 2423 2418 2417
f 2424 2420 2419
f 2424 2419 2421
v 60.0 0.0 70.0
v 70.0 0.0 70.0
v 70.0 10.0 70.0
v 60.0 10.0 70.0
v 70.0 10.0 60.0
v 70.0 0.0 60.0
v 60.0 0.0 60.0
v 60.0 10.0 60.0
f 2425 2426 2427
f 2425 2427 2428
f 2429 2430 2431
f 2429 2431 2432
f 2430 2429 2427
f 2430 2427 2426
f 2431 2425 2428
f 2431 2428 2432
f 2431 2430 2426
f 2431 2426 2425
f 2432 2428 2427
f 2432 2427 2429
v 60.0 0.0 90.0
v 70.0 0.0 90.0
v 70.0 10.0 90.0
v 60.0 10.0 90.0
v 70.0 10.0 80.0
v 70.0 0.0 80.0
v 60.0 0.0 80.0
v 60.0 10.0 80.0
f 2433 2434 2435
f 2433 2435 2436
f 2437 2438 2439
f 2437 2439 2440
f 2438 2437 2435
f 2438 2435 2434
f 2439 2433 2436
f 2439 2436 2440
f 2439 2438 2434
f 2439 2434 2433
f 2440 2436 2435
f 2440 2435 2437
v 60.0 0.0 110.0
v 70.0 0.0 110.0
v 70.0 10.0 110.0
v 60.0 10.0 110.0
v 70.0 10.0 100.0
v 70.0 0.0 100.0
v 60.0 0.0 100.0
v 60.0 10.0 100.0
f 2441 2442 2443
f 2441 2443 2444
f 2445 2446 2447
f 2445 2447 2448
f 2446 2445 2443
f 2446 2443 2442
f 2447 2441 2444
f 2447 2444 2448
f 2447 2446 2442
f 2447 2442 2441
f 2448 2444 2443
f 2448 2443 2445
v 60.0 0.0 130.0
v 70.0 0.0 130.0
v 70.0 10.0 130.0
v 60.0 10.0 130.0
v 70.0 10.0 120.0
v 70.0 0.0 120.0
v 60.0 0.0 120.0
v 60.0 10.0 120.0
f 2449 2450 2451
f 2449 2451 2452
f 2453 2454 2455
f 2453 2455 2456
f 2454 2453 2451
f 2454 2451 2450
f 2455 2449 2452
f 2455 2452 2456
f 2455 2454 2450
f 2455 2450 2449
f 2456 2452 2451
f 2456 2451 2453
v 60.0 0.0 150.0
v 70.0 0.0 150.0
v 70.0 10.0 150.0
v 60.0 10.0 150.0
v 70.0 10.0 140.0
v 70.0 0.0 140.0
v 60.0 0.0 140.0
v 60.0 10.0 140.0
f 2457 2458 2459
f 2457 2459 2460
f 2461 2462 2463
f 2461 2463 2464
f 2462 2461 2459
f 2462 2459 2458
f 2463 2457 2460
f 2463 2460 2464
f 2463 2462 2458
f 2463 2458 2457
f 2464 2460 2459
f 2464 2459 2461
v 60.0 0.0 170.0
v 70.0 0.0 170.0
v 70.0 10.0 170.0
v 60.0 10.0 170.0
v 70.0 10.0 160.0
v 70.0 0.0 160.0
v 60.0 0.0 160.0
v 60.0 10.0 160.0
f 2465 2466 2467
f 2465 2467 2468
f 2469 2470 2471
f 2469 2471 2472
f 2470 2469 2467
f 2470 2467 2466
f 2471 2465 2468
f 2471 2468 2472
f 2471 2470 2466
f 2471 2466 2465
f 2472 2468 2467
f 2472 2467 2469
v 60.0 0.0 190.0
v 70.0 0.0 190.0
v 70.0 10.0 190.0
v 60.0 10.0 190.0
v 70.0 10.0 180.0
v 70.0 0.0 180.0
v 60.0 0.0 180.0
v 60.0 10.0 180.0
f 2473 2474 2475
f 2473 2475 2476
f 2477 2478 2479
f 2477 2479 2480
f 2478 2477 2475
f 2478 2475 2474
f 2479 2473 2476
f 2479 2476 2480
f 2479 2478 2474
f 2479 2474 2473
f 2480 2476 2475
f 2480 2475 2477
v 60.0 20.0 10.0
v 70.0 20.0 10.0
v 70.0 30.0 10.0
v 60.0 30.0 10.0
v 70.0 30.0 0.0
v 70.0 20.0 0.0
v 60.0 20.0 0.0
v 60.0 30.0 0.0
f 2481 2482 2483
f 2481 2483 2484
f 2485 2486 2487
f 2485 2487 2488
f 2486 2485 2483
f 2486 2483 2482
f 2487 2481 2484
f 2487 2484 2488
f 2487 2486 2482
f 2487 2482 2481
f 2488 2484 2483
f 2488 2483 2485
v 60.0 20.0 30.0
v 70.0 20.0 30.0
v 70.0 30.0 30.0
v 60.0 30.0 30.0
v 70.0 30.0 20.0
v 70.0 20.0 20.0
v 60.0 20.0 20.0
v 60.0 30.0 20.0
f 2489 2490 2491
f 2489 2491 2492
f 2493 2494 2495
f 2493 2495 2496
f 2494 2493 2491
f 2494 2491 2490
f 2495 2489 2492
f 2495 2492 2496
f 2495 2494 2490
f 2495 2490 2489
f 2496 2492 2491
f 2496 2491 2493
v 60.0 20.0 50.0
v 70.0 20.0 50.0
v 70.0 30.0 50.0
v 60.0 30.0 50.0
v 70.0 30.0 40.0
v 70.0 20.0 40.0
v 60.0 20.0 40.0
v 60.0 30.0 40.0
f 2497 2498 2499
f 2497 2499 2500
f 2501 2502 2503
f 2501 2503 2504
f 2502 2501 2499
f 2502 2499 2498
f 2503 2497 2500
f 2503 2500 2504
f 2503 2502 2498
f 2503 2498 2497
f 2504 2500 2499
f 2504 2499 2501
v 60.0 20.0 70.0
v 70.0 20.0 70.0
v 70.0 30.0 70.0
v 60.0 30.0 70.0
v 70.0 30.0 60.0
v 70.0 20.0 60.0
v 60.0 20.0 60.0
v 60.0 30.0 60.0
f 2505 2506 2507
f 2505 2507 2508
f 2509 2510 2511
f 2509 2511 2512
f 2510 2509 2507
f 2510 2507 2506
f 2511 2505 2508
f 2511 2508 2512
f 2511 2510 2506
f 2511 2506 2505
f 2512 2508 2507
f 2512 2507 2509
v 60.0 20.0 90.0
v 70.0 20.0 90.0
v 70.0 30.0 90.0
v 60.0 30.0 90.0
v 70.0 30.0 80.0
v 70.0 20.0 80.0
v 60.0 20.0 80.0
v 60.0 30.0 80.0
f 2513 2514 2515
f 2513 2515 2516
f 2517 2518 2519
f 2517 2519 2520
f 2518 2517 2515
f 2518 2515 2514
f 2519 2513 2516
f 2519 2516 2520
f 2519 2518 2514
f 2519 2514 2513
f 2520 2516 2515
f 2520 2515 2517
v 60.0 20.0 110.0
v 70.0 20.0 110.0
v 70.0 30.0 110.0
v 60.0 30.0 110.0
v 70.0 30.0 100.0
v 70.0 20.0 100.0
v 60.0 20.0 100.0
v 60.0 30.0 100.0
f 2521 2522 2523
f 2521 2523 2524
f 2525 2526 2527
f 2525 2527 2528
f 2526 2525 2523
f 2526 2523 2522
f 2527 2521 2524
f 2527 2524 2528
f 2527 2526 2522
f 2527 2522 2521
f 2528 2524 2523
f 2528 2523 2525
v 60.0 20.0 130.0
v 70.0 20.0 130.0
v 70.0 30.0 130.0
v 60.0 30.0 130.0
v 70.0 30.0 120.0
v 70.0 20.0 120.0
v 60.0 20.0 120.0
v 60.0 30.0 120.0
f 2529 2530 2531
f 2529 2531 2532
f 2533 2534 2535
f 2533 2535 2536
f 2534 2533 2531
f 2534 2531 2530
f 2535 2529 2532
f 2535 2532 2536
f 2535 2534 2530
f 2535 2530 2529
f 2536 2532 2531
f 2536 2531 2533
v 60.0 20.0 150.0
v 70.0 20.0 150.0
v 70.0 30.0 150.0
v 60.0 30.0 150.0
v 70.0 30.0 140.0
v 70.0 20.0 140.0
v 60.0 20.0 140.0
v 60.0 30.0 140.0
f 2537 2538 2539
f 2537 2539 2540
f 2541 2542 2543
f 2541 2543 2544
f 2542 2541 2539
f 2542 2539 2538
f 2543 2537 2540
f 2543 2540 2544
f 2543 2542 2538
f 2543 2538 2537
f 2544 2540 2539
f 2544 2539 2541
v 60.0 20.0 170.0
v 70.0 20.0 170.0
v 70.0 30.0 170.0
v 60.0 30.0 170.0
v 70.0 30.0 160.0
v 70.0 20.0 160.0
v 60.0 20.0 160.0
v 60.0 30.0 160.0
f 2545 2546 2547
f 2545 2547 2548
f 2549 2550 2551
f 2549 2551 2552
f 2550 2549 2547
f 2550 2547 2546
f 2551 2545 2548
f 2551 2548 2552
f 2551 2550 2546
f 2551 2546 2545
f 2552 2548 2547
f 2552 2547 2549
v 60.0 20.0 190.0
v 70.0 20.0 190.0
v 70.0 30.0 190.0
v 60.0 30.0 190.0
v 70.0 30.0 180.0
v 70.0 20.0 180.0
v 60.0 20.0 180.0
v 60.0 30.0 180.0
f 2553 2554 2555
f 2553 2555 2556
f 2557 2558 2559
f 2557 2559 2560
f 2558 2557 2555
f 2558 2555 2554
f 2559 2553 2556
f 2559 2556 2560
f 2559 2558 2554
f 2559 2554 2553
f 2560 2556 2555
f 2560 2555 2557
v 60.0 40.0 10.0
v 70.0 40.0 10.0
v 70.0 50.0 10.0
v 60.0 50.0 10.0
v 70.0 50.0 0.0
v 70.0 40.0 0.0
v 60.0 40.0 0.0
v 60.0 50.0 0.0
f 2561 2562 2563
f 2561 2563 2564
f 2565 2566 2567
f 2565 2567 2568
f 2566 2565 2563
f 2566 2563 2562
f 2567 2561 2564
f 2567 2564 2568
f 2567 2566 2562
f 2567 2562 2561
f 2568 2564 2563
f 2568 2563 2565
v 60.0 40.0 30.0
v 70.0 40.0 30.0
v 70.0 50.0 30.0
v 60.0 50.0 30.0
v 70.0 50.0 20.0
v 70.0 40.0 20.0
v 60.0 40.0 20.0
v 60.0 50.0 20.0
f 2569 2570 2571
f 2569 2571 2572
f 2573 2574 2575
f 2573 2575 2576
f 2574 2573 2571
f 2574 2571 2570
f 2575 2569 2572
f 2575 2572 2576
f 2575 2574 2570
f 2575 2570 2569
f 2576 2572 2571
f 2576 2571 2573
v 60.0 40.0 50.0
v 70.0 40.0 50.0
v 70.0 50.0 50.0
v 60.0 50.0 50.0
v 70.0 50.0 40.0
v 70.0 40.0 40.0
v 60.0 40.0 40.0
v 60.0 50.0 40.0
f 2577 2578 2579
f 2577 2579 2580
f 2581 2582 2583
f 2581 2583 2584
f 2582 2581 2579
f 2582 2579 2578
f 2583 2577 2580
f 2583 2580 2584
f 2583 2582 2578
f 2583 2578 2577
f 2584 2580 2579
f 2584 2579 2581
v 60.0 40.0 70.0
v 70.0 40.0 70.0
v 70.0 50.0 70.0
v 60.0 50.0 70.0
v 70.0 50.0 60.0
v 70.0 40.0 60.0
v 60.0 40.0 60.0
v 60.0 50.0 60.0
f 2585 2586 2587
f 2585 2587 2588
f 2589 2590 2591
f 2589 2591 2592
f 2590 2589 2587
f 2590 2587 2586
f 2591 2585 2588
f 2591 2588 2592
f 2591 2590 2586
f 2591 2586 2585
f 2592 2588 2587
f 2592 2587 2589
v 60.0 40.0 90.0
v 70.0 40.0 90.0
v 70.0 50.0 90.0
v 60.0 50.0 90.0
v 70.0 50.0 80.0
v 70.0 40.0 80.0
v 60.0 40.0 80.0
v 60.0 50.0 80.0
f 2593 2594 2595
f 2593 2595 2596
f 2597 2598 2599
f 2597 2599 2600
f 2598 2597 2595
f 2598 2595 2594
f 2599 2593 2596
f 2599 2596 2600
f 2599 2598 2594
f 2599 2594 2593
f 2600 2596 2595
f 2600 2595 2597
v 60.0 40.0 110.0
v 70.0 40.0 110.0
v 70.0 50.0 110.0
v 60.0 50.0 110.0
v 70.0 50.0 100.0
v 70.0 40.0 100.0
v 60.0 40.0 100.0
v 60.0 50.0 100.0
f 2601 2602 2603
f 2601 2603 2604
f 2605 2606 2607
f 2605 2607 2608
f 2606 2605 2603
f 2606 2603 2602
f 2607 2601 2604
f 2607 2604 2608
f 2607 2606 2602
f 2607 2602 2601
f 2608 2604 2603
f 2608 2603 2605
v 60.0 40.0 130.0
v 70.0 40.0 130.0
v 70.0 50.0 130.0
v 60.0 50.0 130.0
v 70.0 50.0 120.0
v 70.0 40.0 120.0
v 60.0 40.0 120.0
v 60.0 50.0 120.0
f 2609 2610 2611
f 2609 2611 2612
f 2613 2614 2615
f 2613 2615 2616
f 2614 2613 2611
f 2614 2611 2610
f 2615 2609 2612
f 2615 2612 2616
f 2615 2614 2610
f 2615 2610 2609
f 2616 2612 2611
f 2616 2611 2613
v 60.0 40.0 150.0
v 70.0 40.0 150.0
v 70.0 50.0 150.0
v 60.0 50.0 150.0
v 70.0 50.0 140.0
v 70.0 40.0 140.0
v 60.0 40.0 140.0
v 60.0 50.0 140.0
f 2617 2618 2619
f 2617 2619 2620
f 2621 2622 2623
f 2621 2623 2624
f 2622 2621 2619
f 2622 2619 2618
f 2623 2617 2620
f 2623 2620 2624
f 2623 2622 2618
f 2623 2618 2617
f 2624 2620 2619
f 2624 2619 2621
v 60.0 40.0 170.0
v 70.0 40.0 170.0
v 70.0 50.0 170.0
v 60.0 50.0 170.0
v 70.0 50.0 160.0
v 70.0 40.0 160.0
v 60.0 40.0 160.0
v 60.0 50.0 160.0
f 2625 2626 2627
f 2625 2627 2628
f 2629 2630 2631
f 2629 2631 2632
f 2630 2629 2627
f 2630 2627 2626
f 2631 2625 2628
f 2631 2628 2632
f 2631 2630 2626
f 2631 2626 2625
f 2632 2628 2627
f 2632 2627 2629
v 60.0 40.0 190.0
v 70.0 40.0 190.0
v 70.0 50.0 190.0
v 60.0 50.0 190.0
v 70.0 50.0 180.0
v 70.0 40.0 180.0
v 60.0 40.0 180.0
v 60.0 50.0 180.0
f 2633 2634 2635
f 2633 2635 2636
f 2637 2638 2639
f 2637 2639 2640
f 2638 2637 2635
f 2638 2635 2634
f 2639 2633 2636
f 2639 2636 2640
f 2639 2638 2634
f 2639 2634 2633
f 2640 2636 2635
f 2640 2635 2637
v 60.0 60.0 10.0
v 70.0 60.0 10.0
v 70.0 70.0 10.0
v 60.0 70.0 10.0
v 70.0 70.0 0.0
v 70.0 60.0 0.0
v 60.0 60.0 0.0
v 60.0 70.0 0.0
f 2641 2642 2643
f 2641 2643 2644
f 2645 2646 2647
f 2645 2647 2648
f 2646 2645 2643
f 2646 2643 2642
f 2647 2641 2644
f 2647 2644 2648
f 2647 2646 2642
f 2647 2642 2641
f 2648 2644 2643
f 2648 2643 2645
v 60.0 60.0 30.0
v 70.0 60.0 30.0
v 70.0 70.0 30.0
v 60.0 70.0 30.0
v 70.0 70.0 20.0
v 70.0 60.0 20.0
v 60.0 60.0 20.0
v 60.0 70.0 20.0
f 2649 2650 2651
f 2649 2651 2652
f 2653 2654 2655
f 2653 2655 2656
f 2654 2653 2651
f 2654 2651 2650
f 2655 2649 2652
f 2655 2652 2656
f 2655 2654 2650
f 2655 2650 2649
f 2656 2652 2651
f 2656 2651 2653
v 60.0 60.0 50.0
v 70.0 60.0 50.0
v 70.0 70.0 50.0
v 60.0 70.0 50.0
v 70.0 70.0 40.0
v 70.0 60.0 40.0
v 60.0 60.0 40.0
v 60.0 70.0 40.0
f 2657 2658 2659
f 2657 2659 2660
f 2661 2662 2663
f 2661 2663 2664
f 2662 2661 2659
f 2662 2659 2658
f 2663 2657 2660
f 2663 2660 2664
f 2663 2662 2658
f 2663 2658 2657
f 2664 2660 2659
f 2664 2659 2661
v 60.0 60.0 70.0
v 70.0 60.0 70.0
v 70.0 70.0 70.0
v 60.0 70.0 70.0
v 70.0 70.0 60.0
v 70.0 60.0 60.0
v 60.0 60.0 60.0
v 60.0 70.0 60.0
f 2665 2666 2667
f 2665 2667 2668
f 2669 2670 2671
f 2669 2671 2672
f 2670 2669 2667
f 2670 2667 2666
f 2671 2665 2668
f 2671 2668 2672
f 2671 2670 2666
f 2671 2666 2665
f 2672 2668 2667
f 2672 2667 2669
v 60.0 60.0 90.0
v 70.0 60.0 90.0
v 70.0 70.0 90.0
v 60.0 70.0 90.0
v 70.0 70.0 80.0
v 70.0 60.0 80.0
v 60.0 60.0 80.0
v 60.0 70.0 80.0
f 2673 2674 2675
f 2673 2675 2676
f 2677 2678 2679
f 2677 2679 2680
f 2678 2677 2675
f 2678 2675 2674
f 2679 2673 2676
f 2679 2676 2680
f 2679 2678 2674
f 2679 2674 2673
f 2680 2676 2675
f 2680 2675 2677
v 60.0 60.0 110.0
v 70.0 60.0 110.0
v 70.0 70.0 110.0
v 60.0 70.0 110.0
v 70.0 70.0 100.0
v 70.0 60.0 100.0
v 60.0 60.0 100.0
v 60.0 70.0 100.0
f 2681 2682 2683
f 2681 2683 2684
f 2685 2686 2687
f 2685 2687 2688
f 2686 2685 2683
f 2686 2683 2682
f 2687 2681 2684
f 2687 2684 2688
f 2687 2686 2682
f 2687 2682 2681
f 2688 2684 2683
f 2688 2683 2685
v 60.0 60.0 130.0
v 70.0 60.0 130.0
v 70.0 70.0 130.0
v 60.0 70.0 130.0
v 70.0 70.0 120.0
v 70.0 60.0 120.0
v 60.0 60.0 120.0
v 60.0 70.0 120.0
f 2689 2690 2691
f 2689 2691 2692
f 2693 2694 2695
f 2693 2695 2696
f 2694 2693 2691
f 2694 2691 2690
f 2695 2689 2692
f 2695 2692 2696
f 2695 2694 2690
f 2695 2690 2689
f 2696 2692 2691
f 2696 2691 2693
v 60.0 60.0 150.0
v 70.0 60.0 150.0
v 70.0 70.0 150.0
v 60.0 70.0 150.0
v 70.0 70.0 140.0
v 70.0 60.0 140.0
v 60.0 60.0 140.0
v 60.0 70.0 140.0
f 2697 2698 2699
f 2697 2699 2700
f 2701 2702 2703
f 2701 2703 2704
f 2702 2701 2699
f 2702 2699 2698
f 2703 2697 2700
f 2703 2700 2704
f 2703 2702 2698
f 2703 2698 2697
f 2704 2700 2699
f 2704 2699 2701
v 60.0 60.0 170.0
v 70.0 60.0 170.0
v 70.0 70.0 170.0
v 60.0 70.0 170.0
v 70.0 70.0 160.0
v 70.0 60.0 160.0
v 60.0 60.0 160.0
v 60.0 70.0 160.0
f 2705 2706 2707
f 2705 2707 2708
f 2709 2710 2711
f 2709 2711 2712
f 2710 2709 2707
f 2710 2707 2706
f 2711 2705 2708
f 2711 2708 2712
f 2711 2710 2706
f 2711 2706 2705
f 2712 2708 2707
f 2712 2707 2709
v 60.0 60.0 190.0
v 70.0 60.0 190.0
v 70.0 70.0 190.0
v 60.0 70.0 190.0
v 70.0 70.0 180.0
v 70.0 60.0 180.0
v 60.0 60.0 180.0
v 60.0 70.0 180.0
f 2713 2714 2715
f 2713 2715 2716
f 2717 2718 2719
f 2717 2719 2720
f 2718 2717 2715
f 2718 2715 2714
f 2719 2713 2716
f 2719 2716 2720
f 2719 2718 2714
f 2719 2714 2713
f 2720 2716 2715
f 2720 2715 2717
v 60.0 80.0 10.0
v 70.0 80.0 10.0
v 70.0 90.0 10.0
v 60.0 90.0 10.0
v 70.0 90.0 0.0
v 70.0 80.0 0.0
v 60.0 80.0 0.0
v 60.0 90.0 0.0
f 2721 2722 2723
f 2721 2723 2724
f 2725 2726 2727
f 2725 2727 2728
f 2726 2725 2723
f 2726 2723 2722
f 2727 2721 2724
f 2727 2724 2728
f 2727 2726 2722
f 2727 2722 2721
f 2728 2724 2723
f 2728 2723 2725
v 60.0 80.0 30.0
v 70.0 80.0 30.0
v 70.0 90.0 30.0
v 60.0 90.0 30.0
v 70.0 90.0 20.0
v 70.0 80.0 20.0
v 60.0 80.0 20.0
v 60.0 90.0 20.0
f 2729 2730 2731
f 2729 2731 2732
f 2733 2734 2735
f 2733 2735 2736
f 2734 2733 2731
f 2734 2731 2730
f 2735 2729 2732
f 2735 2732 2736
f 2735 2734 2730
f 2735 2730 2729
f 2736 2732 2731
f 2736 2731 2733
v 60.0 80.0 50.0
v 70.0 80.0 50.0
v 70.0 90.0 50.0
v 60.0 90.0 50.0
v 70.0 90.0 40.0
v 70.0 80.0 40.0
v 60.0 80.0 40.0
v 60.0 90.0 40.0
f 2737 2738 2739
f 2737 2739 2740
f 2741 2742 2743
f 2741 2743 2744
f 2742 2741 2739
f 2742 2739 2738
f 2743 2737 2740
f 2743 2740 2744
f 2743 2742 2738
f 2743 2738 2737
f 2744 2740 2739
f 2744 2739 2741
v 60.0 80.0 70.0
v 70.0 80.0 70.0
v 70.0 90.0 70.0
v 60.0 90.0 70.0
v 70.0 90.0 60.0
v 70.0 80.0 60.0
v 60.0 80.0 60.0
v 60.0 90.0 60.0
f 2745 2746 2747
f 2745 2747 2748
f 2749 2750 2751
f 2749 2751 2752
f 2750 2749 2747
f 2750 2747 2746
f 2751 2745 2748
f 2751 2748 2752
f 2751 2750 2746
f 2751 2746 2745
f 2752 2748 2747
f 2752 2747 2749
v 60.0 80.0 90.0
v 70.0 80.0 90.0
v 70.0 90.0 90.0
v 60.0 90.0 90.0
v 70.0 90.0 80.0
v 70.0 80.0 80.0
v 60.0 80.0 80.0
v 60.0 90.0 80.0
f 2753 2754 2755
f 2753 2755 2756
f 2757 2758 2759
f 2757 2759 2760
f 2758 2757 2755
f 2758 2755 2754
f 2759 2753 2756
f 2759 2756 2760
f 2759 2758 2754
f 2759 2754 2753
f 2760 2756 2755
f 2760 2755 2757
v 60.0 80.0 110.0
v 70.0 80.0 110.0
v 70.0 90.0 110.0
v 60.0 90.0 110.0
v 70.0 90.0 100.0
v 70.0 80.0 100.0
v 60.0 80.0 100.0
v 60.0 90.0 100.0
f 2761 2762 2763
f 2761 2763 2764
f 2765 2766 2767
f 2765 2767 2768
f 2766 2765 2763
f 2766 2763 2762
f 2767 2761 2764
f 2767 2764 2768
f 2767 2766 2762
f 2767 2762 2761
f 2768 2764 2763
f 2768 2763 2765
v 60.0 80.0 130.0
v 70.0 80.0 130.0
v 70.0 90.0 130.0
v 60.0 90.0 130.0
v 70.0 90.0 120.0
v 70.0 80.0 120.0
v 60.0 80.0 120.0
v 60.0 90.0 120.0
f 2769 2770 2771
f 2769 2771 2772
f 2773 2774 2775
f 2773 2775 2776
f 2774 2773 2771
f 2774 2771 2770
f 2775 2769 2772
f 2775 2772 2776
f 2775 2774 2770
f 2775 2770 2769
f 2776 2772 2771
f 2776 2771 2773
v 60.0 80.0 150.0
v 70.0 80.0 150.0
v 70.0 90.0 150.0
v 60.0 90.0 150.0
v 70.0 90.0 140.0
v 70.0 80.0 140.0
v 60.0 80.0 140.0
v 60.0 90.0 140.0
f 2777 2778 2779
f 2777 2779 2780
f 2781 2782 2783
f 2781 2783 2784
f 2782 2781 2779
f 2782 2779 2778
f 2783 2777 2780
f 2783 2780 2784
f 2783 2782 2778
f 2783 2778 2777
f 2784 2780 2779
f 2784 2779 2781
v 60.0 80.0 170.0
v 70.0 80.0 170.0
v 70.0 90.0 170.0
v 60.0 90.0 170.0
v 70.0 90.0 160.0
v 70.0 80.0 160.0
v 60.0 80.0 160.0
v 60.0 90.0 160.0
f 2785 2786 2787
f 2785 2787 2788
f 2789 2790 2791
f 2789 2791 2792
f 2790 2789 2787
f 2790 2787 2786
f 2791 2785 2788
f 2791 2788 2792
f 2791 2790 2786
f 2791 2786 2785
f 2792 2788 2787
f 2792 2787 2789
v 60.0 80.0 190.0
v 70.0 80.0 190.0
v 70.0 90.0 190.0
v 60.0 90.0 190.0
v 70.0 90.0 180.0
v 70.0 80.0 180.0
v 60.0 80.0 180.0
v 60.0 90.0 180.0
f 2793 2794 2795
f 2793 2795 2796
f 2797 2798 2799
f 2797 2799 2800
f 2798 2797 2795
f 2798 2795 2794
f 2799 2793 2796
f 2799 2796 2800
f 2799 2798 2794
f 2799 2794 2793
f 2800 2796 2795
f 2800 2795 2797
v 60.0 100.0 10.0
v 70.0 100.0 10.0
v 70.0 110.0 10.0
v 60.0 110.0 10.0
v 70.0 110.0 0.0
v 70.0 100.0 0.0
v 60.0 100.0 0.0
v 60.0 110.0 0.0
f 2801 2802 2803
f 2801 2803 2804
f 2805 2806 2807
f 2805 2807 2808
f 2806 2805 2803
f 2806 2803 2802
f 2807 2801 2804
f 2807 2804 2808
f 2807 2806 2802
f 2807 2802 2801
f 2808 2804 2803
f 2808 2803 2805
v 60.0 100.0 30.0
v 70.0 100.0 30.0
v 70.0 110.0 30.0
v 60.0 110.0 30.0
v 70.0 110.0 20.0
v 70.0 100.0 20.0
v 60.0 100.0 20.0
v 60.0 110.0 20.0
f 2809 2810 2811
f 2809 2811 2812
f 2813 2814 2815
f 2813 2815 2816
f 2814 2813 2811
f 2814 2811 2810
f 2815 2809 2812
f 2815 2812 2816
f 2815 2814 2810
f 2815 2810 2809
f 2816 2812 2811
f 2816 2811 2813
v 60.0 100.0 50.0
v 70.0 100.0 50.0
v 70.0 110.0 50.0
v 60.0 110.0 50.0
v 70.0 110.0 40.0
v 70.0 100.0 40.0
v 60.0 100.0 40.0
v 60.0 110.0 40.0
f 2817 2818 2819
f 2817 2819 2820
f 2821 2822 2823
f 2821 2823 2824
f 2822 2821 2819
f 2822 2819 2818
f 2823 2817 2820
f 2823 2820 2824
f 2823 2822 2818
f 2823 2818 2817
f 2824 2820 2819
f 2824 2819 2821
v 60.0 100.0 70.0
v 70.0 100.0 70.0
v 70.0 110.0 70.0
v 60.0 110.0 70.0
v 70.0 110.0 60.0
v 70.0 100.0 60.0
v 60.0 100.0 60.0
v 60.0 110.0 60.0
f 2825 2826 2827
f 2825 2827 2828
f 2829 2830 2831
f 2829 2831 2832
f 2830 2829 2827
f 2830 2827 2826
f 2831 2825 2828
f 2831 2828 2832
f 2831 2830 2826
f 2831 2826 2825
f 2832 2828 2827
f 2832 2827 2829
v 60.0 100.0 90.0
v 70.0 100.0 90.0
v 70.0 110.0 90.0
v 60.0 110.0 90.0
v 70.0 110.0 80.0
v 70.0 100.0 80.0
v 60.0 100.0 80.0
v 60.0 110.0 80.0
f 2833 2834 2835
f 2833 2835 2836
f 2837 2838 2839
f 2837 2839 2840
f 2838 2837 2835
f 2838 2835 2834
f 2839 2833 2836
f 2839 2836 2840
f 2839 2838 2834
f 2839 2834 2833
f 2840 2836 2835
f 2840 2835 2837
v 60.0 100.0 110.0
v 70.0 100.0 110.0
v 70.0 110.0 110.0
v 60.0 110.0 110.0
v 70.0 110.0 100.0
v 70.0 100.0 100.0
v 60.0 100.0 100.0
v 60.0 110.0 100.0
f 2841 2842 2843
f 2841 2843 2844
f 2845 2846 2847
f 2845 2847 2848
f 2846 2845 2843
f 2846 2843 2842
f 2847 2841 2844
f 2847 2844 2848
f 2847 2846 2842
f 2847 2842 2841
f 2848 2844 2843
f 2848 2843 2845
v 60.0 100.0 130.0
v 70.0 100.0 130.0
v 70.0 110.0 130.0
v 60.0 110.0 130.0
v 70.0 110.0 120.0
v 70.0 100.0 120.0
v 60.0 100.0 120.0
v 60.0 110.0 120.0
f 2849 2850 2851
f 2849 2851 2852
f 2853 2854 2855
f 2853 2855 2856
f 2854 2853 2851
f 2854 2851 2850
f 2855 2849 2852
f 2855 2852 2856
f 2855 2854 2850
f 2855 2850 2849
f 2856 2852 2851
f 2856 2851 2853
v 60.0 100.0 150.0
v 70.0 100.0 150.0
v 70.0 110.0 150.0
v 60.0 110.0 150.0
v 70.0 110.0 140.0
v 70.0 100.0 140.0
v 60.0 100.0 140.0
v 60.0 110.0 140.0
f 2857 2858 2859
f 2857 2859 2860
f 2861 2862 2863
f 2861 2863 2864
f 2862 2861 2859
f 2862 2859 2858
f 2863 2857 2860
f 2863 2860 2864
f 2863 2862 2858
f 2863 2858 2857
f 2864 2860 2859
f 2864 2859 2861
v 60.0 100.0 170.0
v 70.0 100.0 170.0
v 70.0 110.0 170.0
v 60.0 110.0 170.0
v 70.0 110.0 160.0
v 70.0 100.0 160.0
v 60.0 100.0 160.0
v 60.0 110.0 160.0
f 2865 2866 2867
f 2865 2867 2868
f 2869 2870 2871
f 2869 2871 2872
f 2870 2869 2867
f 2870 2867 2866
f 2871 2865 2868
f 2871 2868 2872
f 2871 2870 2866
f 2871 2866 2865
f 2872 2868 2867
f 2872 2867 2869
v 60.0 100.0 190.0
v 70.0 100.0 190.0
v 70.0 110.0 190.0
v 60.0 110.0 190.0
v 70.0 110.0 180.0
v 70.0 100.0 180.0
v 60.0 100.0 180.0
v 60.0 110.0 180.0
f 2873 2874 2875
f 2873 2875 2876
f 2877 2878 2879
f 2877 2879 2880
f 2878 2877 2875
f 2878 2875 2874
f 2879 2873 2876
f 2879 2876 2880
f 2879 2878 2874
f 2879 2874 2873
f 2880 2876 2875
f 2880 2875 2877
v 60.0 120.0 10.0
v 70.0 120.0 10.0
v 70.0 130.0 10.0
v 60.0 130.0 10.0
v 70.0 130.0 0.0
v 70.0 120.0 0.0
v 60.0 120.0 0.0
v 60.0 130.0 0.0
f 2881 2882 2883
f 2881 2883 2884
f 2885 2886 2887
f 2885 2887 2888
f 2886 2885 2883
f 2886 2883 2882
f 2887 2881 2884
f 2887 2884 2888
f 2887 2886 2882
f 2887 2882 2881
f 2888 2884 2883
f 2888 2883 2885
v 60.0 120.0 30.0
v 70.0 120.0 30.0
v 70.0 130.0 30.0
v 60.0 130.0 30.0
v 70.0 130.0 20.0
v 70.0 120.0 20.0
v 60.0 120.0 20.0
v 60.0 130.0 20.0
f 2889 2890 2891
f 2889 2891 2892
f 2893 2894 2895
f 2893 2895 2896
f 2894 2893 2891
f 2894 2891 2890
f 2895 2889 2892
f 2895 2892 2896
f 2895 2894 2890
f 2895 2890 2889
f 2896 2892 2891
f 2896 2891 2893
v 60.0 120.0 50.0
v 70.0 120.0 50.0
v 70.0 130.0 50.0
v 60.0 130.0 50.0
v 70.0 130.0 40.0
v 70.0 120.0 40.0
v 60.0 120.0 40.0
v 60.0 130.0 40.0
f 2897 2898 2899
f 2897 2899 2900
f 2901 2902 2903
f 2901 2903 2904
f 2902 2901 2899
f 2902 2899 2898
f 2903 2897 2900
f 2903 2900 2904
f 2903 2902 2898
f 2903 2898 2897
f 2904 2900 2899
f 2904 2899 2901
v 60.0 120.0 70.0
v 70.0 120.0 70.0
v 70.0 130.0 70.0
v 60.0 130.0 70.0
v 70.0 130.0 60.0
v 70.0 120.0 60.0
v 60.0 120.0 60.0
v 60.0 130.0 60.0
f 2905 2906 2907
f 2905 2907 2908
f 2909 2910 2911
f 2909 2911 2912
f 2910 2909 2907
f 2910 2907 2906
f 2911 2905 2908
f 2911 2908 2912
f 2911 2910 2906
f 2911 2906 2905
f 2912 2908 2907
f 2912 2907 2909
v 60.0 120.0 90.0
v 70.0 120.0 90.0
v 70.0 130.0 90.0
v 60.0 130.0 90.0
v 70.0 130.0 80.0
v 70.0 120.0 80.0
v 60.0 120.0 80.0
v 60.0 130.0 80.0
f 2913 2914 2915
f 2913 2915 2916
f 2917 2918 2919
f 2917 2919 2920
f 2918 2917 2915
f 2918 2915 2914
f 2919 2913 2916
f 2919 2916 2920
f 2919 2918 2914
f 2919 2914 2913
f 2920 2916 2915
f 2920 2915 2917
v 60.0 120.0 110.0
v 70.0 120.0 110.0
v 70.0 130.0 110.0
v 60.0 130.0 110.0
v 70.0 130.0 100.0
v 70.0 120.0 100.0
v 60.0 120.0 100.0
v 60.0 130.0 100.0
f 2921 2922 2923
f 2921 2923 2924
f 2925 2926 2927
f 2925 2927 2928
f 2926 2925 2923
f 2926 2923 2922
f 2927 2921 2924
f 2927 2924 2928
f 2927 2926 2922
f 2927 2922 2921
f 2928 2924 2923
f 2928 2923 2925
v 60.0 120.0 130.0
v 70.0 120.0 130.0
v 70.0 130.0 130.0
v 60.0 130.0 130.0
v 70.0 130.0 120.0
v 70.0 120.0 120.0
v 60.0 120.0 120.0
v 60.0 130.0 120.0
f 2929 2930 2931
f 2929 2931 2932
f 2933 2934 2935
f 2933 2935 2936
f 2934 2933 2931
f 2934 2931 2930
f 2935 2929 2932
f 2935 2932 2936
f 2935 2934 2930
f 2935 2930 2929
f 2936 2932 2931
f 2936 2931 2933
v 60.0 120.0 150.0
v 70.0 120.0 150.0
v 70.0 130.0 150.0
v 60.0 130.0 150.0
v 70.0 130.0 140.0
v 70.0 120.0 140.0
v 60.0 120.0 140.0
v 60.0 130.0 140.0
f 2937 2938 2939
f 2937 2939 2940
f 2941 2942 2943
f 2941 2943 2944
f 2942 2941 2939
f 2942 2939 2938
f 2943 2937 2940
f 2943 2940 2944
f 2943 2942 2938
f 2943 2938 2937
f 2944 2940 2939
f 2944 2939 2941
v 60.0 120.0 170.0
v 70.0 120.0 170.0
v 70.0 130.0 170.0
v 60.0 130.0 170.0
v 70.0 130.0 160.0
v 70.0 120.0 160.0
v 60.0 120.0 160.0
v 60.0 130.0 160.0
f 2945 2946 2947
f 2945 2947 2948
f 2949 2950 2951
f 2949 2951 2952
f 2950 2949 2947
f 2950 2947 2946
f 2951 2945 2948
f 2951 2948 2952
f 2951 2950 2946
f 2951 2946 2945
f 2952 2948 2947
f 2952 2947 2949
v 60.0 120.0 190.0
v 70.0 120.0 190.0
v 70.0 130.0 190.0
v 60.0 130.0 190.0
v 70.0 130.0 180.0
v 70.0 120.0 180.0
v 60.0 120.0 180.0
v 60.0 130.0 180.0
f 2953 2954 2955
f 2953 2955 2956
f 2957 2958 2959
f 2957 2959 2960
f 2958 2957 2955
f 2958 2955 2954
f 2959 2953 2956
f 2959 2956 2960
f 2959 2958 2954
f 2959 2954 2953
f 2960 2956 2955
f 2960 2955 2957
v 60.0 140.0 10.0
v 70.0 140.0 10.0
v 70.0 150.0 10.0
v 60.0 150.0 10.0
v 70.0 150.0 0.0
v 70.0 140.0 0.0
v 60.0 140.0 0.0
v 60.0 150.0 0.0
f 2961 2962 2963
f 2961 2963 2964
f 2965 2966 2967
f 2965 2967 2968
f 2966 2965 2963
f 2966 2963 2962
f 2967 2961 2964
f 2967 2964 2968
f 2967 2966 2962
f 2967 2962 2961
f 2968 2964 2963
f 2968 2963 2965
v 60.0 140.0 30.0
v 70.0 140.0 30.0
v 70.0 150.0 30.0
v 60.0 150.0 30.0
v 70.0 150.0 20.0
v 70.0 140.0 20.0
v 60.0 140.0 20.0
v 60.0 150.0 20.0
f 2969 2970 2971
f 2969 2971 2972
f 2973 2974 2975
f 2973 2975 2976
f 2974 2973 2971
f 2974 2971 2970
f 2975 2969 2972
f 2975 2972 2976
f 2975 2974 2970
f 2975 2970 2969
f 2976 2972 2971
f 2976 2971 2973
v 60.0 140.0 50.0
v 70.0 140.0 50.0
v 70.0 150.0 50.0
v 60.0 150.0 50.0
v 70.0 150.0 40.0
v 70.0 140.0 40.0
v 60.0 140.0 40.0
v 60.0 150.0 40.0
f 2977 2978 2979
f 2977 2979 2980
f 2981 2982 2983
f 2981 2983 2984
f 2982 2981 2979
f 2982 2979 2978
f 2983 2977 2980
f 2983 2980 2984
f 2983 2982 2978
f 2983 2978 2977
f 2984 2980 2979
f 2984 2979 2981
v 60.0 140.0 70.0
v 70.0 140.0 70.0
v 70.0 150.0 70.0
v 60.0 150.0 70.0
v 70.0 150.0 60.0
v 70.0 140.0 60.0
v 60.0 140.0 60.0
v 60.0 150.0 60.0
f 2985 2986 2987
f 2985 2987 2988
f 2989 2990 2991
f 2989 2991 2992
f 2990 2989 2987
f 2990 2987 2986
f 2991 2985 2988
f 2991 2988 2992
f 2991 2990 2986
f 2991 2986 2985
f 2992 2988 2987
f 2992 2987 2989
v 60.0 140.0 90.0
v 70.0 140.0 90.0
v 70.0 150.0 90.0
v 60.0 150.0 90.0
v 70.0 150.0 80.0
v 70.0 140.0 80.0
v 60.0 140.0 80.0
v 60.0 150.0 80.0
f 2993 2994 2995
f 2993 2995 2996
f 2997 2998 2999
f 2997 2999 3000
f 2998 2997 2995
f 2998 2995 2994
f 2999 2993 2996
f 2999 2996 3000
f 2999 2998 2994
f 2999 2994 2993
f 3000 2996 2995
f 3000 2995 2997
v 60.0 140.0 110.0
v 70.0 140.0 110.0
v 70.0 150.0 110.0
v 60.0 150.0 110.0
v 70.0 150.0 100.0
v 70.0 140.0 100.0
v 60.0 140.0 100.0
v 60.0 150.0 100.0
f 3001 3002 3003
f 3001 3003 3004
f 3005 3006 3007
f 3005 3007 3008
f 3006 3005 3003
f 3006 3003 3002
f 3007 3001 3004
f 3007 3004 3008
f 3007 3006 3002
f 3007 3002 3001
f 3008 3004 3003
f 3008 3003 3005
v 60.0 140.0 130.0
v 70.0 140.0 130.0
v 70.0 150.0 130.0
v 60.0 150.0 130.0
v 70.0 150.0 120.0
v 70.0 140.0 120.0
v 60.0 140.0 120.0
v 60.0 150.0 120.0
f 3009 3010 3011
f 3009 3011 3012
f 3013 3014 3015
f 3013 3015 3016
f 3014 3013 3011
f 3014 3011 3010
f 3015 3009 3012
f 3015 3012 3016
f 3015 3014 3010
f 3015 3010 3009
f 3016 3012 3011
f 3016 3011 3013
v 60.0 140.0 150.0
v 70.0 140.0 150.0
v 70.0 150.0 150.0
v 60.0 150.0 150.0
v 70.0 150.0 140.0
v 70.0 140.0 140.0
v 60.0 140.0 140.0
v 60.0 150.0 140.0
f 3017 3018 3019
f 3017 3019 3020
f 3021 3022 3023
f 3021 3023 3024
f 3022 3021 3019
f 3022 3019 3018
f 3023 3017 3020
f 3023 3020 3024
f 3023 3022 3018
f 3023 3018 3017
f 3024 3020 3019
f 3024 3019 3021
v 60.0 140.0 170.0
v 70.0 140.0 170.0
v 70.0 150.0 170.0
v 60.0 150.0 170.0
v 70.0 150.0 160.0
v 70.0 140.0 160.0
v 60.0 140.0 160.0
v 60.0 150.0 160.0
f 3025 3026 3027
f 3025 3027 3028
f 3029 3030 3031
f 3029 3031 3032
f 3030 3029 3027
f 3030 3027 3026
f 3031 3025 3028
f 3031 3028 3032
f 3031 3030 3026
f 3031 3026 3025
f 3032 3028 3027
f 3032 3027 3029
v 60.0 140.0 190.0
v 70.0 140.0 190.0
v 70.0 150.0 190.0
v 60.0 150.0 190.0
v 70.0 150.0 180.0
v 70.0 140.0 180.0
v 60.0 140.0 180.0
v 60.0 150.0 180.0
f 3033 3034 3035
f 3033 3035 3036
f 3037 3038 3039
f 3037 3039 3040
f 3038 3037 3035
f 3038 3035 3034
f 3039 3033 3036
f 3039 3036 3040
f 3039 3038 3034
f 3039 3034 3033
f 3040 3036 3035
f 3040 3035 3037
v 60.0 160.0 10.0
v 70.0 160.0 10.0
v 70.0 170.0 10.0
v 60.0 170.0 10.0
v 70.0 170.0 0.0
v 70.0 160.0 0.0
v 60.0 160.0 0.0
v 60.0 170.0 0.0
f 3041 3042 3043
f 3041 3043 3044
f 3045 3046 3047
f 3045 3047 3048
f 3046 3045 3043
f 3046 3043 3042
f 3047 3041 3044
f 3047 3044 3048
f 3047 3046 3042
f 3047 3042 3041
f 3048 3044 3043
f 3048 3043 3045
v 60.0 160.0 30.0
v 70.0 160.0 30.0
v 70.0 170.0 30.0
v 60.0 170.0 30.0
v 70.0 170.0 20.0
v 70.0 160.0 20.0
v 60.0 160.0 20.0
v 60.0 170.0 20.0
f 3049 3050 3051
f 3049 3051 3052
f 3053 3054 3055
f 3053 3055 3056
f 3054 3053 3051
f 3054 3051 3050
f 3055 3049 3052
f 3055 3052 3056
f 3055 3054 3050
f 3055 3050 3049
f 3056 3052 3051
f 3056 3051 3053
v 60.0 160.0 50.0
v 70.0 160.0 50.0
v 70.0 170.0 50.0
v 60.0 170.0 50.0
v 70.0 170.0 40.0
v 70.0 160.0 40.0
v 60.0 160.0 40.0
v 60.0 170.0 40.0
f 3057 3058 3059
f 3057 3059 3060
f 3061 3062 3063
f 3061 3063 3064
f 3062 3061 3059
f 3062 3059 3058
f 3063 3057 3060
f 3063 3060 3064
f 3063 3062 3058
f 3063 3058 3057
f 3064 3060 3059
f 3064 3059 3061
v 60.0 160.0 70.0
v 70.0 160.0 70.0
v 70.0 170.0 70.0
v 60.0 170.0 70.0
v 70.0 170.0 60.0
v 70.0 160.0 60.0
v 60.0 160.0 60.0
v 60.0 170.0 60.0
f 3065 3066 3067
f 3065 3067 3068
f 3069 3070 3071
f 3069 3071 3072
f 3070 3069 3067
f 3070 3067 3066
f 3071 3065 3068
f 3071 3068 3072
f 3071 3070 3066
f 3071 3066 3065
f 3072 3068 3067
f 3072 3067 3069
v 60.0 160.0 90.0
v 70.0 160.0 90.0
v 70.0 170.0 90.0
v 60.0 170.0 90.0
v 70.0 170.0 80.0
v 70.0 160.0 80.0
v 60.0 160.0 80.0
v 60.0 170.0 80.0
f 3073 3074 3075
f 3073 3075 3076
f 3077 3078 3079
f 3077 3079 3080
f 3078 3077 3075
f 3078 3075 3074
f 3079 3073 3076
f 3079 3076 3080
f 3079 3078 3074
f 3079 3074 3073
f 3080 3076 3075
f 3080 3075 3077
v 60.0 160.0 110.0
v 70.0 160.0 110.0
v 70.0 170.0 110.0
v 60.0 170.0 110.0
v 70.0 170.0 100.0
v 70.0 160.0 100.0
v 60.0 160.0 100.0
v 60.0 170.0 100.0
f 3081 3082 3083
f 3081 3083 3084
f 3085 3086 3087
f 3085 3087 3088
f 3086 3085 3083
f 3086 3083 3082
f 3087 3081 3084
f 3087 3084 3088
f 3087 3086 3082
f 3087 3082 3081
f 3088 3084 3083
f 3088 3083 3085
v 60.0 160.0 130.0
v 70.0 160.0 130.0
v 70.0 170.0 130.0
v 60.0 170.0 130.0
v 70.0 170.0 120.0
v 70.0 160.0 120.0
v 60.0 160.0 120.0
v 60.0 170.0 120.0
f 3089 3090 3091
f 3089 3091 3092
f 3093 3094 3095
f 3093 3095 3096
f 3094 3093 3091
f 3094 3091 3090
f 3095 3089 3092
f 3095 3092 3096
f 3095 3094 3090
f 3095 3090 3089
f 3096 3092 3091
f 3096 3091 3093
v 60.0 160.0 150.0
v 70.0 160.0 150.0
v 70.0 170.0 150.0
v 60.0 170.0 150.0
v 70.0 170.0 140.0
v 70.0 160.0 140.0
v 60.0 160.0 140.0
v 60.0 170.0 140.0
f 3097 3098 3099
f 3097 3099 3100
f 3101 3102 3103
f 3101 3103 3104
f 3102 3101 3099
f 3102 3099 3098
f 3103 3097 3100
f 3103 3100 3104
f 3103 3102 3098
f 3103 3098 3097
f 3104 3100 3099
f 3104 3099 3101
v 60.0 160.0 170.0
v 70.0 160.0 170.0
v 70.0 170.0 170.0
v 60.0 170.0 170.0
v 70.0 170.0 160.0
v 70.0 160.0 160.0
v 60.0 160.0 160.0
v 60.0 170.0 160.0
f 3105 3106 3107
f 3105 3107 3108
f 3109 3110 3111
f 3109 3111 3112
f 3110 3109 3107
f 3110 3107 3106
f 3111 3105 3108
f 3111 3108 3112
f 3111 3110 3106
f 3111 3106 3105
f 3112 3108 3107
f 3112 3107 3109
v 60.0 160.0 190.0
v 70.0 160.0 190.0
v 70.0 170.0 190.0
v 60.0 170.0 190.0
v 70.0 170.0 180.0
v 70.0 160.0 180.0
v 60.0 160.0 180.0
v 60.0 170.0 180.0
f 3113 3114 3115
f 3113 3115 3116
f 3117 3118 3119
f 3117 3119 3120
f 3118 3117 3115
f 3118 3115 3114
f 3119 3113 3116
f 3119 3116 3120
f 3119 3118 3114
f 3119 3114 3113
f 3120 3116 3115
f 3120 3115 3117
v 60.0 180.0 10.0
v 70.0 180.0 10.0
v 70.0 190.0 10.0
v 60.0 190.0 10.0
v 70.0 190.0 0.0
v 70.0 180.0 0.0
v 60.0 180.0 0.0
v 60.0 190.0 0.0
f 3121 3122 3123
f 3121 3123 3124
f 3125 3126 3127
f 3125 3127 3128
f 3126 3125 3123
f 3126 3123 3122
f 3127 3121 3124
f 3127 3124 3128
f 3127 3126 3122
f 3127 3122 3121
f 3128 3124 3123
f 3128 3123 3125
v 60.0 180.0 30.0
v 70.0 180.0 30.0
v 70.0 190.0 30.0
v 60.0 190.0 30.0
v 70.0 190.0 20.0
v 70.0 180.0 20.0
v 60.0 180.0 20.0
v 60.0 190.0 20.0
f 3129 3130 3131
f 3129 3131 3132
f 3133 3134 3135
f 3133 3135 3136
f 3134 3133 3131
f 3134 3131 3130
f 3135 3129 3132
f 3135 3132 3136
f 3135 3134 3130
f 3135 3130 3129
f 3136 3132 3131
f 3136 3131 3133
v 60.0 180.0 50.0
v 70.0 180.0 50.0
v 70.0 190.0 50.0
v 60.0 190.0 50.0
v 70.0 190.0 40.0
v 70.0 180.0 40.0
v 60.0 180.0 40.0
v 60.0 190.0 40.0
f 3137 3138 3139
f 3137 3139 3140
f 3141 3142 3143
f 3141 3143 3144
f 3142 3141 3139
f 3142 3139 3138
f 3143 3137 3140
f 3143 3140 3144
f 3143 3142 3138
f 3143 3138 3137
f 3144 3140 3139
f 3144 3139 3141
v 60.0 180.0 70.0
v 70.0 180.0 70.0
v 70.0 190.0 70.0
v 60.0 190.0 70.0
v 70.0 190.0 60.0
v 70.0 180.0 60.0
v 60.0 180.0 60.0
v 60.0 190.0 60.0
f 3145 3146 3147
f 3145 3147 3148
f 3149 3150 3151
f 3149 3151 3152
f 3150 3149 3147
f 3150 3147 3146
f 3151 3145 3148
f 3151 3148 3152
f 3151 3150 3146
f 3151 3146 3145
f 3152 3148 3147
f 3152 3147 3149
v 60.0 180.0 90.0
v 70.0 180.0 90.0
v 70.0 190.0 90.0
v 60.0 190.0 90.0
v 70.0 190.0 80.0
v 70.0 180.0 80.0
v 60.0 180.0 80.0
v 60.0 190.0 80.0
f 3153 3154 3155
f 3153 3155 3156
f 3157 3158 3159
f 3157 3159 3160
f 3158 3157 3155
f 3158 3155 3154
f 3159 3153 3156
f 3159 3156 3160
f 3159 3158 3154
f 3159 3154 3153
f 3160 3156 3155
f 3160 3155 3157
v 60.0 180.0 110.0
v 70.0 180.0 110.0
v 70.0 190.0 110.0
v 60.0 190.0 110.0
v 70.0 190.0 100.0
v 70.0 180.0 100.0
v 60.0 180.0 100.0
v 60.0 190.0 100.0
f 3161 3162 3163
f 3161 3163 3164
f 3165 3166 3167
f 3165 3167 3168
f 3166 3165 3163
f 3166 3163 3162
f 3167 3161 3164
f 3167 3164 3168
f 3167 3166 3162
f 3167 3162 3161
f 3168 3164 3163
f 3168 3163 3165
v 60.0 180.0 130.0
v 70.0 180.0 130.0
v 70.0 190.0 130.0
v 60.0 190.0 130.0
v 70.0 190.0 120.0
v 70.0 180.0 120.0
v 60.0 180.0 120.0
v 60.0 190.0 120.0
f 3169 3170 3171
f 3169 3171 3172
f 3173 3174 3175
f 3173 3175 3176
f 3174 3173 3171
f 3174 3171 3170
f 3175 3169 3172
f 3175 3172 3176
f 3175 3174 3170
f 3175 3170 3169
f 3176 3172 3171
f 3176 3171 3173
v 60.0 180.0 150.0
v 70.0 180.0 150.0
v 70.0 190.0 150.0
v 60.0 190.0 150.0
v 70.0 190.0 140.0
v 70.0 180.0 140.0
v 60.0 180.0 140.0
v 60.0 190.0 140.0
f 3177 3178 3179
f 3177 3179 3180
f 3181 3182 3183
f 3181 3183 3184
f 3182 3181 3179
f 3182 3179 3178
f 3183 3177 3180
f 3183 3180 3184
f 3183 3182 3178
f 3183 3178 3177
f 3184 3180 3179
f 3184 3179 3181
v 60.0 180.0 170.0
v 70.0 180.0 170.0
v 70.0 190.0 170.0
v 60.0 190.0 170.0
v 70.0 190.0 160.0
v 70.0 180.0 160.0
v 60.0 180.0 160.0
v 60.0 190.0 160.0
f 3185 3186 3187
f 3185 3187 3188
f 3189 3190 3191
f 3189 3191 3192
f 3190 3189 3187
f 3190 3187 3186
f 3191 3185 3188
f 3191 3188 3192
f 3191 3190 3186
f 3191 3186 3185
f 3192 3188 3187
f 3192 3187 3189
v 60.0 180.0 190.0
v 70.0 180.0 190.0
v 70.0 190.0 190.0
v 60.0 190.0 190.0
v 70.0 190.0 180.0
v 70.0 180.0 180.0
v 60.0 180.0 180.0
v 60.0 190.0 180.0
f 3193 3194 3195
f 3193 3195 3196
f 3197 3198 3199
f 3197 3199 3200
f 3198 3197 3195
f 3198 3195 3194
f 3199 3193 3196
f 3199 3196 3200
f 3199 3198 3194
f 3199 3194 3193
f 3200 3196 3195
f 3200 3195 3197
v 80.0 0.0 10.0
v 90.0 0.0 10.0
v 90.0 10.0 10.0
v 80.0 10.0 10.0
v 90.0 10.0 0.0
v 90.0 0.0 0.0
v 80.0 0.0 0.0
v 80.0 10.0 0.0
f 3201 3202 3203
f 3201 3203 3204
f 3205 3206 3207
f 3205 3207 3208
f 3206 3205 3203
f 3206 3203 3202
f 3207 3201 3204
f 3207 3204 3208
f 3207 3206 3202
f 3207 3202 3201
f 3208 3204 3203
f 3208 3203 3205
v 80.0 0.0 30.0
v 90.0 0.0 30.0
v 90.0 10.0 30.0
v 80.0 10.0 30.0
v 90.0 10.0 20.0
v 90.0 0.0 20.0
v 80.0 0.0 20.0
v 80.0 10.0 20.0
f 3209 3210 3211
f 3209 3211 3212
f 3213 3214 3215
f 3213 3215 3216
f 3214 3213 3211
f 3214 3211 3210
f 3215 3209 3212
f 3215 3212 3216
f 3215 3214 3210
f 3215 3210 3209
f 3216 3212 3211
f 3216 3211 3213
v 80.0 0.0 50.0
v 90.0 0.0 50.0
v 90.0 10.0 50.0
v 80.0 10.0 50.0
v 90.0 10.0 40.0
v 90.0 0.0 40.0
v 80.0 0.0 40.0
v 80.0 10.0 40.0
f 3217 3218 3219
f 3217 3219 3220
f 3221 3222 3223
f 3221 3223 3224
f 3222 3221 3219
f 3222 3219 3218
f 3223 3217 3220
f 3223 3220 3224
f 3223 3222 3218
f 3223 3218 3217
f 3224 3220 3219
f 3224 3219 3221
v 80.0 0.0 70.0
v 90.0 0.0 70.0
v 90.0 10.0 70.0
v 80.0 10.0 70.0
v 90.0 10.0 60.0
v 90.0 0.0 60.0
v 80.0 0.0 60.0
v 80.0 10.0 60.0
f 3225 3226 3227
f 3225 3227 3228
f 3229 3230 3231
f 3229 3231 3232
f 3230 3229 3227
f 3230 3227 3226
f 3231 3225 3228
f 3231 3228 3232
f 3231 3230 3226
f 3231 3226 3225
f 3232 3228 3227
f 3232 3227 3229
v 80.0 0.0 90.0
v 90.0 0.0 90.0
v 90.0 10.0 90.0
v 80.0 10.0 90.0
v 90.0 10.0 80.0
v 90.0 0.0 80.0
v 80.0 0.0 80.0
v 80.0 10.0 80.0
f 3233 3234 3235
f 3233 3235 3236
f 3237 3238 3239
f 3237 3239 3240
f 3238 3237 3235
f 3238 3235 3234
f 3239 3233 3236
f 3239 3236 3240
f 3239 3238 3234
f 3239 3234 3233
f 3240 3236 3235
f 3240 3235 3237
v 80.0 0.0 110.0
v 90.0 0.0 110.0
v 90.0 10.0 110.0
v 80.0 10.0 110.0
v 90.0 10.0 100.0
v 90.0 0.0 100.0
v 80.0 0.0 100.0
v 80.0 10.0 100.0
f 3241 3242 3243
f 3241 3243 3244
f 3245 3246 3247
f 3245 3247 3248
f 3246 3245 3243
f 3246 3243 3242
f 3247 3241 3244
f 3247 3244 3248
f 3247 3246 3242
f 3247 3242 3241
f 3248 3244 3243
f 3248 3243 3245
v 80.0 0.0 130.0
v 90.0 0.0 130.0
v 90.0 10.0 130.0
v 80.0 10.0 130.0
v 90.0 10.0 120.0
v 90.0 0.0 120.0
v 80.0 0.0 120.0
v 80.0 10.0 120.0
f 3249 3250 3251
f 3249 3251 3252
f 3253 3254 3255
f 3253 3255 3256
f 3254 3253 3251
f 3254 3251 3250
f 3255 3249 3252
f 3255 3252 3256
f 3255 3254 3250
f 3255 3250 3249
f 3256 3252 3251
f 3256 3251 3253
v 80.0 0.0 150.0
v 90.0 0.0 150.0
v 90.0 10.0 150.0
v 80.0 10.0 150.0
v 90.0 10.0 140.0
v 90.0 0.0 140.0
v 80.0 0.0 140.0
v 80.0 10.0 140.0
f 3257 3258 3259
f 3257 3259 3260
f 3261 3262 3263
f 3261 3263 3264
f 3262 3261 3259
f 3262 3259 3258
f 3263 3257 3260
f 3263 3260 3264
f 3263 3262 3258
f 3263 3258 3257
f 3264 3260 3259
f 3264 3259 3261
v 80.0 0.0 170.0
v 90.0 0.0 170.0
v 90.0 10.0 170.0
v 80.0 10.0 170.0
v 90.0 10.0 160.0
v 90.0 0.0 160.0
v 80.0 0.0 160.0
v 80.0 10.0 160.0
f 3265 3266 3267
f 3265 3267 3268
f 3269 3270 3271
f 3269 3271 3272
f 3270 3269 3267
f 3270 3267 3266
f 3271 3265 3268
f 3271 3268 3272
f 3271 3270 3266
f 3271 3266 3265
f 3272 3268 3267
f 3272 3267 3269
v 80.0 0.0 190.0
v 90.0 0.0 190.0
v 90.0 10.0 190.0
v 80.0 10.0 190.0
v 90.0 10.0 180.0
v 90.0 0.0 180.0
v 80.0 0.0 180.0
v 80.0 10.0 180.0
f 3273 3274 3275
f 3273 3275 3276
f 3277 3278 3279
f 3277 3279 3280
f 3278 3277 3275
f 3278 3275 3274
f 3279 3273 3276
f 3279 3276 3280
f 3279 3278 3274
f 3279 3274 3273
f 3280 3276 3275
f 3280 3275 3277
v 80.0 20.0 10.0
v 90.0 20.0 10.0
v 90.0 30.0 10.0
v 80.0 30.0 10.0
v 90.0 30.0 0.0
v 90.0 20.0 0.0
v 80.0 20.0 0.0
v 80.0 30.0 0.0
f 3281 3282 3283
f 3281 3283 3284
f 3285 3286 3287
f 3285 3287 3288
f 3286 3285 3283
f 3286 3283 3282
f 3287 3281 3284
f 3287 3284 3288
f 3287 3286 3282
f 3287 3282 3281
f 3288 3284 3283
f 3288 3283 3285
v 80.0 20.0 30.0
v 90.0 20.0 30.0
v 90.0 30.0 30.0
v 80.0 30.0 30.0
v 90.0 30.0 20.0
v 90.0 20.0 20.0
v 80.0 20.0 20.0
v 80.0 30.0 20.0
f 3289 3290 3291
f 3289 3291 3292
f 3293 3294 3295
f 3293 3295 3296
f 3294 3293 3291
f 3294 3291 3290
f 3295 3289 3292
f 3295 3292 3296
f 3295 3294 3290
f 3295 3290 3289
f 3296 3292 3291
f 3296 3291 3293
v 80.0 20.0 50.0
v 90.0 20.0 50.0
v 90.0 30.0 50.0
v 80.0 30.0 50.0
v 90.0 30.0 40.0
v 90.0 20.0 40.0
v 80.0 20.0 40.0
v 80.0 30.0 40.0
f 3297 3298 3299
f 3297 3299 3300
f 3301 3302 3303
f 3301 3303 3304
f 3302 3301 3299
f 3302 3299 3298
f 3303 3297 3300
f 3303 3300 3304
f 3303 3302 3298
f 3303 3298 3297
f 3304 3300 3299
f 3304 3299 3301
v 80.0 20.0 70.0
v 90.0 20.0 70.0
v 90.0 30.0 70.0
v 80.0 30.0 70.0
v 90.0 30.0 60.0
v 90.0 20.0 60.0
v 80.0 20.0 60.0
v 80.0 30.0 60.0
f 3305 3306 3307
f 3305 3307 3308
f 3309 3310 3311
f 3309 3311 3312
f 3310 3309 3307
f 3310 3307 3306
f 3311 3305 3308
f 3311 3308 3312
f 3311 3310 3306
f 3311 3306 3305
f 3312 3308 3307
f 3312 3307 3309
v 80.0 20.0 90.0
v 90.0 20.0 90.0
v 90.0 30.0 90.0
v 80.0 30.0 90.0
v 90.0 30.0 80.0
v 90.0 20.0 80.0
v 80.0 20.0 80.0
v 80.0 30.0 80.0
f 3313 3314 3315
f 3313 3315 3316
f 3317 3318 3319
f 3317 3319 3320
f 3318 3317 3315
f 3318 3315 3314
f 3319 3313 3316
f 3319 3316 3320
f 3319 3318 3314
f 3319 3314 3313
f 3320 3316 3315
f 3320 3315 3317
v 80.0 20.0 110.0
v 90.0 20.0 110.0
v 90.0 30.0 110.0
v 80.0 30.0 110.0
v 90.0 30.0 100.0
v 90.0 20.0 100.0
v 80.0 20.0 100.0
v 80.0 30.0 100.0
f 3321 3322 3323
f 3321 3323 3324
f 3325 3326 3327
f 3325 3327 3328
f 3326 3325 3323
f 3326 3323 3322
f 3327 3321 3324
f 3327 3324 3328
f 3327 3326 3322
f 3327 3322 3321
f 3328 3324 3323
f 3328 3323 3325
v 80.0 20.0 130.0
v 90.0 20.0 130.0
v 90.0 30.0 130.0
v 80.0 30.0 130.0
v 90.0 30.0 120.0
v 90.0 20.0 120.0
v 80.0 20.0 120.0
v 80.0 30.0 120.0
f 3329 3330 3331
f 3329 3331 3332
f 3333 3334 3335
f 3333 3335 3336
f 3334 3333 3331
f 3334 3331 3330
f 3335 3329 3332
f 3335 3332 3336
f 3335 3334 3330
f 3335 3330 3329
f 3336 3332 3331
f 3336 3331 3333
v 80.0 20.0 150.0
v 90.0 20.0 150.0
v 90.0 30.0 150.0
v 80.0 30.0 150.0
v 90.0 30.0 140.0
v 90.0 20.0 140.0
v 80.0 20.0 140.0
v 80.0 30.0 140.0
f 3337 3338 3339
f 3337 3339 3340
f 3341 3342 3343
f 3341 3343 3344
f 3342 3341 3339
f 3342 3339 3338
f 3343 3337 3340
f 3343 3340 3344
f 3343 3342 3338
f 3343 3338 3337
f 3344 3340 3339
f 3344 3339 3341
v 80.0 20.0 170.0
v 90.0 20.0 170.0
v 90.0 30.0 170.0
v 80.0 30.0 170.0
v 90.0 30.0 160.0
v 90.0 20.0 160.0
v 80.0 20.0 160.0
v 80.0 30.0 160.0
f 3345 3346 3347
f 3345 3347 3348
f 3349 3350 3351
f 3349 3351 3352
f 3350 3349 3347
f 3350 3347 3346
f 3351 3345 3348
f 3351 3348 3352
f 3351 3350 3346
f 3351 3346 3345
f 3352 3348 3347
f 3352 3347 3349
v 80.0 20.0 190.0
v 90.0 20.0 190.0
v 90.0 30.0 190.0
v 80.0 30.0 190.0
v 90.0 30.0 180.0
v 90.0 20.0 180.0
v 80.0 20.0 180.0
v 80.0 30.0 180.0
f 3353 3354 3355
f 3353 3355 3356
f 3357 3358 3359
f 3357 3359 3360
f 3358 3357 3355
f 3358 3355 3354
f 3359 3353 3356
f 3359 3356 3360
f 3359 3358 3354
f 3359 3354 3353
f 3360 3356 3355
f 3360 3355 3357
v 80.0 40.0 10.0
v 90.0 40.0 10.0
v 90.0 50.0 10.0
v 80.0 50.0 10.0
v 90.0 50.0 0.0
v 90.0 40.0 0.0
v 80.0 40.0 0.0
v 80.0 50.0 0.0
f 3361 3362 3363
f 3361 3363 3364
f 3365 3366 3367
f 3365 3367 3368
f 3366 3365 3363
f 3366 3363 3362
f 3367 3361 3364
f 3367 3364 3368
f 3367 3366 3362
f 3367 3362 3361
f 3368 3364 3363
f 3368 3363 3365
v 80.0 40.0 30.0
v 90.0 40.0 30.0
v 90.0 50.0 30.0
v 80.0 50.0 30.0
v 90.0 50.0 20.0
v 90.0 40.0 20.0
v 80.0 40.0 20.0
v 80.0 50.0 20.0
f 3369 3370 3371
f 3369 3371 3372
f 3373 3374 3375
f 3373 3375 3376
f 3374 3373 3371
f 3374 3371 3370
f 3375 3369 3372
f 3375 3372 3376
f 3375 3374 3370
f 3375 3370 3369
f 3376 3372 3371
f 3376 3371 3373
v 80.0 40.0 50.0
v 90.0 40.0 50.0
v 90.0 50.0 50.0
v 80.0 50.0 50.0
v 90.0 50.0 40.0
v 90.0 40.0 40.0
v 80.0 40.0 40.0
v 80.0 50.0 40.0
f 3377 3378 3379
f 3377 3379 3380
f 3381 3382 3383
f 3381 3383 3384
f 3382 3381 3379
f 3382 3379 3378
f 3383 3377 3380
f 3383 3380 3384
f 3383 3382 3378
f 3383 3378 3377
f 3384 3380 3379
f 3384 3379 3381
v 80.0 40.0 70.0
v 90.0 40.0 70.0
v 90.0 50.0 70.0
v 80.0 50.0 70.0
v 90.0 50.0 60.0
v 90.0 40.0 60.0
v 80.0 40.0 60.0
v 80.0 50.0 60.0
f 3385 3386 3387
f 3385 3387 3388
f 3389 3390 3391
f 3389 3391 3392
f 3390 3389 3387
f 3390 3387 3386
f 3391 3385 3388
f 3391 3388 3392
f 3391 3390 3386
f 3391 3386 3385
f 3392 3388 3387
f 3392 3387 3389
v 80.0 40.0 90.0
v 90.0 40.0 90.0
v 90.0 50.0 90.0
v 80.0 50.0 90.0
v 90.0 50.0 80.0
v 90.0 40.0 80.0
v 80.0 40.0 80.0
v 80.0 50.0 80.0
f 3393 3394 3395
f 3393 3395 3396
f 3397 3398 3399
f 3397 3399 3400
f 3398 3397 3395
f 3398 3395 3394
f 3399 3393 3396
f 3399 3396 3400
f 3399 3398 3394
f 3399 3394 3393
f 3400 3396 3395
f 3400 3395 3397
v 80.0 40.0 110.0
v 90.0 40.0 110.0
v 90.0 50.0 110.0
v 80.0 50.0 110.0
v 90.0 50.0 100.0
v 90.0 40.0 100.0
v 80.0 40.0 100.0
v 80.0 50.0 100.0
f 3401 3402 3403
f 3401 3403 3404
f 3405 3406 3407
f 3405 3407 3408
f 3406 3405 3403
f 3406 3403 3402
f 3407 3401 3404
f 3407 3404 3408
f 3407 3406 3402
f 3407 3402 3401
f 3408 3404 3403
f 3408 3403 3405
v 80.0 40.0 130.0
v 90.0 40.0 130.0
v 90.0 50.0 130.0
v 80.0 50.0 130.0
v 90.0 50.0 120.0
v 90.0 40.0 120.0
v 80.0 40.0 120.0
v 80.0 50.0 120.0
f 3409 3410 3411
f 3409 3411 3412
f 3413 3414 3415
f 3413 3415 3416
f 3414 3413 3411
f 3414 3411 3410
f 3415 3409 3412
f 3415 3412 3416
f 3415 3414 3410
f 3415 3410 3409
f 3416 3412 3411
f 3416 3411 3413
v 80.0 40.0 150.0
v 90.0 40.0 150.0
v 90.0 50.0 150.0
v 80.0 50.0 150.0
v 90.0 50.0 140.0
v 90.0 40.0 140.0
v 80.0 40.0 140.0
v 80.0 50.0 140.0
f 3417 3418 3419
f 3417 3419 3420
f 3421 3422 3423
f 3421 3423 3424
f 3422 3421 3419
f 3422 3419 3418
f 3423 3417 3420
f 3423 3420 3424
f 3423 3422 3418
f 3423 3418 3417
f 3424 3420 3419
f 3424 3419 3421
v 80.0 40.0 170.0
v 90.0 40.0 170.0
v 90.0 50.0 170.0
v 80.0 50.0 170.0
v 90.0 50.0 160.0
v 90.0 40.0 160.0
v 80.0 40.0 160.0
v 80.0 50.0 160.0
f 3425 3426 3427
f 3425 3427 3428
f 3429 3430 3431
f 3429 3431 3432
f 3430 3429 3427
f 3430 3427 3426
f 3431 3425 3428
f 3431 3428 3432
f 3431 3430 3426
f 3431 3426 3425
f 3432 3428 3427
f 3432 3427 3429
v 80.0 40.0 190.0
v 90.0 40.0 190.0
v 90.0 50.0 190.0
v 80.0 50.0 190.0
v 90.0 50.0 180.0
v 90.0 40.0 180.0
v 80.0 40.0 180.0
v 80.0 50.0 180.0
f 3433 3434 3435
f 3433 3435 3436
f 3437 3438 3439
f 3437 3439 3440
f 3438 3437 3435
f 3438 3435 3434
f 3439 3433 3436
f 3439 3436 3440
f 3439 3438 3434
f 3439 3434 3433
f 3440 3436 3435
f 3440 3435 3437
v 80.0 60.0 10.0
v 90.0 60.0 10.0
v 90.0 70.0 10.0
v 80.0 70.0 10.0
v 90.0 70.0 0.0
v 90.0 60.0 0.0
v 80.0 60.0 0.0
v 80.0 70.0 0.0
f 3441 3442 3443
f 3441 3443 3444
f 3445 3446 3447
f 3445 3447 3448
f 3446 3445 3443
f 3446 3443 3442
f 3447 3441 3444
f 3447 3444 3448
f 3447 3446 3442
f 3447 3442 3441
f 3448 3444 3443
f 3448 3443 3445
v 80.0 60.0 30.0
v 90.0 60.0 30.0
v 90.0 70.0 30.0
v 80.0 70.0 30.0
v 90.0 70.0 20.0
v 90.0 60.0 20.0
v 80.0 60.0 20.0
v 80.0 70.0 20.0
f 3449 3450 3451
f 3449 3451 3452
f 3453 3454 3455
f 3453 3455 3456
f 3454 3453 3451
f 3454 3451 3450
f 3455 3449 3452
f 3455 3452 3456
f 3455 3454 3450
f 3455 3450 3449
f 3456 3452 3451
f 3456 3451 3453
v 80.0 60.0 50.0
v 90.0 60.0 50.0
v 90.0 70.0 50.0
v 80.0 70.0 50.0
v 90.0 70.0 40.0
v 90.0 60.0 40.0
v 80.0 60.0 40.0
v 80.0 70.0 40.0
f 3457 3458 3459
f 3457 3459 3460
f 3461 3462 3463
f 3461 3463 3464
f 3462 3461 3459
f 3462 3459 3458
f 3463 3457 3460
f 3463 3460 3464
f 3463 3462 3458
f 3463 3458 3457
f 3464 3460 3459
f 3464 3459 3461
v 80.0 60.0 70.0
v 90.0 60.0 70.0
v 90.0 70.0 70.0
v 80.0 70.0 70.0
v 90.0 70.0 60.0
v 90.0 60.0 60.0
v 80.0 60.0 60.0
v 80.0 70.0 60.0
f 3465 3466 3467
f 3465 3467 3468
f 3469 3470 3471
f 3469 3471 3472
f 3470 3469 3467
f 3470 3467 3466
f 3471 3465 3468
f 3471 3468 3472
f 3471 3470 3466
f 3471 3466 3465
f 3472 3468 3467
f 3472 3467 3469
v 80.0 60.0 90.0
v 90.0 60.0 90.0
v 90.0 70.0 90.0
v 80.0 70.0 90.0
v 90.0 70.0 80.0
v 90.0 60.0 80.0
v 80.0 60.0 80.0
v 80.0 70.0 80.0
f 3473 3474 3475
f 3473 3475 3476
f 3477 3478 3479
f 3477 3479 3480
f 3478 3477 3475
f 3478 3475 3474
f 3479 3473 3476
f 3479 3476 3480
f 3479 3478 3474
f 3479 3474 3473
f 3480 3476 3475
f 3480 3475 3477
v 80.0 60.0 110.0
v 90.0 60.0 110.0
v 90.0 70.0 110.0
v 80.0 70.0 110.0
v 90.0 70.0 100.0
v 90.0 60.0 100.0
v 80.0 60.0 100.0
v 80.0 70.0 100.0
f 3481 3482 3483
f 3481 3483 3484
f 3485 3486 3487
f 3485 3487 3488
f 3486 3485 3483
f 3486 3483 3482
f 3487 3481 3484
f 3487 3484 3488
f 3487 3486 3482
f 3487 3482 3481
f 3488 3484 3483
f 3488 3483 3485
v 80.0 60.0 130.0
v 90.0 60.0 130.0
v 90.0 70.0 130.0
v 80.0 70.0 130.0
v 90.0 70.0 120.0
v 90.0 60.0 120.0
v 80.0 60.0 120.0
v 80.0 70.0 120.0
f 3489 3490 3491
f 3489 3491 3492
f 3493 3494 3495
f 3493 3495 3496
f 3494 3493 3491
f 3494 3491 3490
f 3495 3489 3492
f 3495 3492 3496
f 3495 3494 3490
f 3495 3490 3489
f 3496 3492 3491
f 3496 3491 3493
v 80.0 60.0 150.0
v 90.0 60.0 150.0
v 90.0 70.0 150.0
v 80.0 70.0 150.0
v 90.0 70.0 140.0
v 90.0 60.0 140.0
v 80.0 60.0 140.0
v 80.0 70.0 140.0
f 3497 3498 3499
f 3497 3499 3500
f 3501 3502 3503
f 3501 3503 3504
f 3502 3501 3499
f 3502 3499 3498
f 3503 3497 3500
f 3503 3500 3504
f 3503 3502 3498
f 3503 3498 3497
f 3504 3500 3499
f 3504 3499 3501
v 80.0 60.0 170.0
v 90.0 60.0 170.0
v 90.0 70.0 170.0
v 80.0 70.0 170.0
v 90.0 70.0 160.0
v 90.0 60.0 160.0
v 80.0 60.0 160.0
v 80.0 70.0 160.0
f 3505 3506 3507
f 3505 3507 3508
f 3509 3510 3511
f 3509 3511 3512
f 3510 3509 3507
f 3510 3507 3506
f 3511 3505 3508
f 3511 3508 3512
f 3511 3510 3506
f 3511 3506 3505
f 3512 3508 3507
f 3512 3507 3509
v 80.0 60.0 190.0
v 90.0 60.0 190.0
v 90.0 70.0 190.0
v 80.0 70.0 190.0
v 90.0 70.0 180.0
v 90.0 60.0 180.0
v 80.0 60.0 180.0
v 80.0 70.0 180.0
f 3513 3514 3515
f 3513 3515 3516
f 3517 3518 3519
f 3517 3519 3520
f 3518 3517 3515
f 3518 3515 3514
f 3519 3513 3516
f 3519 3516 3520
f 3519 3518 3514
f 3519 3514 3513
f 3520 3516 3515
f 3520 3515 3517
v 80.0 80.0 10.0
v 90.0 80.0 10.0
v 90.0 90.0 10.0
v 80.0 90.0 10.0
v 90.0 90.0 0.0
v 90.0 80.0 0.0
v 80.0 80.0 0.0
v 80.0 90.0 0.0
f 3521 3522 3523
f 3521 3523 3524
f 3525 3526 3527
f 3525 3527 3528
f 3526 3525 3523
f 3526 3523 3522
f 3527 3521 3524
f 3527 3524 3528
f 3527 3526 3522
f 3527 3522 3521
f 3528 3524 3523
f 3528 3523 3525
v 80.0 80.0 30.0
v 90.0 80.0 30.0
v 90.0 90.0 30.0
v 80.0 90.0 30.0
v 90.0 90.0 20.0
v 90.0 80.0 20.0
v 80.0 80.0 20.0
v 80.0 90.0 20.0
f 3529 3530 3531
f 3529 3531 3532
f 3533 3534 3535
f 3533 3535 3536
f 3534 3533 3531
f 3534 3531 3530
f 3535 3529 3532
f 3535 3532 3536
f 3535 3534 3530
f 3535 3530 3529
f 3536 3532 3531
f 3536 3531 3533
v 80.0 80.0 50.0
v 90.0 80.0 50.0
v 90.0 90.0 50.0
v 80.0 90.0 50.0
v 90.0 90.0 40.0
v 90.0 80.0 40.0
v 80.0 80.0 40.0
v 80.0 90.0 40.0
f 3537 3538 3539
f 3537 3539 3540
f 3541 3542 3543
f 3541 3543 3544
f 3542 3541 3539
f 3542 3539 3538
f 3543 3537 3540
f 3543 3540 3544
f 3543 3542 3538
f 3543 3538 3537
f 3544 3540 3539
f 3544 3539 3541
v 80.0 80.0 70.0
v 90.0 80.0 70.0
v 90.0 90.0 70.0
v 80.0 90.0 70.0
v 90.0 90.0 60.0
v 90.0 80.0 60.0
v 80.0 80.0 60.0
v 80.0 90.0 60.0
f 3545 3546 3547
f 3545 3547 3548
f 3549 3550 3551
f 3549 3551 3552
f 3550 3549 3547
f 3550 3547 3546
f 3551 3545 3548
f 3551 3548 3552
f 3551 3550 3546
f 3551 3546 3545
f 3552 3548 3547
f 3552 3547 3549
v 80.0 80.0 90.0
v 90.0 80.0 90.0
v 90.0 90.0 90.0
v 80.0 90.0 90.0
v 90.0 90.0 80.0
v 90.0 80.0 80.0
v 80.0 80.0 80.0
v 80.0 90.0 80.0
f 3553 3554 3555
f 3553 3555 3556
f 3557 3558 3559
f 3557 3559 3560
f 3558 3557 3555
f 3558 3555 3554
f 3559 3553 3556
f 3559 3556 3560
f 3559 3558 3554
f 3559 3554 3553
f 3560 3556 3555
f 3560 3555 3557
v 80.0 80.0 110.0
v 90.0 80.0 110.0
v 90.0 90.0 110.0
v 80.0 90.0 110.0
v 90.0 90.0 100.0
v 90.0 80.0 100.0
v 80.0 80.0 100.0
v 80.0 90.0 100.0
f 3561 3562 3563
f 3561 3563 3564
f 3565 3566 3567
f 3565 3567 3568
f 3566 3565 3563
f 3566 3563 3562
f 3567 3561 3564
f 3567 3564 3568
f 3567 3566 3562
f 3567 3562 3561
f 3568 3564 3563
f 3568 3563 3565
v 80.0 80.0 130.0
v 90.0 80.0 130.0
v 90.0 90.0 130.0
v 80.0 90.0 130.0
v 90.0 90.0 120.0
v 90.0 80.0 120.0
v 80.0 80.0 120.0
v 80.0 90.0 120.0
f 3569 3570 3571
f 3569 3571 3572
f 3573 3574 3575
f 3573 3575 3576
f 3574 3573 3571
f 3574 3571 3570
f 3575 3569 3572
f 3575 3572 3576
f 3575 3574 3570
f 3575 3570 3569
f 3576 3572 3571
f 3576 3571 3573
v 80.0 80.0 150.0
v 90.0 80.0 150.0
v 90.0 90.0 150.0
v 80.0 90.0 150.0
v 90.0 90.0 140.0
v 90.0 80.0 140.0
v 80.0 80.0 140.0
v 80.0 90.0 140.0
f 3577 3578 3579
f 3577 3579 3580
f 3581 3582 3583
f 3581 3583 3584
f 3582 3581 3579
f 3582 3579 3578
f 3583 3577 3580
f 3583 3580 3584
f 3583 3582 3578
f 3583 3578 3577
f 3584 3580 3579
f 3584 3579 3581
v 80.0 80.0 170.0
v 90.0 80.0 170.0
v 90.0 90.0 170.0
v 80.0 90.0 170.0
v 90.0 90.0 160.0
v 90.0 80.0 160.0
v 80.0 80.0 160.0
v 80.0 90.0 160.0
f 3585 3586 3587
f 3585 3587 3588
f 3589 3590 3591
f 3589 3591 3592
f 3590 3589 3587
f 3590 3587 3586
f 3591 3585 3588
f 3591 3588 3592
f 3591 3590 3586
f 3591 3586 3585
f 3592 3588 3587
f 3592 3587 3589
v 80.0 80.0 190.0
v 90.0 80.0 190.0
v 90.0 90.0 190.0
v 80.0 90.0 190.0
v 90.0 90.0 180.0
v 90.0 80.0 180.0
v 80.0 80.0 180.0
v 80.0 90.0 180.0
f 3593 3594 3595
f 3593 3595 3596
f 3597 3598 3599
f 3597 3599 3600
f 3598 3597 3595
f 3598 3595 3594
f 3599 3593 3596
f 3599 3596 3600
f 3599 3598 3594
f 3599 3594 3593
f 3600 3596 3595
f 3600 3595 3597
v 80.0 100.0 10.0
v 90.0 100.0 10.0
v 90.0 110.0 10.0
v 80.0 110.0 10.0
v 90.0 110.0 0.0
v 90.0 100.0 0.0
v 80.0 100.0 0.0
v 80.0 110.0 0.0
f 3601 3602 3603
f 3601 3603 3604
f 3605 3606 3607
f 3605 3607 3608
f 3606 3605 3603
f 3606 3603 3602
f 3607 3601 3604
f 3607 3604 3608
f 3607 3606 3602
f 3607 3602 3601
f 3608 3604 3603
f 3608 3603 3605
v 80.0 100.0 30.0
v 90.0 100.0 30.0
v 90.0 110.0 30.0
v 80.0 110.0 30.0
v 90.0 110.0 20.0
v 90.0 100.0 20.0
v 80.0 100.0 20.0
v 80.0 110.0 20.0
f 3609 3610 3611
f 3609 3611 3612
f 3613 3614 3615
f 3613 3615 3616
f 3614 3613 3611
f 3614 3611 3610
f 3615 3609 3612
f 3615 3612 3616
f 3615 3614 3610
f 3615 3610 3609
f 3616 3612 3611
f 3616 3611 3613
v 80.0 100.0 50.0
v 90.0 100.0 50.0
v 90.0 110.0 50.0
v 80.0 110.0 50.0
v 90.0 110.0 40.0
v 90.0 100.0 40.0
v 80.0 100.0 40.0
v 80.0 110.0 40.0
f 3617 3618 3619
f 3617 3619 3620
f 3621 3622 3623
f 3621 3623 3624
f 3622 3621 3619
f 3622 3619 3618
f 3623 3617 3620
f 3623 3620 3624
f 3623 3622 3618
f 3623 3618 3617
f 3624 3620 3619
f 3624 3619 3621
v 80.0 100.0 70.0
v 90.0 100.0 70.0
v 90.0 110.0 70.0
v 80.0 110.0 70.0
v 90.0 110.0 60.0
v 90.0 100.0 60.0
v 80.0 100.0 60.0
v 80.0 110.0 60.0
f 3625 3626 3627
f 3625 3627 3628
f 3629 3630 3631
f 3629 3631 3632
f 3630 3629 3627
f 3630 3627 3626
f 3631 3625 3628
f 3631 3628 3632
f 3631 3630 3626
f 3631 3626 3625
f 3632 3628 3627
f 3632 3627 3629
v 80.0 100.0 90.0
v 90.0 100.0 90.0
v 90.0 110.0 90.0
v 80.0 110.0 90.0
v 90.0 110.0 80.0
v 90.0 100.0 80.0
v 80.0 100.0 80.0
v 80.0 110.0 80.0
f 3633 3634 3635
f 3633 3635 3636
f 3637 3638 3639
f 3637 3639 3640
f 3638 3637 3635
f 3638 3635 3634
f 3639 3633 3636
f 3639 3636 3640
f 3639 3638 3634
f 3639 3634 3633
f 3640 3636 3635
f 3640 3635 3637
v 80.0 100.0 110.0
v 90.0 100.0 110.0
v 90.0 110.0 110.0
v 80.0 110.0 110.0
v 90.0 110.0 100.0
v 90.0 100.0 100.0
v 80.0 100.0 100.0
v 80.0 110.0 100.0
f 3641 3642 3643
f 3641 3643 3644
f 3645 3646 3647
f 3645 3647 3648
f 3646 3645 3643
f 3646 3643 3642
f 3647 3641 3644
f 3647 3644 3648
f 3647 3646 3642
f 3647 3642 3641
f 3648 3644 3643
f 3648 3643 3645
v 80.0 100.0 130.0
v 90.0 100.0 130.0
v 90.0 110.0 130.0
v 80.0 110.0 130.0
v 90.0 110.0 120.0
v 90.0 100.0 120.0
v 80.0 100.0 120.0
v 80.0 110.0 120.0
f 3649 3650 3651
f 3649 3651 3652
f 3653 3654 3655
f 3653 3655 3656
f 3654 3653 3651
f 3654 3651 3650
f 3655 3649 3652
f 3655 3652 3656
f 3655 3654 3650
f 3655 3650 3649
f 3656 3652 3651
f 3656 3651 3653
v 80.0 100.0 150.0
v 90.0 100.0 150.0
v 90.0 110.0 150.0
v 80.0 110.0 150.0
v 90.0 110.0 140.0
v 90.0 100.0 140.0
v 80.0 100.0 140.0
v 80.0 110.0 140.0
f 3657 3658 3659
f 3657 3659 3660
f 3661 3662 3663
f 3661 3663 3664
f 3662 3661 3659
f 3662 3659 3658
f 3663 3657 3660
f 3663 3660 3664
f 3663 3662 3658
f 3663 3658 3657
f 3664 3660 3659
f 3664 3659 3661
v 80.0 100.0 170.0
v 90.0 100.0 170.0
v 90.0 110.0 170.0
v 80.0 110.0 170.0
v 90.0 110.0 160.0
v 90.0 100.0 160.0
v 80.0 100.0 160.0
v 80.0 110.0 160.0
f 3665 3666 3667
f 3665 3667 3668
f 3669 3670 3671
f 3669 3671 3672
f 3670 3669 3667
f 3670 3667 3666
f 3671 3665 3668
f 3671 3668 3672
f 3671 3670 3666
f 3671 3666 3665
f 3672 3668 3667
f 3672 3667 3669
v 80.0 100.0 190.0
v 90.0 100.0 190.0
v 90.0 110.0 190.0
v 80.0 110.0 190.0
v 90.0 110.0 180.0
v 90.0 100.0 180.0
v 80.0 100.0 180.0
v 80.0 110.0 180.0
f 3673 3674 3675
f 3673 3675 3676
f 3677 3678 3679
f 3677 3679 3680
f 3678 3677 3675
f 3678 3675 3674
f 3679 3673 3676
f 3679 3676 3680
f 3679 3678 3674
f 3679 3674 3673
f 3680 3676 3675
f 3680 3675 3677
v 80.0 120.0 10.0
v 90.0 120.0 10.0
v 90.0 130.0 10.0
v 80.0 130.0 10.0
v 90.0 130.0 0.0
v 90.0 120.0 0.0
v 80.0 120.0 0.0
v 80.0 130.0 0.0
f 3681 3682 3683
f 3681 3683 3684
f 3685 3686 3687
f 3685 3687 3688
f 3686 3685 3683
f 3686 3683 3682
f 3687 3681 3684
f 3687 3684 3688
f 3687 3686 3682
f 3687 3682 3681
f 3688 3684 3683
f 3688 3683 3685
v 80.0 120.0 30.0
v 90.0 120.0 30.0
v 90.0 130.0 30.0
v 80.0 130.0 30.0
v 90.0 130.0 20.0
v 90.0 120.0 20.0
v 80.0 120.0 20.0
v 80.0 130.0 20.0
f 3689 3690 3691
f 3689 3691 3692
f 3693 3694 3695
f 3693 3695 3696
f 3694 3693 3691
f 3694 3691 3690
f 3695 3689 3692
f 3695 3692 3696
f 3695 3694 3690
f 3695 3690 3689
f 3696 3692 3691
f 3696 3691 3693
v 80.0 120.0 50.0
v 90.0 120.0 50.0
v 90.0 130.0 50.0
v 80.0 130.0 50.0
v 90.0 130.0 40.0
v 90.0 120.0 40.0
v 80.0 120.0 40.0
v 80.0 130.0 40.0
f 3697 3698 3699
f 3697 3699 3700
f 3701 3702 3703
f 3701 3703 3704
f 3702 3701 3699
f 3702 3699 3698
f 3703 3697 3700
f 3703 3700 3704
f 3703 3702 3698
f 3703 3698 3697
f 3704 3700 3699
f 3704 3699 3701
v 80.0 120.0 70.0
v 90.0 120.0 70.0
v 90.0 130.0 70.0
v 80.0 130.0 70.0
v 90.0 130.0 60.0
v 90.0 120.0 60.0
v 80.0 120.0 60.0
v 80.0 130.0 60.0
f 3705 3706 3707
f 3705 3707 3708
f 3709 3710 3711
f 3709 3711 3712
f 3710 3709 3707
f 3710 3707 3706
f 3711 3705 3708
f 3711 3708 3712
f 3711 3710 3706
f 3711 3706 3705
f 3712 3708 3707
f 3712 3707 3709
v 80.0 120.0 90.0
v 90.0 120.0 90.0
v 90.0 130.0 90.0
v 80.0 130.0 90.0
v 90.0 130.0 80.0
v 90.0 120.0 80.0
v 80.0 120.0 80.0
v 80.0 130.0 80.0
f 3713 3714 3715
f 3713 3715 3716
f 3717 3718 3719
f 3717 3719 3720
f 3718 3717 3715
f 3718 3715 3714
f 3719 3713 3716
f 3719 3716 3720
f 3719 3718 3714
f 3719 3714 3713
f 3720 3716 3715
f 3720 3715 3717
v 80.0 120.0 110.0
v 90.0 120.0 110.0
v 90.0 130.0 110.0
v 80.0 130.0 110.0
v 90.0 130.0 100.0
v 90.0 120.0 100.0
v 80.0 120.0 100.0
v 80.0 130.0 100.0
f 3721 3722 3723
f 3721 3723 3724
f 3725 3726 3727
f 3725 3727 3728
f 3726 3725 3723
f 3726 3723 3722
f 3727 3721 3724
f 3727 3724 3728
f 3727 3726 3722
f 3727 3722 3721
f 3728 3724 3723
f 3728 3723 3725
v 80.0 120.0 130.0
v 90.0 120.0 130.0
v 90.0 130.0 130.0
v 80.0 130.0 130.0
v 90.0 130.0 120.0
v 90.0 120.0 120.0
v 80.0 120.0 120.0
v 80.0 130.0 120.0
f 3729 3730 3731
f 3729 3731 3732
f 3733 3734 3735
f 3733 3735 3736
f 3734 3733 3731
f 3734 3731 3730
f 3735 3729 3732
f 3735 3732 3736
f 3735 3734 3730
f 3735 3730 3729
f 3736 3732 3731
f 3736 3731 3733
v 80.0 120.0 150.0
v 90.0 120.0 150.0
v 90.0 130.0 150.0
v 80.0 130.0 150.0
v 90.0 130.0 140.0
v 90.0 120.0 140.0
v 80.0 120.0 140.0
v 80.0 130.0 140.0
f 3737 3738 3739
f 3737 3739 3740
f 3741 3742 3743
f 3741 3743 3744
f 3742 3741 3739
f 3742 3739 3738
f 3743 3737 3740
f 3743 3740 3744
f 3743 3742 3738
f 3743 3738 3737
f 3744 3740 3739
f 3744 3739 3741
v 80.0 120.0 170.0
v 90.0 120.0 170.0
v 90.0 130.0 170.0
v 80.0 130.0 170.0
v 90.0 130.0 160.0
v 90.0 120.0 160.0
v 80.0 120.0 160.0
v 80.0 130.0 160.0
f 3745 3746 3747
f 3745 3747 3748
f 3749 3750 3751
f 3749 3751 3752
f 3750 3749 3747
f 3750 3747 3746
f 3751 3745 3748
f 3751 3748 3752
f 3751 3750 3746
f 3751 3746 3745
f 3752 3748 3747
f 3752 3747 3749
v 80.0 120.0 190.0
v 90.0 120.0 190.0
v 90.0 130.0 190.0
v 80.0 130.0 190.0
v 90.0 130.0 180.0
v 90.0 120.0 180.0
v 80.0 120.0 180.0
v 80.0 130.0 180.0
f 3753 3754 3755
f 3753 3755 3756
f 3757 3758 3759
f 3757 3759 3760
f 3758 3757 3755
f 3758 3755 3754
f 3759 3753 3756
f 3759 3756 3760
f 3759 3758 3754
f 3759 3754 3753
f 3760 3756 3755
f 3760 3755 3757
v 80.0 140.0 10.0
v 90.0 140.0 10.0
v 90.0 150.0 10.0
v 80.0 150.0 10.0
v 90.0 150.0 0.0
v 90.0 140.0 0.0
v 80.0 140.0 0.0
v 80.0 150.0 0.0
f 3761 3762 3763
f 3761 3763 3764
f 3765 3766 3767
f 3765 3767 3768
f 3766 3765 3763
f 3766 3763 3762
f 3767 3761 3764
f 3767 3764 3768
f 3767 3766 3762
f 3767 3762 3761
f 3768 3764 3763
f 3768 3763 3765
v 80.0 140.0 30.0
v 90.0 140.0 30.0
v 90.0 150.0 30.0
v 80.0 150.0 30.0
v 90.0 150.0 20.0
v 90.0 140.0 20.0
v 80.0 140.0 20.0
v 80.0 150.0 20.0
f 3769 3770 3771
f 3769 3771 3772
f 3773 3774 3775
f 3773 3775 3776
f 3774 3773 3771
f 3774 3771 3770
f 3775 3769 3772
f 3775 3772 3776
f 3775 3774 3770
f 3775 3770 3769
f 3776 3772 3771
f 3776 3771 3773
v 80.0 140.0 50.0
v 90.0 140.0 50.0
v 90.0 150.0 50.0
v 80.0 150.0 50.0
v 90.0 150.0 40.0
v 90.0 140.0 40.0
v 80.0 140.0 40.0
v 80.0 150.0 40.0
f 3777 3778 3779
f 3777 3779 3780
f 3781 3782 3783
f 3781 3783 3784
f 3782 3781 3779
f 3782 3779 3778
f 3783 3777 3780
f 3783 3780 3784
f 3783 3782 3778
f 3783 3778 3777
f 3784 3780 3779
f 3784 3779 3781
v 80.0 140.0 70.0
v 90.0 140.0 70.0
v 90.0 150.0 70.0
v 80.0 150.0 70.0
v 90.0 150.0 60.0
v 90.0 140.0 60.0
v 80.0 140.0 60.0
v 80.0 150.0 60.0
f 3785 3786 3787
f 3785 3787 3788
f 3789 3790 3791
f 3789 3791 3792
f 3790 3789 3787
f 3790 3787 3786
f 3791 3785 3788
f 3791 3788 3792
f 3791 3790 3786
f 3791 3786 3785
f 3792 3788 3787
f 3792 3787 3789
v 80.0 140.0 90.0
v 90.0 140.0 90.0
v 90.0 150.0 90.0
v 80.0 150.0 90.0
v 90.0 150.0 80.0
v 90.0 140.0 80.0
v 80.0 140.0 80.0
v 80.0 150.0 80.0
f 3793 3794 3795
f 3793 3795 3796
f 3797 3798 3799
f 3797 3799 3800
f 3798 3797 3795
f 3798 3795 3794
f 3799 3793 3796
f 3799 3796 3800
f 3799 3798 3794
f 3799 3794 3793
f 3800 3796 3795
f 3800 3795 3797
v 80.0 140.0 110.0
v 90.0 140.0 110.0
v 90.0 150.0 110.0
v 80.0 150.0 110.0
v 90.0 150.0 100.0
v 90.0 140.0 100.0
v 80.0 140.0 100.0
v 80.0 150.0 100.0
f 3801 3802 3803
f 3801 3803 3804
f 3805 3806 3807
f 3805 3807 3808
f 3806 3805 3803
f 3806 3803 3802
f 3807 3801 3804
f 3807 3804 3808
f 3807 3806 3802
f 3807 3802 3801
f 3808 3804 3803
f 3808 3803 3805
v 80.0 140.0 130.0
v 90.0 140.0 130.0
v 90.0 150.0 130.0
v 80.0 150.0 130.0
v 90.0 150.0 120.0
v 90.0 140.0 120.0
v 80.0 140.0 120.0
v 80.0 150.0 120.0
f 3809 3810 3811
f 3809 3811 3812
f 3813 3814 3815
f 3813 3815 3816
f 3814 3813 3811
f 3814 3811 3810
f 3815 3809 3812
f 3815 3812 3816
f 3815 3814 3810
f 3815 3810 3809
f 3816 3812 3811
f 3816 3811 3813
v 80.0 140.0 150.0
v 90.0 140.0 150.0
v 90.0 150.0 150.0
v 80.0 150.0 150.0
v 90.0 150.0 140.0
v 90.0 140.0 140.0
v 80.0 140.0 140.0
v 80.0 150.0 140.0
f 3817 3818 3819
f 3817 3819 3820
f 3821 3822 3823
f 3821 3823 3824
f 3822 3821 3819
f 3822 3819 3818
f 3823 3817 3820
f 3823 3820 3824
f 3823 3822 3818
f 3823 3818 3817
f 3824 3820 3819
f 3824 3819 3821
v 80.0 140.0 170.0
v 90.0 140.0 170.0
v 90.0 150.0 170.0
v 80.0 150.0 170.0
v 90.0 150.0 160.0
v 90.0 140.0 160.0
v 80.0 140.0 160.0
v 80.0 150.0 160.0
f 3825 3826 3827
f 3825 3827 3828
f 3829 3830 3831
f 3829 3831 3832
f 3830 3829 3827
f 3830 3827 3826
f 3831 3825 3828
f 3831 3828 3832
f 3831 3830 3826
f 3831 3826 3825
f 3832 3828 3827
f 3832 3827 3829
v 80.0 140.0 190.0
v 90.0 140.0 190.0
v 90.0 150.0 190.0
v 80.0 150.0 190.0
v 90.0 150.0 180.0
v 90.0 140.0 180.0
v 80.0 140.0 180.0
v 80.0 150.0 180.0
f 3833 3834 3835
f 3833 3835 3836
f 3837 3838 3839
f 3837 3839 3840
f 3838 3837 3835
f 3838 3835 3834
f 3839 3833 3836
f 3839 3836 3840
f 3839 3838 3834
f 3839 3834 3833
f 3840 3836 3835
f 3840 3835 3837
v 80.0 160.0 10.0
v 90.0 160.0 10.0
v 90.0 170.0 10.0
v 80.0 170.0 10.0
v 90.0 170.0 0.0
v 90.0 160.0 0.0
v 80.0 160.0 0.0
v 80.0 170.0 0.0
f 3841 3842 3843
f 3841 3843 3844
f 3845 3846 3847
f 3845 3847 3848
f 3846 3845 3843
f 3846 3843 3842
f 3847 3841 3844
f 3847 3844 3848
f 3847 3846 3842
f 3847 3842 3841
f 3848 3844 3843
f 3848 3843 3845
v 80.0 160.0 30.0
v 90.0 160.0 30.0
v 90.0 170.0 30.0
v 80.0 170.0 30.0
v 90.0 170.0 20.0
v 90.0 160.0 20.0
v 80.0 160.0 20.0
v 80.0 170.0 20.0
f 3849 3850 3851
f 3849 3851 3852
f 3853 3854 3855
f 3853 3855 3856
f 3854 3853 3851
f 3854 3851 3850
f 3855 3849 3852
f 3855 3852 3856
f 3855 3854 3850
f 3855 3850 3849
f 3856 3852 3851
f 3856 3851 3853
v 80.0 160.0 50.0
v 90.0 160.0 50.0
v 90.0 170.0 50.0
v 80.0 170.0 50.0
v 90.0 170.0 40.0
v 90.0 160.0 40.0
v 80.0 160.0 40.0
v 80.0 170.0 40.0
f 3857 3858 3859
f 3857 3859 3860
f 3861 3862 3863
f 3861 3863 3864
f 3862 3861 3859
f 3862 3859 3858
f 3863 3857 3860
f 3863 3860 3864
f 3863 3862 3858
f 3863 3858 3857
f 3864 3860 3859
f 3864 3859 3861
v 80.0 160.0 70.0
v 90.0 160.0 70.0
v 90.0 170.0 70.0
v 80.0 170.0 70.0
v 90.0 170.0 60.0
v 90.0 160.0 60.0
v 80.0 160.0 60.0
v 80.0 170.0 60.0
f 3865 3866 3867
f 3865 3867 3868
f 3869 3870 3871
f 3869 3871 3872
f 3870 3869 3867
f 3870 3867 3866
f 3871 3865 3868
f 3871 3868 3872
f 3871 3870 3866
f 3871 3866 3865
f 3872 3868 3867
f 3872 3867 3869
v 80.0 160.0 90.0
v 90.0 160.0 90.0
v 90.0 170.0 90.0
v 80.0 170.0 90.0
v 90.0 170.0 80.0
v 90.0 160.0 80.0
v 80.0 160.0 80.0
v 80.0 170.0 80.0
f 3873 3874 3875
f 3873 3875 3876
f 3877 3878 3879
f 3877 3879 3880
f 3878 3877 3875
f 3878 3875 3874
f 3879 3873 3876
f 3879 3876 3880
f 3879 3878 3874
f 3879 3874 3873
f 3880 3876 3875
f 3880 3875 3877
v 80.0 160.0 110.0
v 90.0 160.0 110.0
v 90.0 170.0 110.0
v 80.0 170.0 110.0
v 90.0 170.0 100.0
v 90.0 160.0 100.0
v 80.0 160.0 100.0
v 80.0 170.0 100.0
f 3881 3882 3883
f 3881 3883 3884
f 3885 3886 3887
f 3885 3887 3888
f 3886 3885 3883
f 3886 3883 3882
f 3887 3881 3884
f 3887 3884 3888
f 3887 3886 3882
f 3887 3882 3881
f 3888 3884 3883
f 3888 3883 3885
v 80.0 160.0 130.0
v 90.0 160.0 130.0
v 90.0 170.0 130.0
v 80.0 170.0 130.0
v 90.0 170.0 120.0
v 90.0 160.0 120.0
v 80.0 160.0 120.0
v 80.0 170.0 120.0
f 3889 3890 3891
f 3889 3891 3892
f 3893 3894 3895
f 3893 3895 3896
f 3894 3893 3891
f 3894 3891 3890
f 3895 3889 3892
f 3895 3892 3896
f 3895 3894 3890
f 3895 3890 3889
f 3896 3892 3891
f 3896 3891 3893
v 80.0 160.0 150.0
v 90.0 160.0 150.0
v 90.0 170.0 150.0
v 80.0 170.0 150.0
v 90.0 170.0 140.0
v 90.0 160.0 140.0
v 80.0 160.0 140.0
v 80.0 170.0 140.0
f 3897 3898 3899
f 3897 3899 3900
f 3901 3902 3903
f 3901 3903 3904
f 3902 3901 3899
f 3902 3899 3898
f 3903 3897 3900
f 3903 3900 3904
f 3903 3902 3898
f 3903 3898 3897
f 3904 3900 3899
f 3904 3899 3901
v 80.0 160.0 170.0
v 90.0 160.0 170.0
v 90.0 170.0 170.0
v 80.0 170.0 170.0
v 90.0 170.0 160.0
v 90.0 160.0 160.0
v 80.0 160.0 160.0
v 80.0 170.0 160.0
f 3905 3906 3907
f 3905 3907 3908
f 3909 3910 3911
f 3909 3911 3912
f 3910 3909 3907
f 3910 3907 3906
f 3911 3905 3908
f 3911 3908 3912
f 3911 3910 3906
f 3911 3906 3905
f 3912 3908 3907
f 3912 3907 3909
v 80.0 160.0 190.0
v 90.0 160.0 190.0
v 90.0 170.0 190.0
v 80.0 170.0 190.0
v 90.0 170.0 180.0
v 90.0 160.0 180.0
v 80.0 160.0 180.0
v 80.0 170.0 180.0
f 3913 3914 3915
f 3913 3915 3916
f 3917 3918 3919
f 3917 3919 3920
f 3918 3917 3915
f 3918 3915 3914
f 3919 3913 3916
f 3919 3916 3920
f 3919 3918 3914
f 3919 3914 3913
f 3920 3916 3915
f 3920 3915 3917
v 80.0 180.0 10.0
v 90.0 180.0 10.0
v 90.0 190.0 10.0
v 80.0 190.0 10.0
v 90.0 190.0 0.0
v 90.0 180.0 0.0
v 80.0 180.0 0.0
v 80.0 190.0 0.0
f 3921 3922 3923
f 3921 3923 3924
f 3925 3926 3927
f 3925 3927 3928
f 3926 3925 3923
f 3926 3923 3922
f 3927 3921 3924
f 3927 3924 3928
f 3927 3926 3922
f 3927 3922 3921
f 3928 3924 3923
f 3928 3923 3925
v 80.0 180.0 30.0
v 90.0 180.0 30.0
v 90.0 190.0 30.0
v 80.0 190.0 30.0
v 90.0 190.0 20.0
v 90.0 180.0 20.0
v 80.0 180.0 20.0
v 80.0 190.0 20.0
f 3929 3930 3931
f 3929 3931 3932
f 3933 3934 3935
f 3933 3935 3936
f 3934 3933 3931
f 3934 3931 3930
f 3935 3929 3932
f 3935 3932 3936
f 3935 3934 3930
f 3935 3930 3929
f 3936 3932 3931
f 3936 3931 3933
v 80.0 180.0 50.0
v 90.0 180.0 50.0
v 90.0 190.0 50.0
v 80.0 190.0 50.0
v 90.0 190.0 40.0
v 90.0 180.0 40.0
v 80.0 180.0 40.0
v 80.0 190.0 40.0
f 3937 3938 3939
f 3937 3939 3940
f 3941 3942 3943
f 3941 3943 3944
f 3942 3941 3939
f 3942 3939 3938
f 3943 3937 3940
f 3943 3940 3944
f 3943 3942 3938
f 3943 3938 3937
f 3944 3940 3939
f 3944 3939 3941
v 80.0 180.0 70.0
v 90.0 180.0 70.0
v 90.0 190.0 70.0
v 80.0 190.0 70.0
v 90.0 190.0 60.0
v 90.0 180.0 60.0
v 80.0 180.0 60.0
v 80.0 190.0 60.0
f 3945 3946 3947
f 3945 3947 3948
f 3949 3950 3951
f 3949 3951 3952
f 3950 3949 3947
f 3950 3947 3946
f 3951 3945 3948
f 3951 3948 3952
f 3951 3950 3946
f 3951 3946 3945
f 3952 3948 3947
f 3952 3947 3949
v 80.0 180.0 90.0
v 90.0 180.0 90.0
v 90.0 190.0 90.0
v 80.0 190.0 90.0
v 90.0 190.0 80.0
v 90.0 180.0 80.0
v 80.0 180.0 80.0
v 80.0 190.0 80.0
f 3953 3954 3955
f 3953 3955 3956
f 3957 3958 3959
f 3957 3959 3960
f 3958 3957 3955
f 3958 3955 3954
f 3959 3953 3956
f 3959 3956 3960
f 3959 3958 3954
f 3959 3954 3953
f 3960 3956 3955
f 3960 3955 3957
v 80.0 180.0 110.0
v 90.0 180.0 110.0
v 90.0 190.0 110.0
v 80.0 190.0 110.0
v 90.0 190.0 100.0
v 90.0 180.0 100.0
v 80.0 180.0 100.0
v 80.0 190.0 100.0
f 3961 3962 3963
f 3961 3963 3964
f 3965 3966 3967
f 3965 3967 3968
f 3966 3965 3963
f 3966 3963 3962
f 3967 3961 3964
f 3967 3964 3968
f 3967 3966 3962
f 3967 3962 3961
f 3968 3964 3963
f 3968 3963 3965
v 80.0 180.0 130.0
v 90.0 180.0 130.0
v 90.0 190.0 130.0
v 80.0 190.0 130.0
v 90.0 190.0 120.0
v 90.0 180.0 120.0
v 80.0 180.0 120.0
v 80.0 190.0 120.0
f 3969 3970 3971
f 3969 3971 3972
f 3973 3974 3975
f 3973 3975 3976
f 3974 3973 3971
f 3974 3971 3970
f 3975 3969 3972
f 3975 3972 3976
f 3975 3974 3970
f 3975 3970 3969
f 3976 3972 3971
f 3976 3971 3973
v 80.0 180.0 150.0
v 90.0 180.0 150.0
v 90.0 190.0 150.0
v 80.0 190.0 150.0
v 90.0 190.0 140.0
v 90.0 180.0 140.0
v 80.0 180.0 140.0
v 80.0 190.0 140.0
f 3977 3978 3979
f 3977 3979 3980
f 3981 3982 3983
f 3981 3983 3984
f 3982 3981 3979
f 3982 3979 3978
f 3983 3977 3980
f 3983 3980 3984
f 3983 3982 3978
f 3983 3978 3977
f 3984 3980 3979
f 3984 3979 3981
v 80.0 180.0 170.0
v 90.0 180.0 170.0
v 90.0 190.0 170.0
v 80.0 190.0 170.0
v 90.0 190.0 160.0
v 90.0 180.0 160.0
v 80.0 180.0 160.0
v 80.0 190.0 160.0
f 3985 3986 3987
f 3985 3987 3988
f 3989 3990 3991
f 3989 3991 3992
f 3990 3989 3987
f 3990 3987 3986
f 3991 3985 3988
f 3991 3988 3992
f 3991 3990 3986
f 3991 3986 3985
f 3992 3988 3987
f 3992 3987 3989
v 80.0 180.0 190.0
v 90.0 180.0 190.0
v 90.0 190.0 190.0
v 80.0 190.0 190.0
v 90.0 190.0 180.0
v 90.0 180.0 180.0
v 80.0 180.0 180.0
v 80.0 190.0 180.0
f 3993 3994 3995
f 3993 3995 3996
f 3997 3998 3999
f 3997 3999 4000
f 3998 3997 3995
f 3998 3995 3994
f 3999 3993 3996
f 3999 3996 4000
f 3999 3998 3994
f 3999 3994 3993
f 4000 3996 3995
f 4000 3995 3997
v 100.0 0.0 10.0
v 110.0 0.0 10.0
v 110.0 10.0 10.0
v 100.0 10.0 10.0
v 110.0 10.0 0.0
v 110.0 0.0 0.0
v 100.0 0.0 0.0
v 100.0 10.0 0.0
f 4001 4002 4003
f 4001 4003 4004
f 4005 4006 4007
f 4005 4007 4008
f 4006 4005 4003
f 4006 4003 4002
f 4007 4001 4004
f 4007 4004 4008
f 4007 4006 4002
f 4007 4002 4001
f 4008 4004 4003
f 4008 4003 4005
v 100.0 0.0 30.0
v 110.0 0.0 30.0
v 110.0 10.0 30.0
v 100.0 10.0 30.0
v 110.0 10.0 20.0
v 110.0 0.0 20.0
v 100.0 0.0 20.0
v 100.0 10.0 20.0
f 4009 4010 4011
f 4009 4011 4012
f 4013 4014 4015
f 4013 4015 4016
f 4014 4013 4011
f 4014 4011 4010
f 4015 4009 4012
f 4015 4012 4016
f 4015 4014 4010
f 4015 4010 4009
f 4016 4012 4011
f 4016 4011 4013
v 100.0 0.0 50.0
v 110.0 0.0 50.0
v 110.0 10.0 50.0
v 100.0 10.0 50.0
v 110.0 10.0 40.0
v 110.0 0.0 40.0
v 100.0 0.0 40.0
v 100.0 10.0 40.0
f 4017 4018 4019
f 4017 4019 4020
f 4021 4022 4023
f 4021 4023 4024
f 4022 4021 4019
f 4022 4019 4018
f 4023 4017 4020
f 4023 4020 4024
f 4023 4022 4018
f 4023 4018 4017
f 4024 4020 4019
f 4024 4019 4021
v 100.0 0.0 70.0
v 110.0 0.0 70.0
v 110.0 10.0 70.0
v 100.0 10.0 70.0
v 110.0 10.0 60.0
v 110.0 0.0 60.0
v 100.0 0.0 60.0
v 100.0 10.0 60.0
f 4025 4026 4027
f 4025 4027 4028
f 4029 4030 4031
f 4029 4031 4032
f 4030 4029 4027
f 4030 4027 4026
f 4031 4025 4028
f 4031 4028 4032
f 4031 4030 4026
f 4031 4026 4025
f 4032 4028 4027
f 4032 4027 4029
v 100.0 0.0 90.0
v 110.0 0.0 90.0
v 110.0 10.0 90.0
v 100.0 10.0 90.0
v 110.0 10.0 80.0
v 110.0 0.0 80.0
v 100.0 0.0 80.0
v 100.0 10.0 80.0
f 4033 4034 4035
f 4033 4035 4036
f 4037 4038 4039
f 4037 4039 4040
f 4038 4037 4035
f 4038 4035 4034
f 4039 4033 4036
f 4039 4036 4040
f 4039 4038 4034
f 4039 4034 4033
f 4040 4036 4035
f 4040 4035 4037
v 100.0 0.0 110.0
v 110.0 0.0 110.0
v 110.0 10.0 110.0
v 100.0 10.0 110.0
v 110.0 10.0 100.0
v 110.0 0.0 100.0
v 100.0 0.0 100.0
v 100.0 10.0 100.0
f 4041 4042 4043
f 4041 4043 4044
f 4045 4046 4047
f 4045 4047 4048
f 4046 4045 4043
f 4046 4043 4042
f 4047 4041 4044
f 4047 4044 4048
f 4047 4046 4042
f 4047 4042 4041
f 4048 4044 4043
f 4048 4043 4045
v 100.0 0.0 130.0
v 110.0 0.0 130.0
v 110.0 10.0 130.0
v 100.0 10.0 130.0
v 110.0 10.0 120.0
v 110.0 0.0 120.0
v 100.0 0.0 120.0
v 100.0 10.0 120.0
f 4049 4050 4051
f 4049 4051 4052
f 4053 4054 4055
f 4053 4055 4056
f 4054 4053 4051
f 4054 4051 4050
f 4055 4049 4052
f 4055 4052 4056
f 4055 4054 4050
f 4055 4050 4049
f 4056 4052 4051
f 4056 4051 4053
v 100.0 0.0 150.0
v 110.0 0.0 150.0
v 110.0 10.0 150.0
v 100.0 10.0 150.0
v 110.0 10.0 140.0
v 110.0 0.0 140.0
v 100.0 0.0 140.0
v 100.0 10.0 140.0
f 4057 4058 4059
f 4057 4059 4060
f 4061 4062 4063
f 4061 4063 4064
f 4062 4061 4059
f 4062 4059 4058
f 4063 4057 4060
f 4063 4060 4064
f 4063 4062 4058
f 4063 4058 4057
f 4064 4060 4059
f 4064 4059 4061
v 100.0 0.0 170.0
v 110.0 0.0 170.0
v 110.0 10.0 170.0
v 100.0 10.0 170.0
v 110.0 10.0 160.0
v 110.0 0.0 160.0
v 100.0 0.0 160.0
v 100.0 10.0 160.0
f 4065 4066 4067
f 4065 4067 4068
f 4069 4070 4071
f 4069 4071 4072
f 4070 4069 4067
f 4070 4067 4066
f 4071 4065 4068
f 4071 4068 4072
f 4071 4070 4066
f 4071 4066 4065
f 4072 4068 4067
f 4072 4067 4069
v 100.0 0.0 190.0
v 110.0 0.0 190.0
v 110.0 10.0 190.0
v 100.0 10.0 190.0
v 110.0 10.0 180.0
v 110.0 0.0 180.0
v 100.0 0.0 180.0
v 100.0 10.0 180.0
f 4073 4074 4075
f 4073 4075 4076
f 4077 4078 4079
f 4077 4079 4080
f 4078 4077 4075
f 4078 4075 4074
f 4079 4073 4076
f 4079 4076 4080
f 4079 4078 4074
f 4079 4074 4073
f 4080 4076 4075
f 4080 4075 4077
v 100.0 20.0 10.0
v 110.0 20.0 10.0
v 110.0 30.0 10.0
v 100.0 30.0 10.0
v 110.0 30.0 0.0
v 110.0 20.0 0.0
v 100.0 20.0 0.0
v 100.0 30.0 0.0
f 4081 4082 4083
f 4081 4083 4084
f 4085 4086 4087
f 4085 4087 4088
f 4086 4085 4083
f 4086 4083 4082
f 4087 4081 4084
f 4087 4084 4088
f 4087 4086 4082
f 4087 4082 4081
f 4088 4084 4083
f 4088 4083 4085
v 100.0 20.0 30.0
v 110.0 20.0 30.0
v 110.0 30.0 30.0
v 100.0 30.0 30.0
v 110.0 30.0 20.0
v 110.0 20.0 20.0
v 100.0 20.0 20.0
v 100.0 30.0 20.0
f 4089 4090 4091
f 4089 4091 4092
f 4093 4094 4095
f 4093 4095 4096
f 4094 4093 4091
f 4094 4091 4090
f 4095 4089 4092
f 4095 4092 4096
f 4095 4094 4090
f 4095 4090 4089
f 4096 4092 4091
f 4096 4091 4093
v 100.0 20.0 50.0
v 110.0 20.0 50.0
v 110.0 30.0 50.0
v 100.0 30.0 50.0
v 110.0 30.0 40.0
v 110.0 20.0 40.0
v 100.0 20.0 40.0
v 100.0 30.0 40.0
f 4097 4098 4099
f 4097 4099 4100
f 4101 4102 4103
f 4101 4103 4104
f 4102 4101 4099
f 4102 4099 4098
f 4103 4097 4100
f 4103 4100 4104
f 4103 4102 4098
f 4103 4098 4097
f 4104 4100 4099
f 4104 4099 4101
v 100.0 20.0 70.0
v 110.0 20.0 70.0
v 110.0 30.0 70.0
v 100.0 30.0 70.0
v 110.0 30.0 60.0
v 110.0 20.0 60.0
v 100.0 20.0 60.0
v 100.0 30.0 60.0
f 4105 4106 4107
f 4105 4107 4108
f 4109 4110 4111
f 4109 4111 4112
f 4110 4109 4107
f 4110 4107 4106
f 4111 4105 4108
f 4111 4108 4112
f 4111 4110 4106
f 4111 4106 4105
f 4112 4108 4107
f 4112 4107 4109
v 100.0 20.0 90.0
v 110.0 20.0 90.0
v 110.0 30.0 90.0
v 100.0 30.0 90.0
v 110.0 30.0 80.0
v 110.0 20.0 80.0
v 100.0 20.0 80.0
v 100.0 30.0 80.0
f 4113 4114 4115
f 4113 4115 4116
f 4117 4118 4119
f 4117 4119 4120
f 4118 4117 4115
f 4118 4115 4114
f 4119 4113 4116
f 4119 4116 4120
f 4119 4118 4114
f 4119 4114 4113
f 4120 4116 4115
f 4120 4115 4117
v 100.0 20.0 110.0
v 110.0 20.0 110.0
v 110.0 30.0 110.0
v 100.0 30.0 110.0
v 110.0 30.0 100.0
v 110.0 20.0 100.0
v 100.0 20.0 100.0
v 100.0 30.0 100.0
f 4121 4122 4123
f 4121 4123 4124
f 4125 4126 4127
f 4125 4127 4128
f 4126 4125 4123
f 4126 4123 4122
f 4127 4121 4124
f 4127 4124 4128
f 4127 4126 4122
f 4127 4122 4121
f 4128 4124 4123
f 4128 4123 4125
v 100.0 20.0 130.0
v 110.0 20.0 130.0
v 110.0 30.0 130.0
v 100.0 30.0 130.0
v 110.0 30.0 120.0
v 110.0 20.0 120.0
v 100.0 20.0 120.0
v 100.0 30.0 120.0
f 4129 4130 4131
f 4129 4131 4132
f 4133 4134 4135
f 4133 4135 4136
f 4134 4133 4131
f 4134 4131 4130
f 4135 4129 4132
f 4135 4132 4136
f 4135 4134 4130
f 4135 4130 4129
f 4136 4132 4131
f 4136 4131 4133
v 100.0 20.0 150.0
v 110.0 20.0 150.0
v 110.0 30.0 150.0
v 100.0 30.0 150.0
v 110.0 30.0 140.0
v 110.0 20.0 140.0
v 100.0 20.0 140.0
v 100.0 30.0 140.0
f 4137 4138 4139
f 4137 4139 4140
f 4141 4142 4143
f 4141 4143 4144
f 4142 4141 4139
f 4142 4139 4138
f 4143 4137 4140
f 4143 4140 4144
f 4143 4142 4138
f 4143 4138 4137
f 4144 4140 4139
f 4144 4139 4141
v 100.0 20.0 170.0
v 110.0 20.0 170.0
v 110.0 30.0 170.0
v 100.0 30.0 170.0
v 110.0 30.0 160.0
v 110.0 20.0 160.0
v 100.0 20.0 160.0
v 100.0 30.0 160.0
f 4145 4146 4147
f 4145 4147 4148
f 4149 4150 4151
f 4149 4151 4152
f 4150 4149 4147
f 4150 4147 4146
f 4151 4145 4148
f 4151 4148 4152
f 4151 4150 4146
f 4151 4146 4145
f 4152 4148 4147
f 4152 4147 4149
v 100.0 20.0 190.0
v 110.0 20.0 190.0
v 110.0 30.0 190.0
v 100.0 30.0 190.0
v 110.0 30.0 180.0
v 110.0 20.0 180.0
v 100.0 20.0 180.0
v 100.0 30.0 180.0
f 4153 4154 4155
f 4153 4155 4156
f 4157 4158 4159
f 4157 4159 4160
f 4158 4157 4155
f 4158 4155 4154
f 4159 4153 4156
f 4159 4156 4160
f 4159 4158 4154
f 4159 4154 4153
f 4160 4156 4155
f 4160 4155 4157
v 100.0 40.0 10.0
v 110.0 40.0 10.0
v 110.0 50.0 10.0
v 100.0 50.0 10.0
v 110.0 50.0 0.0
v 110.0 40.0 0.0
v 100.0 40.0 0.0
v 100.0 50.0 0.0
f 4161 4162 4163
f 4161 4163 4164
f 4165 4166 4167
f 4165 4167 4168
f 4166 4165 4163
f 4166 4163 4162
f 4167 4161 4164
f 4167 4164 4168
f 4167 4166 4162
f 4167 4162 4161
f 4168 4164 4163
f 4168 4163 4165
v 100.0 40.0 30.0
v 110.0 40.0 30.0
v 110.0 50.0 30.0
v 100.0 50.0 30.0
v 110.0 50.0 20.0
v 110.0 40.0 20.0
v 100.0 40.0 20.0
v 100.0 50.0 20.0
f 4169 4170 4171
f 4169 4171 4172
f 4173 4174 4175
f 4173 4175 4176
f 4174 4173 4171
f 4174 4171 4170
f 4175 4169 4172
f 4175 4172 4176
f 4175 4174 4170
f 4175 4170 4169
f 4176 4172 4171
f 4176 4171 4173
v 100.0 40.0 50.0
v 110.0 40.0 50.0
v 110.0 50.0 50.0
v 100.0 50.0 50.0
v 110.0 50.0 40.0
v 110.0 40.0 40.0
v 100.0 40.0 40.0
v 100.0 50.0 40.0
f 4177 4178 4179
f 4177 4179 4180
f 4181 4182 4183
f 4181 4183 4184
f 4182 4181 4179
f 4182 4179 4178
f 4183 4177 4180
f 4183 4180 4184
f 4183 4182 4178
f 4183 4178 4177
f 4184 4180 4179
f 4184 4179 4181
v 100.0 40.0 70.0
v 110.0 40.0 70.0
v 110.0 50.0 70.0
v 100.0 50.0 70.0
v 110.0 50.0 60.0
v 110.0 40.0 60.0
v 100.0 40.0 60.0
v 100.0 50.0 60.0
f 4185 4186 4187
f 4185 4187 4188
f 4189 4190 4191
f 4189 4191 4192
f 4190 4189 4187
f 4190 4187 4186
f 4191 4185 4188
f 4191 4188 4192
f 4191 4190 4186
f 4191 4186 4185
f 4192 4188 4187
f 4192 4187 4189
v 100.0 40.0 90.0
v 110.0 40.0 90.0
v 110.0 50.0 90.0
v 100.0 50.0 90.0
v 110.0 50.0 80.0
v 110.0 40.0 80.0
v 100.0 40.0 80.0
v 100.0 50.0 80.0
f 4193 4194 4195
f 4193 4195 4196
f 4197 4198 4199
f 4197 4199 4200
f 4198 4197 4195
f 4198 4195 4194
f 4199 4193 4196
f 4199 4196 4200
f 4199 4198 4194
f 4199 4194 4193
f 4200 4196 4195
f 4200 4195 4197
v 100.0 40.0 110.0
v 110.0 40.0 110.0
v 110.0 50.0 110.0
v 100.0 50.0 110.0
v 110.0 50.0 100.0
v 110.0 40.0 100.0
v 100.0 40.0 100.0
v 100.0 50.0 100.0
f 4201 4202 4203
f 4201 4203 4204
f 4205 4206 4207
f 4205 4207 4208
f 4206 4205 4203
f 4206 4203 4202
f 4207 4201 4204
f 4207 4204 4208
f 4207 4206 4202
f 4207 4202 4201
f 4208 4204 4203
f 4208 4203 4205
v 100.0 40.0 130.0
v 110.0 40.0 130.0
v 110.0 50.0 130.0
v 100.0 50.0 130.0
v 110.0 50.0 120.0
v 110.0 40.0 120.0
v 100.0 40.0 120.0
v 100.0 50.0 120.0
f 4209 4210 4211
f 4209 4211 4212
f 4213 4214 4215
f 4213 4215 4216
f 4214 4213 4211
f 4214 4211 4210
f 4215 4209 4212
f 4215 4212 4216
f 4215 4214 4210
f 4215 4210 4209
f 4216 4212 4211
f 4216 4211 4213
v 100.0 40.0 150.0
v 110.0 40.0 150.0
v 110.0 50.0 150.0
v 100.0 50.0 150.0
v 110.0 50.0 140.0
v 110.0 40.0 140.0
v 100.0 40.0 140.0
v 100.0 50.0 140.0
f 4217 4218 4219
f 4217 4219 4220
f 4221 4222 4223
f 4221 4223 4224
f 4222 4221 4219
f 4222 4219 4218
f 4223 4217 4220
f 4223 4220 4224
f 4223 4222 4218
f 4223 4218 4217
f 4224 4220 4219
f 4224 4219 4221
v 100.0 40.0 170.0
v 110.0 40.0 170.0
v 110.0 50.0 170.0
v 100.0 50.0 170.0
v 110.0 50.0 160.0
v 110.0 40.0 160.0
v 100.0 40.0 160.0
v 100.0 50.0 160.0
f 4225 4226 4227
f 4225 4227 4228
f 4229 4230 4231
f 4229 4231 4232
f 4230 4229 4227
f 4230 4227 4226
f 4231 4225 4228
f 4231 4228 4232
f 4231 4230 4226
f 4231 4226 4225
f 4232 4228 4227
f 4232 4227 4229
v 100.0 40.0 190.0
v 110.0 40.0 190.0
v 110.0 50.0 190.0
v 100.0 50.0 190.0
v 110.0 50.0 180.0
v 110.0 40.0 180.0
v 100.0 40.0 180.0
v 100.0 50.0 180.0
f 4233 4234 4235
f 4233 4235 4236
f 4237 4238 4239
f 4237 4239 4240
f 4238 4237 4235
f 4238 4235 4234
f 4239 4233 4236
f 4239 4236 4240
f 4239 4238 4234
f 4239 4234 4233
f 4240 4236 4235
f 4240 4235 4237
v 100.0 60.0 10.0
v 110.0 60.0 10.0
v 110.0 70.0 10.0
v 100.0 70.0 10.0
v 110.0 70.0 0.0
v 110.0 60.0 0.0
v 100.0 60.0 0.0
v 100.0 70.0 0.0
f 4241 4242 4243
f 4241 4243 4244
f 4245 4246 4247
f 4245 4247 4248
f 4246 4245 4243
f 4246 4243 4242
f 4247 4241 4244
f 4247 4244 4248
f 4247 4246 4242
f 4247 4242 4241
f 4248 4244 4243
f 4248 4243 4245
v 100.0 60.0 30.0
v 110.0 60.0 30.0
v 110.0 70.0 30.0
v 100.0 70.0 30.0
v 110.0 70.0 20.0
v 110.0 60.0 20.0
v 100.0 60.0 20.0
v 100.0 70.0 20.0
f 4249 4250 4251
f 4249 4251 4252
f 4253 4254 4255
f 4253 4255 4256
f 4254 4253 4251
f 4254 4251 4250
f 4255 4249 4252
f 4255 4252 4256
f 4255 4254 4250
f 4255 4250 4249
f 4256 4252 4251
f 4256 4251 4253
v 100.0 60.0 50.0
v 110.0 60.0 50.0
v 110.0 70.0 50.0
v 100.0 70.0 50.0
v 110.0 70.0 40.0
v 110.0 60.0 40.0
v 100.0 60.0 40.0
v 100.0 70.0 40.0
f 4257 4258 4259
f 4257 4259 4260
f 4261 4262 4263
f 4261 4263 4264
f 4262 4261 4259
f 4262 4259 4258
f 4263 4257 4260
f 4263 4260 4264
f 4263 4262 4258
f 4263 4258 4257
f 4264 4260 4259
f 4264 4259 4261
v 100.0 60.0 70.0
v 110.0 60.0 70.0
v 110.0 70.0 70.0
v 100.0 70.0 70.0
v 110.0 70.0 60.0
v 110.0 60.0 60.0
v 100.0 60.0 60.0
v 100.0 70.0 60.0
f 4265 4266 4267
f 4265 4267 4268
f 4269 4270 4271
f 4269 4271 4272
f 4270 4269 4267
f 4270 4267 4266
f 4271 4265 4268
f 4271 4268 4272
f 4271 4270 4266
f 4271 4266 4265
f 4272 4268 4267
f 4272 4267 4269
v 100.0 60.0 90.0
v 110.0 60.0 90.0
v 110.0 70.0 90.0
v 100.0 70.0 90.0
v 110.0 70.0 80.0
v 110.0 60.0 80.0
v 100.0 60.0 80.0
v 100.0 70.0 80.0
f 4273 4274 4275
f 4273 4275 4276
f 4277 4278 4279
f 4277 4279 4280
f 4278 4277 4275
f 4278 4275 4274
f 4279 4273 4276
f 4279 4276 4280
f 4279 4278 4274
f 4279 4274 4273
f 4280 4276 4275
f 4280 4275 4277
v 100.0 60.0 110.0
v 110.0 60.0 110.0
v 110.0 70.0 110.0
v 100.0 70.0 110.0
v 110.0 70.0 100.0
v 110.0 60.0 100.0
v 100.0 60.0 100.0
v 100.0 70.0 100.0
f 4281 4282 4283
f 4281 4283 4284
f 4285 4286 4287
f 4285 4287 4288
f 4286 4285 4283
f 4286 4283 4282
f 4287 4281 4284
f 4287 4284 4288
f 4287 4286 4282
f 4287 4282 4281
f 4288 4284 4283
f 4288 4283 4285
v 100.0 60.0 130.0
v 110.0 60.0 130.0
v 110.0 70.0 130.0
v 100.0 70.0 130.0
v 110.0 70.0 120.0
v 110.0 60.0 120.0
v 100.0 60.0 120.0
v 100.0 70.0 120.0
f 4289 4290 4291
f 4289 4291 4292
f 4293 4294 4295
f 4293 4295 4296
f 4294 4293 4291
f 4294 4291 4290
f 4295 4289 4292
f 4295 4292 4296
f 4295 4294 4290
f 4295 4290 4289
f 4296 4292 4291
f 4296 4291 4293
v 100.0 60.0 150.0
v 110.0 60.0 150.0
v 110.0 70.0 150.0
v 100.0 70.0 150.0
v 110.0 70.0 140.0
v 110.0 60.0 140.0
v 100.0 60.0 140.0
v 100.0 70.0 140.0
f 4297 4298 4299
f 4297 4299 4300
f 4301 4302 4303
f 4301 4303 4304
f 4302 4301 4299
f 4302 4299 4298
f 4303 4297 4300
f 4303 4300 4304
f 4303 4302 4298
f 4303 4298 4297
f 4304 4300 4299
f 4304 4299 4301
v 100.0 60.0 170.0
v 110.0 60.0 170.0
v 110.0 70.0 170.0
v 100.0 70.0 170.0
v 110.0 70.0 160.0
v 110.0 60.0 160.0
v 100.0 60.0 160.0
v 100.0 70.0 160.0
f 4305 4306 4307
f 4305 4307 4308
f 4309 4310 4311
f 4309 4311 4312
f 4310 4309 4307
f 4310 4307 4306
f 4311 4305 4308
f 4311 4308 4312
f 4311 4310 4306
f 4311 4306 4305
f 4312 4308 4307
f 4312 4307 4309
v 100.0 60.0 190.0
v 110.0 60.0 190.0
v 110.0 70.0 190.0
v 100.0 70.0 190.0
v 110.0 70.0 180.0
v 110.0 60.0 180.0
v 100.0 60.0 180.0
v 100.0 70.0 180.0
f 4313 4314 4315
f 4313 4315 4316
f 4317 4318 4319
f 4317 4319 4320
f 4318 4317 4315
f 4318 4315 4314
f 4319 4313 4316
f 4319 4316 4320
f 4319 4318 4314
f 4319 4314 4313
f 4320 4316 4315
f 4320 4315 4317
v 100.0 80.0 10.0
v 110.0 80.0 10.0
v 110.0 90.0 10.0
v 100.0 90.0 10.0
v 110.0 90.0 0.0
v 110.0 80.0 0.0
v 100.0 80.0 0.0
v 100.0 90.0 0.0
f 4321 4322 4323
f 4321 4323 4324
f 4325 4326 4327
f 4325 4327 4328
f 4326 4325 4323
f 4326 4323 4322
f 4327 4321 4324
f 4327 4324 4328
f 4327 4326 4322
f 4327 4322 4321
f 4328 4324 4323
f 4328 4323 4325
v 100.0 80.0 30.0
v 110.0 80.0 30.0
v 110.0 90.0 30.0
v 100.0 90.0 30.0
v 110.0 90.0 20.0
v 110.0 80.0 20.0
v 100.0 80.0 20.0
v 100.0 90.0 20.0
f 4329 4330 4331
f 4329 4331 4332
f 4333 4334 4335
f 4333 4335 4336
f 4334 4333 4331
f 4334 4331 4330
f 4335 4329 4332
f 4335 4332 4336
f 4335 4334 4330
f 4335 4330 4329
f 4336 4332 4331
f 4336 4331 4333
v 100.0 80.0 50.0
v 110.0 80.0 50.0
v 110.0 90.0 50.0
v 100.0 90.0 50.0
v 110.0 90.0 40.0
v 110.0 80.0 40.0
v 100.0 80.0 40.0
v 100.0 90.0 40.0
f 4337 4338 4339
f 4337 4339 4340
f 4341 4342 4343
f 4341 4343 4344
f 4342 4341 4339
f 4342 4339 4338
f 4343 4337 4340
f 4343 4340 4344
f 4343 4342 4338
f 4343 4338 4337
f 4344 4340 4339
f 4344 4339 4341
v 100.0 80.0 70.0
v 110.0 80.0 70.0
v 110.0 90.0 70.0
v 100.0 90.0 70.0
v 110.0 90.0 60.0
v 110.0 80.0 60.0
v 100.0 80.0 60.0
v 100.0 90.0 60.0
f 4345 4346 4347
f 4345 4347 4348
f 4349 4350 4351
f 4349 4351 4352
f 4350 4349 4347
f 4350 4347 4346
f 4351 4345 4348
f 4351 4348 4352
f 4351 4350 4346
f 4351 4346 4345
f 4352 4348 4347
f 4352 4347 4349
v 100.0 80.0 90.0
v 110.0 80.0 90.0
v 110.0 90.0 90.0
v 100.0 90.0 90.0
v 110.0 90.0 80.0
v 110.0 80.0 80.0
v 100.0 80.0 80.0
v 100.0 90.0 80.0
f 4353 4354 4355
f 4353 4355 4356
f 4357 4358 4359
f 4357 4359 4360
f 4358 4357 4355
f 4358 4355 4354
f 4359 4353 4356
f 4359 4356 4360
f 4359 4358 4354
f 4359 4354 4353
f 4360 4356 4355
f 4360 4355 4357
v 100.0 80.0 110.0
v 110.0 80.0 110.0
v 110.0 90.0 110.0
v 100.0 90.0 110.0
v 110.0 90.0 100.0
v 110.0 80.0 100.0
v 100.0 80.0 100.0
v 100.0 90.0 100.0
f 4361 4362 4363
f 4361 4363 4364
f 4365 4366 4367
f 4365 4367 4368
f 4366 4365 4363
f 4366 4363 4362
f 4367 4361 4364
f 4367 4364 4368
f 4367 4366 4362
f 4367 4362 4361
f 4368 4364 4363
f 4368 4363 4365
v 100.0 80.0 130.0
v 110.0 80.0 130.0
v 110.0 90.0 130.0
v 100.0 90.0 130.0
v 110.0 90.0 120.0
v 110.0 80.0 120.0
v 100.0 80.0 120.0
v 100.0 90.0 120.0
f 4369 4370 4371
f 4369 4371 4372
f 4373 4374 4375
f 4373 4375 4376
f 4374 4373 4371
f 4374 4371 4370
f 4375 4369 4372
f 4375 4372 4376
f 4375 4374 4370
f 4375 4370 4369
f 4376 4372 4371
f 4376 4371 4373
v 100.0 80.0 150.0
v 110.0 80.0 150.0
v 110.0 90.0 150.0
v 100.0 90.0 150.0
v 110.0 90.0 140.0
v 110.0 80.0 140.0
v 100.0 80.0 140.0
v 100.0 90.0 140.0
f 4377 4378 4379
f 4377 4379 4380
f 4381 4382 4383
f 4381 4383 4384
f 4382 4381 4379
f 4382 4379 4378
f 4383 4377 4380
f 4383 4380 4384
f 4383 4382 4378
f 4383 4378 4377
f 4384 4380 4379
f 4384 4379 4381
v 100.0 80.0 170.0
v 110.0 80.0 170.0
v 110.0 90.0 170.0
v 100.0 90.0 170.0
v 110.0 90.0 160.0
v 110.0 80.0 160.0
v 100.0 80.0 160.0
v 100.0 90.0 160.0
f 4385 4386 4387
f 4385 4387 4388
f 4389 4390 4391
f 4389 4391 4392
f 4390 4389 4387
f 4390 4387 4386
f 4391 4385 4388
f 4391 4388 4392
f 4391 4390 4386
f 4391 4386 4385
f 4392 4388 4387
f 4392 4387 4389
v 100.0 80.0 190.0
v 110.0 80.0 190.0
v 110.0 90.0 190.0
v 100.0 90.0 190.0
v 110.0 90.0 180.0
v 110.0 80.0 180.0
v 100.0 80.0 180.0
v 100.0 90.0 180.0
f 4393 4394 4395
f 4393 4395 4396
f 4397 4398 4399
f 4397 4399 4400
f 4398 4397 4395
f 4398 4395 4394
f 4399 4393 4396
f 4399 4396 4400
f 4399 4398 4394
f 4399 4394 4393
f 4400 4396 4395
f 4400 4395 4397
v 100.0 100.0 10.0
v 110.0 100.0 10.0
v 110.0 110.0 10.0
v 100.0 110.0 10.0
v 110.0 110.0 0.0
v 110.0 100.0 0.0
v 100.0 100.0 0.0
v 100.0 110.0 0.0
f 4401 4402 4403
f 4401 4403 4404
f 4405 4406 4407
f 4405 4407 4408
f 4406 4405 4403
f 4406 4403 4402
f 4407 4401 4404
f 4407 4404 4408
f 4407 4406 4402
f 4407 4402 4401
f 4408 4404 4403
f 4408 4403 4405
v 100.0 100.0 30.0
v 110.0 100.0 30.0
v 110.0 110.0 30.0
v 100.0 110.0 30.0
v 110.0 110.0 20.0
v 110.0 100.0 20.0
v 100.0 100.0 20.0
v 100.0 110.0 20.0
f 4409 4410 4411
f 4409 4411 4412
f 4413 4414 4415
f 4413 4415 4416
f 4414 4413 4411
f 4414 4411 4410
f 4415 4409 4412
f 4415 4412 4416
f 4415 4414 4410
f 4415 4410 4409
f 4416 4412 4411
f 4416 4411 4413
v 100.0 100.0 50.0
v 110.0 100.0 50.0
v 110.0 110.0 50.0
v 100.0 110.0 50.0
v 110.0 110.0 40.0
v 110.0 100.0 40.0
v 100.0 100.0 40.0
v 100.0 110.0 40.0
f 4417 4418 4419
f 4417 4419 4420
f 4421 4422 4423
f 4421 4423 4424
f 4422 4421 4419
f 4422 4419 4418
f 4423 4417 4420
f 4423 4420 4424
f 4423 4422 4418
f 4423 4418 4417
f 4424 4420 4419
f 4424 4419 4421
v 100.0 100.0 70.0
v 110.0 100.0 70.0
v 110.0 110.0 70.0
v 100.0 110.0 70.0
v 110.0 110.0 60.0
v 110.0 100.0 60.0
v 100.0 100.0 60.0
v 100.0 110.0 60.0
f 4425 4426 4427
f 4425 4427 4428
f 4429 4430 4431
f 4429 4431 4432
f 4430 4429 4427
f 4430 4427 4426
f 4431 4425 4428
f 4431 4428 4432
f 4431 4430 4426
f 4431 4426 4425
f 4432 4428 4427
f 4432 4427 4429
v 100.0 100.0 90.0
v 110.0 100.0 90.0
v 110.0 110.0 90.0
v 100.0 110.0 90.0
v 110.0 110.0 80.0
v 110.0 100.0 80.0
v 100.0 100.0 80.0
v 100.0 110.0 80.0
f 4433 4434 4435
f 4433 4435 4436
f 4437 4438 4439
f 4437 4439 4440
f 4438 4437 4435
f 4438 4435 4434
f 4439 4433 4436
f 4439 4436 4440
f 4439 4438 4434
f 4439 4434 4433
f 4440 4436 4435
f 4440 4435 4437
v 100.0 100.0 110.0
v 110.0 100.0 110.0
v 110.0 110.0 110.0
v 100.0 110.0 110.0
v 110.0 110.0 100.0
v 110.0 100.0 100.0
v 100.0 100.0 100.0
v 100.0 110.0 100.0
f 4441 4442 4443
f 4441 4443 4444
f 4445 4446 4447
f 4445 4447 4448
f 4446 4445 4443
f 4446 4443 4442
f 4447 4441 4444
f 4447 4444 4448
f 4447 4446 4442
f 4447 4442 4441
f 4448 4444 4443
f 4448 4443 4445
v 100.0 100.0 130.0
v 110.0 100.0 130.0
v 110.0 110.0 130.0
v 100.0 110.0 130.0
v 110.0 110.0 120.0
v 110.0 100.0 120.0
v 100.0 100.0 120.0
v 100.0 110.0 120.0
f 4449 4450 4451
f 4449 4451 4452
f 4453 4454 4455
f 4453 4455 4456
f 4454 4453 4451
f 4454 4451 4450
f 4455 4449 4452
f 4455 4452 4456
f 4455 4454 4450
f 4455 4450 4449
f 4456 4452 4451
f 4456 4451 4453
v 100.0 100.0 150.0
v 110.0 100.0 150.0
v 110.0 110.0 150.0
v 100.0 110.0 150.0
v 110.0 110.0 140.0
v 110.0 100.0 140.0
v 100.0 100.0 140.0
v 100.0 110.0 140.0
f 4457 4458 4459
f 4457 4459 4460
f 4461 4462 4463
f 4461 4463 4464
f 4462 4461 4459
f 4462 4459 4458
f 4463 4457 4460
f 4463 4460 4464
f 4463 4462 4458
f 4463 4458 4457
f 4464 4460 4459
f 4464 4459 4461
v 100.0 100.0 170.0
v 110.0 100.0 170.0
v 110.0 110.0 170.0
v 100.0 110.0 170.0
v 110.0 110.0 160.0
v 110.0 100.0 160.0
v 100.0 100.0 160.0
v 100.0 110.0 160.0
f 4465 4466 4467
f 4465 4467 4468
f 4469 4470 4471
f 4469 4471 4472
f 4470 4469 4467
f 4470 4467 4466
f 4471 4465 4468
f 4471 4468 4472
f 4471 4470 4466
f 4471 4466 4465
f 4472 4468 4467
f 4472 4467 4469
v 100.0 100.0 190.0
v 110.0 100.0 190.0
v 110.0 110.0 190.0
v 100.0 110.0 190.0
v 110.0 110.0 180.0
v 110.0 100.0 180.0
v 100.0 100.0 180.0
v 100.0 110.0 180.0
f 4473 4474 4475
f 4473 4475 4476
f 4477 4478 4479
f 4477 4479 4480
f 4478 4477 4475
f 4478 4475 4474
f 4479 4473 4476
f 4479 4476 4480
f 4479 4478 4474
f 4479 4474 4473
f 4480 4476 4475
f 4480 4475 4477
v 100.0 120.0 10.0
v 110.0 120.0 10.0
v 110.0 130.0 10.0
v 100.0 130.0 10.0
v 110.0 130.0 0.0
v 110.0 120.0 0.0
v 100.0 120.0 0.0
v 100.0 130.0 0.0
f 4481 4482 4483
f 4481 4483 4484
f 4485 4486 4487
f 4485 4487 4488
f 4486 4485 4483
f 4486 4483 4482
f 4487 4481 4484
f 4487 4484 4488
f 4487 4486 4482
f 4487 4482 4481
f 4488 4484 4483
f 4488 4483 4485
v 100.0 120.0 30.0
v 110.0 120.0 30.0
v 110.0 130.0 30.0
v 100.0 130.0 30.0
v 110.0 130.0 20.0
v 110.0 120.0 20.0
v 100.0 120.0 20.0
v 100.0 130.0 20.0
f 4489 4490 4491
f 4489 4491 4492
f 4493 4494 4495
f 4493 4495 4496
f 4494 4493 4491
f 4494 4491 4490
f 4495 4489 4492
f 4495 4492 4496
f 4495 4494 4490
f 4495 4490 4489
f 4496 4492 4491
f 4496 4491 4493
v 100.0 120.0 50.0
v 110.0 120.0 50.0
v 110.0 130.0 50.0
v 100.0 130.0 50.0
v 110.0 130.0 40.0
v 110.0 120.0 40.0
v 100.0 120.0 40.0
v 100.0 130.0 40.0
f 4497 4498 4499
f 4497 4499 4500
f 4501 4502 4503
f 4501 4503 4504
f 4502 4501 4499
f 4502 4499 4498
f 4503 4497 4500
f 4503 4500 4504
f 4503 4502 4498
f 4503 4498 4497
f 4504 4500 4499
f 4504 4499 4501
v 100.0 120.0 70.0
v 110.0 120.0 70.0
v 110.0 130.0 70.0
v 100.0 130.0 70.0
v 110.0 130.0 60.0
v 110.0 120.0 60.0
v 100.0 120.0 60.0
v 100.0 130.0 60.0
f 4505 4506 4507
f 4505 4507 4508
f 4509 4510 4511
f 4509 4511 4512
f 4510 4509 4507
f 4510 4507 4506
f 4511 4505 4508
f 4511 4508 4512
f 4511 4510 4506
f 4511 4506 4505
f 4512 4508 4507
f 4512 4507 4509
v 100.0 120.0 90.0
v 110.0 120.0 90.0
v 110.0 130.0 90.0
v 100.0 130.0 90.0
v 110.0 130.0 80.0
v 110.0 120.0 80.0
v 100.0 120.0 80.0
v 100.0 130.0 80.0
f 4513 4514 4515
f 4513 4515 4516
f 4517 4518 4519
f 4517 4519 4520
f 4518 4517 4515
f 4518 4515 4514
f 4519 4513 4516
f 4519 4516 4520
f 4519 4518 4514
f 4519 4514 4513
f 4520 4516 4515
f 4520 4515 4517
v 100.0 120.0 110.0
v 110.0 120.0 110.0
v 110.0 130.0 110.0
v 100.0 130.0 110.0
v 110.0 130.0 100.0
v 110.0 120.0 100.0
v 100.0 120.0 100.0
v 100.0 130.0 100.0
f 4521 4522 4523
f 4521 4523 4524
f 4525 4526 4527
f 4525 4527 4528
f 4526 4525 4523
f 4526 4523 4522
f 4527 4521 4524
f 4527 4524 4528
f 4527 4526 4522
f 4527 4522 4521
f 4528 4524 4523
f 4528 4523 4525
v 100.0 120.0 130.0
v 110.0 120.0 130.0
v 110.0 130.0 130.0
v 100.0 130.0 130.0
v 110.0 130.0 120.0
v 110.0 120.0 120.0
v 100.0 120.0 120.0
v 100.0 130.0 120.0
f 4529 4530 4531
f 4529 4531 4532
f 4533 4534 4535
f 4533 4535 4536
f 4534 4533 4531
f 4534 4531 4530
f 4535 4529 4532
f 4535 4532 4536
f 4535 4534 4530
f 4535 4530 4529
f 4536 4532 4531
f 4536 4531 4533
v 100.0 120.0 150.0
v 110.0 120.0 150.0
v 110.0 130.0 150.0
v 100.0 130.0 150.0
v 110.0 130.0 140.0
v 110.0 120.0 140.0
v 100.0 120.0 140.0
v 100.0 130.0 140.0
f 4537 4538 4539
f 4537 4539 4540
f 4541 4542 4543
f 4541 4543 4544
f 4542 4541 4539
f 4542 4539 4538
f 4543 4537 4540
f 4543 4540 4544
f 4543 4542 4538
f 4543 4538 4537
f 4544 4540 4539
f 4544 4539 4541
v 100.0 120.0 170.0
v 110.0 120.0 170.0
v 110.0 130.0 170.0
v 100.0 130.0 170.0
v 110.0 130.0 160.0
v 110.0 120.0 160.0
v 100.0 120.0 160.0
v 100.0 130.0 160.0
f 4545 4546 4547
f 4545 4547 4548
f 4549 4550 4551
f 4549 4551 4552
f 4550 4549 4547
f 4550 4547 4546
f 4551 4545 4548
f 4551 4548 4552
f 4551 4550 4546
f 4551 4546 4545
f 4552 4548 4547
f 4552 4547 4549
v 100.0 120.0 190.0
v 110.0 120.0 190.0
v 110.0 130.0 190.0
v 100.0 130.0 190.0
v 110.0 130.0 180.0
v 110.0 120.0 180.0
v 100.0 120.0 180.0
v 100.0 130.0 180.0
f 4553 4554 4555
f 4553 4555 4556
f 4557 4558 4559
f 4557 4559 4560
f 4558 4557 4555
f 4558 4555 4554
f 4559 4553 4556
f 4559 4556 4560
f 4559 4558 4554
f 4559 4554 4553
f 4560 4556 4555
f 4560 4555 4557
v 100.0 140.0 10.0
v 110.0 140.0 10.0
v 110.0 150.0 10.0
v 100.0 150.0 10.0
v 110.0 150.0 0.0
v 110.0 140.0 0.0
v 100.0 140.0 0.0
v 100.0 150.0 0.0
f 4561 4562 4563
f 4561 4563 4564
f 4565 4566 4567
f 4565 4567 4568
f 4566 4565 4563
f 4566 4563 4562
f 4567 4561 4564
f 4567 4564 4568
f 4567 4566 4562
f 4567 4562 4561
f 4568 4564 4563
f 4568 4563 4565
v 100.0 140.0 30.0
v 110.0 140.0 30.0
v 110.0 150.0 30.0
v 100.0 150.0 30.0
v 110.0 150.0 20.0
v 110.0 140.0 20.0
v 100.0 140.0 20.0
v 100.0 150.0 20.0
f 4569 4570 4571
f 4569 4571 4572
f 4573 4574 4575
f 4573 4575 4576
f 4574 4573 4571
f 4574 4571 4570
f 4575 4569 4572
f 4575 4572 4576
f 4575 4574 4570
f 4575 4570 4569
f 4576 4572 4571
f 4576 4571 4573
v 100.0 140.0 50.0
v 110.0 140.0 50.0
v 110.0 150.0 50.0
v 100.0 150.0 50.0
v 110.0 150.0 40.0
v 110.0 140.0 40.0
v 100.0 140.0 40.0
v 100.0 150.0 40.0
f 4577 4578 4579
f 4577 4579 4580
f 4581 4582 4583
f 4581 4583 4584
f 4582 4581 4579
f 4582 4579 4578
f 4583 4577 4580
f 4583 4580 4584
f 4583 4582 4578
f 4583 4578 4577
f 4584 4580 4579
f 4584 4579 4581
v 100.0 140.0 70.0
v 110.0 140.0 70.0
v 110.0 150.0 70.0
v 100.0 150.0 70.0
v 110.0 150.0 60.0
v 110.0 140.0 60.0
v 100.0 140.0 60.0
v 100.0 150.0 60.0
f 4585 4586 4587
f 4585 4587 4588
f 4589 4590 4591
f 4589 4591 4592
f 4590 4589 4587
f 4590 4587 4586
f 4591 4585 4588
f 4591 4588 4592
f 4591 4590 4586
f 4591 4586 4585
f 4592 4588 4587
f 4592 4587 4589
v 100.0 140.0 90.0
v 110.0 140.0 90.0
v 110.0 150.0 90.0
v 100.0 150.0 90.0
v 110.0 150.0 80.0
v 110.0 140.0 80.0
v 100.0 140.0 80.0
v 100.0 150.0 80.0
f 4593 4594 4595
f 4593 4595 4596
f 4597 4598 4599
f 4597 4599 4600
f 4598 4597 4595
f 4598 4595 4594
f 4599 4593 4596
f 4599 4596 4600
f 4599 4598 4594
f 4599 4594 4593
f 4600 4596 4595
f 4600 4595 4597
v 100.0 140.0 110.0
v 110.0 140.0 110.0
v 110.0 150.0 110.0
v 100.0 150.0 110.0
v 110.0 150.0 100.0
v 110.0 140.0 100.0
v 100.0 140.0 100.0
v 100.0 150.0 100.0
f 4601 4602 4603
f 4601 4603 4604
f 4605 4606 4607
f 4605 4607 4608
f 4606 4605 4603
f 4606 4603 4602
f 4607 4601 4604
f 4607 4604 4608
f 4607 4606 4602
f 4607 4602 4601
f 4608 4604 4603
f 4608 4603 4605
v 100.0 140.0 130.0
v 110.0 140.0 130.0
v 110.0 150.0 130.0
v 100.0 150.0 130.0
v 110.0 150.0 120.0
v 110.0 140.0 120.0
v 100.0 140.0 120.0
v 100.0 150.0 120.0
f 4609 4610 4611
f 4609 4611 4612
f 4613 4614 4615
f 4613 4615 4616
f 4614 4613 4611
f 4614 4611 4610
f 4615 4609 4612
f 4615 4612 4616
f 4615 4614 4610
f 4615 4610 4609
f 4616 4612 4611
f 4616 4611 4613
v 100.0 140.0 150.0
v 110.0 140.0 150.0
v 110.0 150.0 150.0
v 100.0 150.0 150.0
v 110.0 150.0 140.0
v 110.0 140.0 140.0
v 100.0 140.0 140.0
v 100.0 150.0 140.0
f 4617 4618 4619
f 4617 4619 4620
f 4621 4622 4623
f 4621 4623 4624
f 4622 4621 4619
f 4622 4619 4618
f 4623 4617 4620
f 4623 4620 4624
f 4623 4622 4618
f 4623 4618 4617
f 4624 4620 4619
f 4624 4619 4621
v 100.0 140.0 170.0
v 110.0 140.0 170.0
v 110.0 150.0 170.0
v 100.0 150.0 170.0
v 110.0 150.0 160.0
v 110.0 140.0 160.0
v 100.0 140.0 160.0
v 100.0 150.0 160.0
f 4625 4626 4627
f 4625 4627 4628
f 4629 4630 4631
f 4629 4631 4632
f 4630 4629 4627
f 4630 4627 4626
f 4631 4625 4628
f 4631 4628 4632
f 4631 4630 4626
f 4631 4626 4625
f 4632 4628 4627
f 4632 4627 4629
v 100.0 140.0 190.0
v 110.0 140.0 190.0
v 110.0 150.0 190.0
v 100.0 150.0 190.0
v 110.0 150.0 180.0
v 110.0 140.0 180.0
v 100.0 140.0 180.0
v 100.0 150.0 180.0
f 4633 4634 4635
f 4633 4635 4636
f 4637 4638 4639
f 4637 4639 4640
f 4638 4637 4635
f 4638 4635 4634
f 4639 4633 4636
f 4639 4636 4640
f 4639 4638 4634
f 4639 4634 4633
f 4640 4636 4635
f 4640 4635 4637
v 100.0 160.0 10.0
v 110.0 160.0 10.0
v 110.0 170.0 10.0
v 100.0 170.0 10.0
v 110.0 170.0 0.0
v 110.0 160.0 0.0
v 100.0 160.0 0.0
v 100.0 170.0 0.0
f 4641 4642 4643
f 4641 4643 4644
f 4645 4646 4647
f 4645 4647 4648
f 4646 4645 4643
f 4646 4643 4642
f 4647 4641 4644
f 4647 4644 4648
f 4647 4646 4642
f 4647 4642 4641
f 4648 4644 4643
f 4648 4643 4645
v 100.0 160.0 30.0
v 110.0 160.0 30.0
v 110.0 170.0 30.0
v 100.0 170.0 30.0
v 110.0 170.0 20.0
v 110.0 160.0 20.0
v 100.0 160.0 20.0
v 100.0 170.0 20.0
f 4649 4650 4651
f 4649 4651 4652
f 4653 4654 4655
f 4653 4655 4656
f 4654 4653 4651
f 4654 4651 4650
f 4655 4649 4652
f 4655 4652 4656
f 4655 4654 4650
f 4655 4650 4649
f 4656 4652 4651
f 4656 4651 4653
v 100.0 160.0 50.0
v 110.0 160.0 50.0
v 110.0 170.0 50.0
v 100.0 170.0 50.0
v 110.0 170.0 40.0
v 110.0 160.0 40.0
v 100.0 160.0 40.0
v 100.0 170.0 40.0
f 4657 4658 4659
f 4657 4659 4660
f 4661 4662 4663
f 4661 4663 4664
f 4662 4661 4659
f 4662 4659 4658
f 4663 4657 4660
f 4663 4660 4664
f 4663 4662 4658
f 4663 4658 4657
f 4664 4660 4659
f 4664 4659 4661
v 100.0 160.0 70.0
v 110.0 160.0 70.0
v 110.0 170.0 70.0
v 100.0 170.0 70.0
v 110.0 170.0 60.0
v 110.0 160.0 60.0
v 100.0 160.0 60.0
v 100.0 170.0 60.0
f 4665 4666 4667
f 4665 4667 4668
f 4669 4670 4671
f 4669 4671 4672
f 4670 4669 4667
f 4670 4667 4666
f 4671 4665 4668
f 4671 4668 4672
f 4671 4670 4666
f 4671 4666 4665
f 4672 4668 4667
f 4672 4667 4669
v 100.0 160.0 90.0
v 110.0 160.0 90.0
v 110.0 170.0 90.0
v 100.0 170.0 90.0
v 110.0 170.0 80.0
v 110.0 160.0 80.0
v 100.0 160.0 80.0
v 100.0 170.0 80.0
f 4673 4674 4675
f 4673 4675 4676
f 4677 4678 4679
f 4677 4679 4680
f 4678 4677 4675
f 4678 4675 4674
f 4679 4673 4676
f 4679 4676 4680
f 4679 4678 4674
f 4679 4674 4673
f 4680 4676 4675
f 4680 4675 4677
v 100.0 160.0 110.0
v 110.0 160.0 110.0
v 110.0 170.0 110.0
v 100.0 170.0 110.0
v 110.0 170.0 100.0
v 110.0 160.0 100.0
v 100.0 160.0 100.0
v 100.0 170.0 100.0
f 4681 4682 4683
f 4681 4683 4684
f 4685 4686 4687
f 4685 4687 4688
f 4686 4685 4683
f 4686 4683 4682
f 4687 4681 4684
f 4687 4684 4688
f 4687 4686 4682
f 4687 4682 4681
f 4688 4684 4683
f 4688 4683 4685
v 100.0 160.0 130.0
v 110.0 160.0 130.0
v 110.0 170.0 130.0
v 100.0 170.0 130.0
v 110.0 170.0 120.0
v 110.0 160.0 120.0
v 100.0 160.0 120.0
v 100.0 170.0 120.0
f 4689 4690 4691
f 4689 4691 4692
f 4693 4694 4695
f 4693 4695 4696
f 4694 4693 4691
f 4694 4691 4690
f 4695 4689 4692
f 4695 4692 4696
f 4695 4694 4690
f 4695 4690 4689
f 4696 4692 4691
f 4696 4691 4693
v 100.0 160.0 150.0
v 110.0 160.0 150.0
v 110.0 170.0 150.0
v 100.0 170.0 150.0
v 110.0 170.0 140.0
v 110.0 160.0 140.0
v 100.0 160.0 140.0
v 100.0 170.0 140.0
f 4697 4698 4699
f 4697 4699 4700
f 4701 4702 4703
f 4701 4703 4704
f 4702 4701 4699
f 4702 4699 4698
f 4703 4697 4700
f 4703 4700 4704
f 4703 4702 4698
f 4703 4698 4697
f 4704 4700 4699
f 4704 4699 4701
v 100.0 160.0 170.0
v 110.0 160.0 170.0
v 110.0 170.0 170.0
v 100.0 170.0 170.0
v 110.0 170.0 160.0
v 110.0 160.0 160.0
v 100.0 160.0 160.0
v 100.0 170.0 160.0
f 4705 4706 4707
f 4705 4707 4708
f 4709 4710 4711
f 4709 4711 4712
f 4710 4709 4707
f 4710 4707 4706
f 4711 4705 4708
f 4711 4708 4712
f 4711 4710 4706
f 4711 4706 4705
f 4712 4708 4707
f 4712 4707 4709
v 100.0 160.0 190.0
v 110.0 160.0 190.0
v 110.0 170.0 190.0
v 100.0 170.0 190.0
v 110.0 170.0 180.0
v 110.0 160.0 180.0
v 100.0 160.0 180.0
v 100.0 170.0 180.0
f 4713 4714 4715
f 4713 4715 4716
f 4717 4718 4719
f 4717 4719 4720
f 4718 4717 4715
f 4718 4715 4714
f 4719 4713 4716
f 4719 4716 4720
f 4719 4718 4714
f 4719 4714 4713
f 4720 4716 4715
f 4720 4715 4717
v 100.0 180.0 10.0
v 110.0 180.0 10.0
v 110.0 190.0 10.0
v 100.0 190.0 10.0
v 110.0 190.0 0.0
v 110.0 180.0 0.0
v 100.0 180.0 0.0
v 100.0 190.0 0.0
f 4721 4722 4723
f 4721 4723 4724
f 4725 4726 4727
f 4725 4727 4728
f 4726 4725 4723
f 4726 4723 4722
f 4727 4721 4724
f 4727 4724 4728
f 4727 4726 4722
f 4727 4722 4721
f 4728 4724 4723
f 4728 4723 4725
v 100.0 180.0 30.0
v 110.0 180.0 30.0
v 110.0 190.0 30.0
v 100.0 190.0 30.0
v 110.0 190.0 20.0
v 110.0 180.0 20.0
v 100.0 180.0 20.0
v 100.0 190.0 20.0
f 4729 4730 4731
f 4729 4731 4732
f 4733 4734 4735
f 4733 4735 4736
f 4734 4733 4731
f 4734 4731 4730
f 4735 4729 4732
f 4735 4732 4736
f 4735 4734 4730
f 4735 4730 4729
f 4736 4732 4731
f 4736 4731 4733
v 100.0 180.0 50.0
v 110.0 180.0 50.0
v 110.0 190.0 50.0
v 100.0 190.0 50.0
v 110.0 190.0 40.0
v 110.0 180.0 40.0
v 100.0 180.0 40.0
v 100.0 190.0 40.0
f 4737 4738 4739
f 4737 4739 4740
f 4741 4742 4743
f 4741 4743 4744
f 4742 4741 4739
f 4742 4739 4738
f 4743 4737 4740
f 4743 4740 4744
f 4743 4742 4738
f 4743 4738 4737
f 4744 4740 4739
f 4744 4739 4741
v 100.0 180.0 70.0
v 110.0 180.0 70.0
v 110.0 190.0 70.0
v 100.0 190.0 70.0
v 110.0 190.0 60.0
v 110.0 180.0 60.0
v 100.0 180.0 60.0
v 100.0 190.0 60.0
f 4745 4746 4747
f 4745 4747 4748
f 4749 4750 4751
f 4749 4751 4752
f 4750 4749 4747
f 4750 4747 4746
f 4751 4745 4748
f 4751 4748 4752
f 4751 4750 4746
f 4751 4746 4745
f 4752 4748 4747
f 4752 4747 4749
v 100.0 180.0 90.0
v 110.0 180.0 90.0
v 110.0 190.0 90.0
v 100.0 190.0 90.0
v 110.0 190.0 80.0
v 110.0 180.0 80.0
v 100.0 180.0 80.0
v 100.0 190.0 80.0
f 4753 4754 4755
f 4753 4755 4756
f 4757 4758 4759
f 4757 4759 4760
f 4758 4757 4755
f 4758 4755 4754
f 4759 4753 4756
f 4759 4756 4760
f 4759 4758 4754
f 4759 4754 4753
f 4760 4756 4755
f 4760 4755 4757
v 100.0 180.0 110.0
v 110.0 180.0 110.0
v 110.0 190.0 110.0
v 100.0 190.0 110.0
v 110.0 190.0 100.0
v 110.0 180.0 100.0
v 100.0 180.0 100.0
v 100.0 190.0 100.0
f 4761 4762 4763
f 4761 4763 4764
f 4765 4766 4767
f 4765 4767 4768
f 4766 4765 4763
f 4766 4763 4762
f 4767 4761 4764
f 4767 4764 4768
f 4767 4766 4762
f 4767 4762 4761
f 4768 4764 4763
f 4768 4763 4765
v 100.0 180.0 130.0
v 110.0 180.0 130.0
v 110.0 190.0 130.0
v 100.0 190.0 130.0
v 110.0 190.0 120.0
v 110.0 180.0 120.0
v 100.0 180.0 120.0
v 100.0 190.0 120.0
f 4769 4770 4771
f 4769 4771 4772
f 4773 4774 4775
f 4773 4775 4776
f 4774 4773 4771
f 4774 4771 4770
f 4775 4769 4772
f 4775 4772 4776
f 4775 4774 4770
f 4775 4770 4769
f 4776 4772 4771
f 4776 4771 4773
v 100.0 180.0 150.0
v 110.0 180.0 150.0
v 110.0 190.0 150.0
v 100.0 190.0 150.0
v 110.0 190.0 140.0
v 110.0 180.0 140.0
v 100.0 180.0 140.0
v 100.0 190.0 140.0
f 4777 4778 4779
f 4777 4779 4780
f 4781 4782 4783
f 4781 4783 4784
f 4782 4781 4779
f 4782 4779 4778
f 4783 4777 4780
f 4783 4780 4784
f 4783 4782 4778
f 4783 4778 4777
f 4784 4780 4779
f 4784 4779 4781
v 100.0 180.0 170.0
v 110.0 180.0 170.0
v 110.0 190.0 170.0
v 100.0 190.0 170.0
v 110.0 190.0 160.0
v 110.0 180.0 160.0
v 100.0 180.0 160.0
v 100.0 190.0 160.0
f 4785 4786 4787
f 4785 4787 4788
f 4789 4790 4791
f 4789 4791 4792
f 4790 4789 4787
f 4790 4787 4786
f 4791 4785 4788
f 4791 4788 4792
f 4791 4790 4786
f 4791 4786 4785
f 4792 4788 4787
f 4792 4787 4789
v 100.0 180.0 190.0
v 110.0 180.0 190.0
v 110.0 190.0 190.0
v 100.0 190.0 190.0
v 110.0 190.0 180.0
v 110.0 180.0 180.0
v 100.0 180.0 180.0
v 100.0 190.0 180.0
f 4793 4794 4795
f 4793 4795 4796
f 4797 4798 4799
f 4797 4799 4800
f 4798 4797 4795
f 4798 4795 4794
f 4799 4793 4796
f 4799 4796 4800
f 4799 4798 4794
f 4799 4794 4793
f 4800 4796 4795
f 4800 4795 4797
v 120.0 0.0 10.0
v 130.0 0.0 10.0
v 130.0 10.0 10.0
v 120.0 10.0 10.0
v 130.0 10.0 0.0
v 130.0 0.0 0.0
v 120.0 0.0 0.0
v 120.0 10.0 0.0
f 4801 4802 4803
f 4801 4803 4804
f 4805 4806 4807
f 4805 4807 4808
f 4806 4805 4803
f 4806 4803 4802
f 4807 4801 4804
f 4807 4804 4808
f 4807 4806 4802
f 4807 4802 4801
f 4808 4804 4803
f 4808 4803 4805
v 120.0 0.0 30.0
v 130.0 0.0 30.0
v 130.0 10.0 30.0
v 120.0 10.0 30.0
v 130.0 10.0 20.0
v 130.0 0.0 20.0
v 120.0 0.0 20.0
v 120.0 10.0 20.0
f 4809 4810 4811
f 4809 4811 4812
f 4813 4814 4815
f 4813 4815 4816
f 4814 4813 4811
f 4814 4811 4810
f 4815 4809 4812
f 4815 4812 4816
f 4815 4814 4810
f 4815 4810 4809
f 4816 4812 4811
f 4816 4811 4813
v 120.0 0.0 50.0
v 130.0 0.0 50.0
v 130.0 10.0 50.0
v 120.0 10.0 50.0
v 130.0 10.0 40.0
v 130.0 0.0 40.0
v 120.0 0.0 40.0
v 120.0 10.0 40.0
f 4817 4818 4819
f 4817 4819 4820
f 4821 4822 4823
f 4821 4823 4824
f 4822 4821 4819
f 4822 4819 4818
f 4823 4817 4820
f 4823 4820 4824
f 4823 4822 4818
f 4823 4818 4817
f 4824 4820 4819
f 4824 4819 4821
v 120.0 0.0 70.0
v 130.0 0.0 70.0
v 130.0 10.0 70.0
v 120.0 10.0 70.0
v 130.0 10.0 60.0
v 130.0 0.0 60.0
v 120.0 0.0 60.0
v 120.0 10.0 60.0
f 4825 4826 4827
f 4825 4827 4828
f 4829 4830 4831
f 4829 4831 4832
f 4830 4829 4827
f 4830 4827 4826
f 4831 4825 4828
f 4831 4828 4832
f 4831 4830 4826
f 4831 4826 4825
f 4832 4828 4827
f 4832 4827 4829
v 120.0 0.0 90.0
v 130.0 0.0 90.0
v 130.0 10.0 90.0
v 120.0 10.0 90.0
v 130.0 10.0 80.0
v 130.0 0.0 80.0
v 120.0 0.0 80.0
v 120.0 10.0 80.0
f 4833 4834 4835
f 4833 4835 4836
f 4837 4838 4839
f 4837 4839 4840
f 4838 4837 4835
f 4838 4835 4834
f 4839 4833 4836
f 4839 4836 4840
f 4839 4838 4834
f 4839 4834 4833
f 4840 4836 4835
f 4840 4835 4837
v 120.0 0.0 110.0
v 130.0 0.0 110.0
v 130.0 10.0 110.0
v 120.0 10.0 110.0
v 130.0 10.0 100.0
v 130.0 0.0 100.0
v 120.0 0.0 100.0
v 120.0 10.0 100.0
f 4841 4842 4843
f 4841 4843 4844
f 4845 4846 4847
f 4845 4847 4848
f 4846 4845 4843
f 4846 4843 4842
f 4847 4841 4844
f 4847 4844 4848
f 4847 4846 4842
f 4847 4842 4841
f 4848 4844 4843
f 4848 4843 4845
v 120.0 0.0 130.0
v 130.0 0.0 130.0
v 130.0 10.0 130.0
v 120.0 10.0 130.0
v 130.0 10.0 120.0
v 130.0 0.0 120.0
v 120.0 0.0 120.0
v 120.0 10.0 120.0
f 4849 4850 4851
f 4849 4851 4852
f 4853 4854 4855
f 4853 4855 4856
f 4854 4853 4851
f 4854 4851 4850
f 4855 4849 4852
f 4855 4852 4856
f 4855 4854 4850
f 4855 4850 4849
f 4856 4852 4851
f 4856 4851 4853
v 120.0 0.0 150.0
v 130.0 0.0 150.0
v 130.0 10.0 150.0
v 120.0 10.0 150.0
v 130.0 10.0 140.0
v 130.0 0.0 140.0
v 120.0 0.0 140.0
v 120.0 10.0 140.0
f 4857 4858 4859
f 4857 4859 4860
f 4861 4862 4863
f 4861 4863 4864
f 4862 4861 4859
f 4862 4859 4858
f 4863 4857 4860
f 4863 4860 4864
f 4863 4862 4858
f 4863 4858 4857
f 4864 4860 4859
f 4864 4859 4861
v 120.0 0.0 170.0
v 130.0 0.0 170.0
v 130.0 10.0 170.0
v 120.0 10.0 170.0
v 130.0 10.0 160.0
v 130.0 0.0 160.0
v 120.0 0.0 160.0
v 120.0 10.0 160.0
f 4865 4866 4867
f 4865 4867 4868
f 4869 4870 4871
f 4869 4871 4872
f 4870 4869 4867
f 4870 4867 4866
f 4871 4865 4868
f 4871 4868 4872
f 4871 4870 4866
f 4871 4866 4865
f 4872 4868 4867
f 4872 4867 4869
v 120.0 0.0 190.0
v 130.0 0.0 190.0
v 130.0 10.0 190.0
v 120.0 10.0 190.0
v 130.0 10.0 180.0
v 130.0 0.0 180.0
v 120.0 0.0 180.0
v 120.0 10.0 180.0
f 4873 4874 4875
f 4873 4875 4876
f 4877 4878 4879
f 4877 4879 4880
f 4878 4877 4875
f 4878 4875 4874
f 4879 4873 4876
f 4879 4876 4880
f 4879 4878 4874
f 4879 4874 4873
f 4880 4876 4875
f 4880 4875 4877
v 120.0 20.0 10.0
v 130.0 20.0 10.0
v 130.0 30.0 10.0
v 120.0 30.0 10.0
v 130.0 30.0 0.0
v 130.0 20.0 0.0
v 120.0 20.0 0.0
v 120.0 30.0 0.0
f 4881 4882 4883
f 4881 4883 4884
f 4885 4886 4887
f 4885 4887 4888
f 4886 4885 4883
f 4886 4883 4882
f 4887 4881 4884
f 4887 4884 4888
f 4887 4886 4882
f 4887 4882 4881
f 4888 4884 4883
f 4888 4883 4885
v 120.0 20.0 30.0
v 130.0 20.0 30.0
v 130.0 30.0 30.0
v 120.0 30.0 30.0
v 130.0 30.0 20.0
v 130.0 20.0 20.0
v 120.0 20.0 20.0
v 120.0 30.0 20.0
f 4889 4890 4891
f 4889 4891 4892
f 4893 4894 4895
f 4893 4895 4896
f 4894 4893 4891
f 4894 4891 4890
f 4895 4889 4892
f 4895 4892 4896
f 4895 4894 4890
f 4895 4890 4889
f 4896 4892 4891
f 4896 4891 4893
v 120.0 20.0 50.0
v 130.0 20.0 50.0
v 130.0 30.0 50.0
v 120.0 30.0 50.0
v 130.0 30.0 40.0
v 130.0 20.0 40.0
v 120.0 20.0 40.0
v 120.0 30.0 40.0
f 4897 4898 4899
f 4897 4899 4900
f 4901 4902 4903
f 4901 4903 4904
f 4902 4901 4899
f 4902 4899 4898
f 4903 4897 4900
f 4903 4900 4904
f 4903 4902 4898
f 4903 4898 4897
f 4904 4900 4899
f 4904 4899 4901
v 120.0 20.0 70.0
v 130.0 20.0 70.0
v 130.0 30.0 70.0
v 120.0 30.0 70.0
v 130.0 30.0 60.0
v 130.0 20.0 60.0
v 120.0 20.0 60.0
v 120.0 30.0 60.0
f 4905 4906 4907
f 4905 4907 4908
f 4909 4910 4911
f 4909 4911 4912
f 4910 4909 4907
f 4910 4907 4906
f 4911 4905 4908
f 4911 4908 4912
f 4911 4910 4906
f 4911 4906 4905
f 4912 4908 4907
f 4912 4907 4909
v 120.0 20.0 90.0
v 130.0 20.0 90.0
v 130.0 30.0 90.0
v 120.0 30.0 90.0
v 130.0 30.0 80.0
v 130.0 20.0 80.0
v 120.0 20.0 80.0
v 120.0 30.0 80.0
f 4913 4914 4915
f 4913 4915 4916
f 4917 4918 4919
f 4917 4919 4920
f 4918 4917 4915
f 4918 4915 4914
f 4919 4913 4916
f 4919 4916 4920
f 4919 4918 4914
f 4919 4914 4913
f 4920 4916 4915
f 4920 4915 4917
v 120.0 20.0 110.0
v 130.0 20.0 110.0
v 130.0 30.0 110.0
v 120.0 30.0 110.0
v 130.0 30.0 100.0
v 130.0 20.0 100.0
v 120.0 20.0 100.0
v 120.0 30.0 100.0
f 4921 4922 4923
f 4921 4923 4924
f 4925 4926 4927
f 4925 4927 4928
f 4926 4925 4923
f 4926 4923 4922
f 4927 4921 4924
f 4927 4924 4928
f 4927 4926 4922
f 4927 4922 4921
f 4928 4924 4923
f 4928 4923 4925
v 120.0 20.0 130.0
v 130.0 20.0 130.0
v 130.0 30.0 130.0
v 120.0 30.0 130.0
v 130.0 30.0 120.0
v 130.0 20.0 120.0
v 120.0 20.0 120.0
v 120.0 30.0 120.0
f 4929 4930 4931
f 4929 4931 4932
f 4933 4934 4935
f 4933 4935 4936
f 4934 4933 4931
f 4934 4931 4930
f 4935 4929 4932
f 4935 4932 4936
f 4935 4934 4930
f 4935 4930 4929
f 4936 4932 4931
f 4936 4931 4933
v 120.0 20.0 150.0
v 130.0 20.0 150.0
v 130.0 30.0 150.0
v 120.0 30.0 150.0
v 130.0 30.0 140.0
v 130.0 20.0 140.0
v 120.0 20.0 140.0
v 120.0 30.0 140.0
f 4937 4938 4939
f 4937 4939 4940
f 4941 4942 4943
f 4941 4943 4944
f 4942 4941 4939
f 4942 4939 4938
f 4943 4937 4940
f 4943 4940 4944
f 4943 4942 4938
f 4943 4938 4937
f 4944 4940 4939
f 4944 4939 4941
v 120.0 20.0 170.0
v 130.0 20.0 170.0
v 130.0 30.0 170.0
v 120.0 30.0 170.0
v 130.0 30.0 160.0
v 130.0 20.0 160.0
v 120.0 20.0 160.0
v 120.0 30.0 160.0
f 4945 4946 4947
f 4945 4947 4948
f 4949 4950 4951
f 4949 4951 4952
f 4950 4949 4947
f 4950 4947 4946
f 4951 4945 4948
f 4951 4948 4952
f 4951 4950 4946
f 4951 4946 4945
f 4952 4948 4947
f 4952 4947 4949
v 120.0 20.0 190.0
v 130.0 20.0 190.0
v 130.0 30.0 190.0
v 120.0 30.0 190.0
v 130.0 30.0 180.0
v 130.0 20.0 180.0
v 120.0 20.0 180.0
v 120.0 30.0 180.0
f 4953 4954 4955
f 4953 4955 4956
f 4957 4958 4959
f 4957 4959 4960
f 4958 4957 4955
f 4958 4955 4954
f 4959 4953 4956
f 4959 4956 4960
f 4959 4958 4954
f 4959 4954 4953
f 4960 4956 4955
f 4960 4955 4957
v 120.0 40.0 10.0
v 130.0 40.0 10.0
v 130.0 50.0 10.0
v 120.0 50.0 10.0
v 130.0 50.0 0.0
v 130.0 40.0 0.0
v 120.0 40.0 0.0
v 120.0 50.0 0.0
f 4961 4962 4963
f 4961 4963 4964
f 4965 4966 4967
f 4965 4967 4968
f 4966 4965 4963
f 4966 4963 4962
f 4967 4961 4964
f 4967 4964 4968
f 4967 4966 4962
f 4967 4962 4961
f 4968 4964 4963
f 4968 4963 4965
v 120.0 40.0 30.0
v 130.0 40.0 30.0
v 130.0 50.0 30.0
v 120.0 50.0 30.0
v 130.0 50.0 20.0
v 130.0 40.0 20.0
v 120.0 40.0 20.0
v 120.0 50.0 20.0
f 4969 4970 4971
f 4969 4971 4972
f 4973 4974 4975
f 4973 4975 4976
f 4974 4973 4971
f 4974 4971 4970
f 4975 4969 4972
f 4975 4972 4976
f 4975 4974 4970
f 4975 4970 4969
f 4976 4972 4971
f 4976 4971 4973
v 120.0 40.0 50.0
v 130.0 40.0 50.0
v 130.0 50.0 50.0
v 120.0 50.0 50.0
v 130.0 50.0 40.0
v 130.0 40.0 40.0
v 120.0 40.0 40.0
v 120.0 50.0 40.0
f 4977 4978 4979
f 4977 4979 4980
f 4981 4982 4983
f 4981 4983 4984
f 4982 4981 4979
f 4982 4979 4978
f 4983 4977 4980
f 4983 4980 4984
f 4983 4982 4978
f 4983 4978 4977
f 4984 4980 4979
f 4984 4979 4981
v 120.0 40.0 70.0
v 130.0 40.0 70.0
v 130.0 50.0 70.0
v 120.0 50.0 70.0
v 130.0 50.0 60.0
v 130.0 40.0 60.0
v 120.0 40.0 60.0
v 120.0 50.0 60.0
f 4985 4986 4987
f 4985 4987 4988
f 4989 4990 4991
f 4989 4991 4992
f 4990 4989 4987
f 4990 4987 4986
f 4991 4985 4988
f 4991 4988 4992
f 4991 4990 4986
f 4991 4986 4985
f 4992 4988 4987
f 4992 4987 4989
v 120.0 40.0 90.0
v 130.0 40.0 90.0
v 130.0 50.0 90.0
v 120.0 50.0 90.0
v 130.0 50.0 80.0
v 130.0 40.0 80.0
v 120.0 40.0 80.0
v 120.0 50.0 80.0
f 4993 4994 4995
f 4993 4995 4996
f 4997 4998 4999
f 4997 4999 5000
f 4998 4997 4995
f 4998 4995 4994
f 4999 4993 4996
f 4999 4996 5000
f 4999 4998 4994
f 4999 4994 4993
f 5000 4996 4995
f 5000 4995 4997
v 120.0 40.0 110.0
v 130.0 40.0 110.0
v 130.0 50.0 110.0
v 120.0 50.0 110.0
v 130.0 50.0 100.0
v 130.0 40.0 100.0
v 120.0 40.0 100.0
v 120.0 50.0 100.0
f 5001 5002 5003
f 5001 5003 5004
f 5005 5006 5007
f 5005 5007 5008
f 5006 5005 5003
f 5006 5003 5002
f 5007 5001 5004
f 5007 5004 5008
f 5007 5006 5002
f 5007 5002 5001
f 5008 5004 5003
f 5008 5003 5005
v 120.0 40.0 130.0
v 130.0 40.0 130.0
v 130.0 50.0 130.0
v 120.0 50.0 130.0
v 130.0 50.0 120.0
v 130.0 40.0 120.0
v 120.0 40.0 120.0
v 120.0 50.0 120.0
f 5009 5010 5011
f 5009 5011 5012
f 5013 5014 5015
f 5013 5015 5016
f 5014 5013 5011
f 5014 5011 5010
f 5015 5009 5012
f 5015 5012 5016
f 5015 5014 5010
f 5015 5010 5009
f 5016 5012 5011
f 5016 5011 5013
v 120.0 40.0 150.0
v 130.0 40.0 150.0
v 130.0 50.0 150.0
v 120.0 50.0 150.0
v 130.0 50.0 140.0
v 130.0 40.0 140.0
v 120.0 40.0 140.0
v 120.0 50.0 140.0
f 5017 5018 5019
f 5017 5019 5020
f 5021 5022 5023
f 5021 5023 5024
f 5022 5021 5019
f 5022 5019 5018
f 5023 5017 5020
f 5023 5020 5024
f 5023 5022 5018
f 5023 5018 5017
f 5024 5020 5019
f 5024 5019 5021
v 120.0 40.0 170.0
v 130.0 40.0 170.0
v 130.0 50.0 170.0
v 120.0 50.0 170.0
v 130.0 50.0 160.0
v 130.0 40.0 160.0
v 120.0 40.0 160.0
v 120.0 50.0 160.0
f 5025 5026 5027
f 5025 5027 5028
f 5029 5030 5031
f 5029 5031 5032
f 5030 5029 5027
f 5030 5027 5026
f 5031 5025 5028
f 5031 5028 5032
f 5031 5030 5026
f 5031 5026 5025
f 5032 5028 5027
f 5032 5027 5029
v 120.0 40.0 190.0
v 130.0 40.0 190.0
v 130.0 50.0 190.0
v 120.0 50.0 190.0
v 130.0 50.0 180.0
v 130.0 40.0 180.0
v 120.0 40.0 180.0
v 120.0 50.0 180.0
f 5033 5034 5035
f 5033 5035 5036
f 5037 5038 5039
f 5037 5039 5040
f 5038 5037 5035
f 5038 5035 5034
f 5039 5033 5036
f 5039 5036 5040
f 5039 5038 5034
f 5039 5034 5033
f 5040 5036 5035
f 5040 5035 5037
v 120.0 60.0 10.0
v 130.0 60.0 10.0
v 130.0 70.0 10.0
v 120.0 70.0 10.0
v 130.0 70.0 0.0
v 130.0 60.0 0.0
v 120.0 60.0 0.0
v 120.0 70.0 0.0
f 5041 5042 5043
f 5041 5043 5044
f 5045 5046 5047
f 5045 5047 5048
f 5046 5045 5043
f 5046 5043 5042
f 5047 5041 5044
f 5047 5044 5048
f 5047 5046 5042
f 5047 5042 5041
f 5048 5044 5043
f 5048 5043 5045
v 120.0 60.0 30.0
v 130.0 60.0 30.0
v 130.0 70.0 30.0
v 120.0 70.0 30.0
v 130.0 70.0 20.0
v 130.0 60.0 20.0
v 120.0 60.0 20.0
v 120.0 70.0 20.0
f 5049 5050 5051
f 5049 5051 5052
f 5053 5054 5055
f 5053 5055 5056
f 5054 5053 5051
f 5054 5051 5050
f 5055 5049 5052
f 5055 5052 5056
f 5055 5054 5050
f 5055 5050 5049
f 5056 5052 5051
f 5056 5051 5053
v 120.0 60.0 50.0
v 130.0 60.0 50.0
v 130.0 70.0 50.0
v 120.0 70.0 50.0
v 130.0 70.0 40.0
v 130.0 60.0 40.0
v 120.0 60.0 40.0
v 120.0 70.0 40.0
f 5057 5058 5059
f 5057 5059 5060
f 5061 5062 5063
f 5061 5063 5064
f 5062 5061 5059
f 5062 5059 5058
f 5063 5057 5060
f 5063 5060 5064
f 5063 5062 5058
f 5063 5058 5057
f 5064 5060 5059
f 5064 5059 5061
v 120.0 60.0 70.0
v 130.0 60.0 70.0
v 130.0 70.0 70.0
v 120.0 70.0 70.0
v 130.0 70.0 60.0
v 130.0 60.0 60.0
v 120.0 60.0 60.0
v 120.0 70.0 60.0
f 5065 5066 5067
f 5065 5067 5068
f 5069 5070 5071
f 5069 5071 5072
f 5070 5069 5067
f 5070 5067 5066
f 5071 5065 5068
f 5071 5068 5072
f 5071 5070 5066
f 5071 5066 5065
f 5072 5068 5067
f 5072 5067 5069
v 120.0 60.0 90.0
v 130.0 60.0 90.0
v 130.0 70.0 90.0
v 120.0 70.0 90.0
v 130.0 70.0 80.0
v 130.0 60.0 80.0
v 120.0 60.0 80.0
v 120.0 70.0 80.0
f 5073 5074 5075
f 5073 5075 5076
f 5077 5078 5079
f 5077 5079 5080
f 5078 5077 5075
f 5078 5075 5074
f 5079 5073 5076
f 5079 5076 5080
f 5079 5078 5074
f 5079 5074 5073
f 5080 5076 5075
f 5080 5075 5077
v 120.0 60.0 110.0
v 130.0 60.0 110.0
v 130.0 70.0 110.0
v 120.0 70.0 110.0
v 130.0 70.0 100.0
v 130.0 60.0 100.0
v 120.0 60.0 100.0
v 120.0 70.0 100.0
f 5081 5082 5083
f 5081 5083 5084
f 5085 5086 5087
f 5085 5087 5088
f 5086 5085 5083
f 5086 5083 5082
f 5087 5081 5084
f 5087 5084 5088
f 5087 5086 5082
f 5087 5082 5081
f 5088 5084 5083
f 5088 5083 5085
v 120.0 60.0 130.0
v 130.0 60.0 130.0
v 130.0 70.0 130.0
v 120.0 70.0 130.0
v 130.0 70.0 120.0
v 130.0 60.0 120.0
v 120.0 60.0 120.0
v 120.0 70.0 120.0
f 5089 5090 5091
f 5089 5091 5092
f 5093 5094 5095
f 5093 5095 5096
f 5094 5093 5091
f 5094 5091 5090
f 5095 5089 5092
f 5095 5092 5096
f 5095 5094 5090
f 5095 5090 5089
f 5096 5092 5091
f 5096 5091 5093
v 120.0 60.0 150.0
v 130.0 60.0 150.0
v 130.0 70.0 150.0
v 120.0 70.0 150.0
v 130.0 70.0 140.0
v 130.0 60.0 140.0
v 120.0 60.0 140.0
v 120.0 70.0 140.0
f 5097 5098 5099
f 5097 5099 5100
f 5101 5102 5103
f 5101 5103 5104
f 5102 5101 5099
f 5102 5099 5098
f 5103 5097 5100
f 5103 5100 5104
f 5103 5102 5098
f 5103 5098 5097
f 5104 5100 5099
f 5104 5099 5101
v 120.0 60.0 170.0
v 130.0 60.0 170.0
v 130.0 70.0 170.0
v 120.0 70.0 170.0
v 130.0 70.0 160.0
v 130.0 60.0 160.0
v 120.0 60.0 160.0
v 120.0 70.0 160.0
f 5105 5106 5107
f 5105 5107 5108
f 5109 5110 5111
f 5109 5111 5112
f 5110 5109 5107
f 5110 5107 5106
f 5111 5105 5108
f 5111 5108 5112
f 5111 5110 5106
f 5111 5106 5105
f 5112 5108 5107
f 5112 5107 5109
v 120.0 60.0 190.0
v 130.0 60.0 190.0
v 130.0 70.0 190.0
v 120.0 70.0 190.0
v 130.0 70.0 180.0
v 130.0 60.0 180.0
v 120.0 60.0 180.0
v 120.0 70.0 180.0
f 5113 5114 5115
f 5113 5115 5116
f 5117 5118 5119
f 5117 5119 5120
f 5118 5117 5115
f 5118 5115 5114
f 5119 5113 5116
f 5119 5116 5120
f 5119 5118 5114
f 5119 5114 5113
f 5120 5116 5115
f 5120 5115 5117
v 120.0 80.0 10.0
v 130.0 80.0 10.0
v 130.0 90.0 10.0
v 120.0 90.0 10.0
v 130.0 90.0 0.0
v 130.0 80.0 0.0
v 120.0 80.0 0.0
v 120.0 90.0 0.0
f 5121 5122 5123
f 5121 5123 5124
f 5125 5126 5127
f 5125 5127 5128
f 5126 5125 5123
f 5126 5123 5122
f 5127 5121 5124
f 5127 5124 5128
f 5127 5126 5122
f 5127 5122 5121
f 5128 5124 5123
f 5128 5123 5125
v 120.0 80.0 30.0
v 130.0 80.0 30.0
v 130.0 90.0 30.0
v 120.0 90.0 30.0
v 130.0 90.0 20.0
v 130.0 80.0 20.0
v 120.0 80.0 20.0
v 120.0 90.0 20.0
f 5129 5130 5131
f 5129 5131 5132
f 5133 5134 5135
f 5133 5135 5136
f 5134 5133 5131
f 5134 5131 5130
f 5135 5129 5132
f 5135 5132 5136
f 5135 5134 5130
f 5135 5130 5129
f 5136 5132 5131
f 5136 5131 5133
v 120.0 80.0 50.0
v 130.0 80.0 50.0
v 130.0 90.0 50.0
v 120.0 90.0 50.0
v 130.0 90.0 40.0
v 130.0 80.0 40.0
v 120.0 80.0 40.0
v 120.0 90.0 40.0
f 5137 5138 5139
f 5137 5139 5140
f 5141 5142 5143
f 5141 5143 5144
f 5142 5141 5139
f 5142 5139 5138
f 5143 5137 5140
f 5143 5140 5144
f 5143 5142 5138
f 5143 5138 5137
f 5144 5140 5139
f 5144 5139 5141
v 120.0 80.0 70.0
v 130.0 80.0 70.0
v 130.0 90.0 70.0
v 120.0 90.0 70.0
v 130.0 90.0 60.0
v 130.0 80.0 60.0
v 120.0 80.0 60.0
v 120.0 90.0 60.0
f 5145 5146 5147
f 5145 5147 5148
f 5149 5150 5151
f 5149 5151 5152
f 5150 5149 5147
f 5150 5147 5146
f 5151 5145 5148
f 5151 5148 5152
f 5151 5150 5146
f 5151 5146 5145
f 5152 5148 5147
f 5152 5147 5149
v 120.0 80.0 90.0
v 130.0 80.0 90.0
v 130.0 90.0 90.0
v 120.0 90.0 90.0
v 130.0 90.0 80.0
v 130.0 80.0 80.0
v 120.0 80.0 80.0
v 120.0 90.0 80.0
f 5153 5154 5155
f 5153 5155 5156
f 5157 5158 5159
f 5157 5159 5160
f 5158 5157 5155
f 5158 5155 5154
f 5159 5153 5156
f 5159 5156 5160
f 5159 5158 5154
f 5159 5154 5153
f 5160 5156 5155
f 5160 5155 5157
v 120.0 80.0 110.0
v 130.0 80.0 110.0
v 130.0 90.0 110.0
v 120.0 90.0 110.0
v 130.0 90.0 100.0
v 130.0 80.0 100.0
v 120.0 80.0 100.0
v 120.0 90.0 100.0
f 5161 5162 5163
f 5161 5163 5164
f 5165 5166 5167
f 5165 5167 5168
f 5166 5165 5163
f 5166 5163 5162
f 5167 5161 5164
f 5167 5164 5168
f 5167 5166 5162
f 5167 5162 5161
f 5168 5164 5163
f 5168 5163 5165
v 120.0 80.0 130.0
v 130.0 80.0 130.0
v 130.0 90.0 130.0
v 120.0 90.0 130.0
v 130.0 90.0 120.0
v 130.0 80.0 120.0
v 120.0 80.0 120.0
v 120.0 90.0 120.0
f 5169 5170 5171
f 5169 5171 5172
f 5173 5174 5175
f 5173 5175 5176
f 5174 5173 5171
f 5174 5171 5170
f 5175 5169 5172
f 5175 5172 5176
f 5175 5174 5170
f 5175 5170 5169
f 5176 5172 5171
f 5176 5171 5173
v 120.0 80.0 150.0
v 130.0 80.0 150.0
v 130.0 90.0 150.0
v 120.0 90.0 150.0
v 130.0 90.0 140.0
v 130.0 80.0 140.0
v 120.0 80.0 140.0
v 120.0 90.0 140.0
f 5177 5178 5179
f 5177 5179 5180
f 5181 5182 5183
f 5181 5183 5184
f 5182 5181 5179
f 5182 5179 5178
f 5183 5177 5180
f 5183 5180 5184
f 5183 5182 5178
f 5183 5178 5177
f 5184 5180 5179
f 5184 5179 5181
v 120.0 80.0 170.0
v 130.0 80.0 170.0
v 130.0 90.0 170.0
v 120.0 90.0 170.0
v 130.0 90.0 160.0
v 130.0 80.0 160.0
v 120.0 80.0 160.0
v 120.0 90.0 160.0
f 5185 5186 5187
f 5185 5187 5188
f 5189 5190 5191
f 5189 5191 5192
f 5190 5189 5187
f 5190 5187 5186
f 5191 5185 5188
f 5191 5188 5192
f 5191 5190 5186
f 5191 5186 5185
f 5192 5188 5187
f 5192 5187 5189
v 120.0 80.0 190.0
v 130.0 80.0 190.0
v 130.0 90.0 190.0
v 120.0 90.0 190.0
v 130.0 90.0 180.0
v 130.0 80.0 180.0
v 120.0 80.0 180.0
v 120.0 90.0 180.0
f 5193 5194 5195
f 5193 5195 5196
f 5197 5198 5199
f 5197 5199 5200
f 5198 5197 5195
f 5198 5195 5194
f 5199 5193 5196
f 5199 5196 5200
f 5199 5198 5194
f 5199 5194 5193
f 5200 5196 5195
f 5200 5195 5197
v 120.0 100.0 10.0
v 130.0 100.0 10.0
v 130.0 110.0 10.0
v 120.0 110.0 10.0
v 130.0 110.0 0.0
v 130.0 100.0 0.0
v 120.0 100.0 0.0
v 120.0 110.0 0.0
f 5201 5202 5203
f 5201 5203 5204
f 5205 5206 5207
f 5205 5207 5208
f 5206 5205 5203
f 5206 5203 5202
f 5207 5201 5204
f 5207 5204 5208
f 5207 5206 5202
f 5207 5202 5201
f 5208 5204 5203
f 5208 5203 5205
v 120.0 100.0 30.0
v 130.0 100.0 30.0
v 130.0 110.0 30.0
v 120.0 110.0 30.0
v 130.0 110.0 20.0
v 130.0 100.0 20.0
v 120.0 100.0 20.0
v 120.0 110.0 20.0
f 5209 5210 5211
f 5209 5211 5212
f 5213 5214 5215
f 5213 5215 5216
f 5214 5213 5211
f 5214 5211 5210
f 5215 5209 5212
f 5215 5212 5216
f 5215 5214 5210
f 5215 5210 5209
f 5216 5212 5211
f 5216 5211 5213
v 120.0 100.0 50.0
v 130.0 100.0 50.0
v 130.0 110.0 50.0
v 120.0 110.0 50.0
v 130.0 110.0 40.0
v 130.0 100.0 40.0
v 120.0 100.0 40.0
v 120.0 110.0 40.0
f 5217 5218 5219
f 5217 5219 5220
f 5221 5222 5223
f 5221 5223 5224
f 5222 5221 5219
f 5222 5219 5218
f 5223 5217 5220
f 5223 5220 5224
f 5223 5222 5218
f 5223 5218 5217
f 5224 5220 5219
f 5224 5219 5221
v 120.0 100.0 70.0
v 130.0 100.0 70.0
v 130.0 110.0 70.0
v 120.0 110.0 70.0
v 130.0 110.0 60.0
v 130.0 100.0 60.0
v 120.0 100.0 60.0
v 120.0 110.0 60.0
f 5225 5226 5227
f 5225 5227 5228
f 5229 5230 5231
f 5229 5231 5232
f 5230 5229 5227
f 5230 5227 5226
f 5231 5225 5228
f 5231 5228 5232
f 5231 5230 5226
f 5231 5226 5225
f 5232 5228 5227
f 5232 5227 5229
v 120.0 100.0 90.0
v 130.0 100.0 90.0
v 130.0 110.0 90.0
v 120.0 110.0 90.0
v 130.0 110.0 80.0
v 130.0 100.0 80.0
v 120.0 100.0 80.0
v 120.0 110.0 80.0
f 5233 5234 5235
f 5233 5235 5236
f 5237 5238 5239
f 5237 5239 5240
f 5238 5237 5235
f 5238 5235 5234
f 5239 5233 5236
f 5239 5236 5240
f 5239 5238 5234
f 5239 5234 5233
f 5240 5236 5235
f 5240 5235 5237
v 120.0 100.0 110.0
v 130.0 100.0 110.0
v 130.0 110.0 110.0
v 120.0 110.0 110.0
v 130.0 110.0 100.0
v 130.0 100.0 100.0
v 120.0 100.0 100.0
v 120.0 110.0 100.0
f 5241 5242 5243
f 5241 5243 5244
f 5245 5246 5247
f 5245 5247 5248
f 5246 5245 5243
f 5246 5243 5242
f 5247 5241 5244
f 5247 5244 5248
f 5247 5246 5242
f 5247 5242 5241
f 5248 5244 5243
f 5248 5243 5245
v 120.0 100.0 130.0
v 130.0 100.0 130.0
v 130.0 110.0 130.0
v 120.0 110.0 130.0
v 130.0 110.0 120.0
v 130.0 100.0 120.0
v 120.0 100.0 120.0
v 120.0 110.0 120.0
f 5249 5250 5251
f 5249 5251 5252
f 5253 5254 5255
f 5253 5255 5256
f 5254 5253 5251
f 5254 5251 5250
f 5255 5249 5252
f 5255 5252 5256
f 5255 5254 5250
f 5255 5250 5249
f 5256 5252 5251
f 5256 5251 5253
v 120.0 100.0 150.0
v 130.0 100.0 150.0
v 130.0 110.0 150.0
v 120.0 110.0 150.0
v 130.0 110.0 140.0
v 130.0 100.0 140.0
v 120.0 100.0 140.0
v 120.0 110.0 140.0
f 5257 5258 5259
f 5257 5259 5260
f 5261 5262 5263
f 5261 5263 5264
f 5262 5261 5259
f 5262 5259 5258
f 5263 5257 5260
f 5263 5260 5264
f 5263 5262 5258
f 5263 5258 5257
f 5264 5260 5259
f 5264 5259 5261
v 120.0 100.0 170.0
v 130.0 100.0 170.0
v 130.0 110.0 170.0
v 120.0 110.0 170.0
v 130.0 110.0 160.0
v 130.0 100.0 160.0
v 120.0 100.0 160.0
v 120.0 110.0 160.0
f 5265 5266 5267
f 5265 5267 5268
f 5269 5270 5271
f 5269 5271 5272
f 5270 5269 5267
f 5270 5267 5266
f 5271 5265 5268
f 5271 5268 5272
f 5271 5270 5266
f 5271 5266 5265
f 5272 5268 5267
f 5272 5267 5269
v 120.0 100.0 190.0
v 130.0 100.0 190.0
v 130.0 110.0 190.0
v 120.0 110.0 190.0
v 130.0 110.0 180.0
v 130.0 100.0 180.0
v 120.0 100.0 180.0
v 120.0 110.0 180.0
f 5273 5274 5275
f 5273 5275 5276
f 5277 5278 5279
f 5277 5279 5280
f 5278 5277 5275
f 5278 5275 5274
f 5279 5273 5276
f 5279 5276 5280
f 5279 5278 5274
f 5279 5274 5273
f 5280 5276 5275
f 5280 5275 5277
v 120.0 120.0 10.0
v 130.0 120.0 10.0
v 130.0 130.0 10.0
v 120.0 130.0 10.0
v 130.0 130.0 0.0
v 130.0 120.0 0.0
v 120.0 120.0 0.0
v 120.0 130.0 0.0
f 5281 5282 5283
f 5281 5283 5284
f 5285 5286 5287
f 5285 5287 5288
f 5286 5285 5283
f 5286 5283 5282
f 5287 5281 5284
f 5287 5284 5288
f 5287 5286 5282
f 5287 5282 5281
f 5288 5284 5283
f 5288 5283 5285
v 120.0 120.0 30.0
v 130.0 120.0 30.0
v 130.0 130.0 30.0
v 120.0 130.0 30.0
v 130.0 130.0 20.0
v 130.0 120.0 20.0
v 120.0 120.0 20.0
v 120.0 130.0 20.0
f 5289 5290 5291
f 5289 5291 5292
f 5293 5294 5295
f 5293 5295 5296
f 5294 5293 5291
f 5294 5291 5290
f 5295 5289 5292
f 5295 5292 5296
f 5295 5294 5290
f 5295 5290 5289
f 5296 5292 5291
f 5296 5291 5293
v 120.0 120.0 50.0
v 130.0 120.0 50.0
v 130.0 130.0 50.0
v 120.0 130.0 50.0
v 130.0 130.0 40.0
v 130.0 120.0 40.0
v 120.0 120.0 40.0
v 120.0 130.0 40.0
f 5297 5298 5299
f 5297 5299 5300
f 5301 5302 5303
f 5301 5303 5304
f 5302 5301 5299
f 5302 5299 5298
f 5303 5297 5300
f 5303 5300 5304
f 5303 5302 5298
f 5303 5298 5297
f 5304 5300 5299
f 5304 5299 5301
v 120.0 120.0 70.0
v 130.0 120.0 70.0
v 130.0 130.0 70.0
v 120.0 130.0 70.0
v 130.0 130.0 60.0
v 130.0 120.0 60.0
v 120.0 120.0 60.0
v 120.0 130.0 60.0
f 5305 5306 5307
f 5305 5307 5308
f 5309 5310 5311
f 5309 5311 5312
f 5310 5309 5307
f 5310 5307 5306
f 5311 5305 5308
f 5311 5308 5312
f 5311 5310 5306
f 5311 5306 5305
f 5312 5308 5307
f 5312 5307 5309
v 120.0 120.0 90.0
v 130.0 120.0 90.0
v 130.0 130.0 90.0
v 120.0 130.0 90.0
v 130.0 130.0 80.0
v 130.0 120.0 80.0
v 120.0 120.0 80.0
v 120.0 130.0 80.0
f 5313 5314 5315
f 5313 5315 5316
f 5317 5318 5319
f 5317 5319 5320
f 5318 5317 5315
f 5318 5315 5314
f 5319 5313 5316
f 5319 5316 5320
f 5319 5318 5314
f 5319 5314 5313
f 5320 5316 5315
f 5320 5315 5317
v 120.0 120.0 110.0
v 130.0 120.0 110.0
v 130.0 130.0 110.0
v 120.0 130.0 110.0
v 130.0 130.0 100.0
v 130.0 120.0 100.0
v 120.0 120.0 100.0
v 120.0 130.0 100.0
f 5321 5322 5323
f 5321 5323 5324
f 5325 5326 5327
f 5325 5327 5328
f 5326 5325 5323
f 5326 5323 5322
f 5327 5321 5324
f 5327 5324 5328
f 5327 5326 5322
f 5327 5322 5321
f 5328 5324 5323
f 5328 5323 5325
v 120.0 120.0 130.0
v 130.0 120.0 130.0
v 130.0 130.0 130.0
v 120.0 130.0 130.0
v 130.0 130.0 120.0
v 130.0 120.0 120.0
v 120.0 120.0 120.0
v 120.0 130.0 120.0
f 5329 5330 5331
f 5329 5331 5332
f 5333 5334 5335
f 5333 5335 5336
f 5334 5333 5331
f 5334 5331 5330
f 5335 5329 5332
f 5335 5332 5336
f 5335 5334 5330
f 5335 5330 5329
f 5336 5332 5331
f 5336 5331 5333
v 120.0 120.0 150.0
v 130.0 120.0 150.0
v 130.0 130.0 150.0
v 120.0 130.0 150.0
v 130.0 130.0 140.0
v 130.0 120.0 140.0
v 120.0 120.0 140.0
v 120.0 130.0 140.0
f 5337 5338 5339
f 5337 5339 5340
f 5341 5342 5343
f 5341 5343 5344
f 5342 5341 5339
f 5342 5339 5338
f 5343 5337 5340
f 5343 5340 5344
f 5343 5342 5338
f 5343 5338 5337
f 5344 5340 5339
f 5344 5339 5341
v 120.0 120.0 170.0
v 130.0 120.0 170.0
v 130.0 130.0 170.0
v 120.0 130.0 170.0
v 130.0 130.0 160.0
v 130.0 120.0 160.0
v 120.0 120.0 160.0
v 120.0 130.0 160.0
f 5345 5346 5347
f 5345 5347 5348
f 5349 5350 5351
f 5349 5351 5352
f 5350 5349 5347
f 5350 5347 5346
f 5351 5345 5348
f 5351 5348 5352
f 5351 5350 5346
f 5351 5346 5345
f 5352 5348 5347
f 5352 5347 5349
v 120.0 120.0 190.0
v 130.0 120.0 190.0
v 130.0 130.0 190.0
v 120.0 130.0 190.0
v 130.0 130.0 180.0
v 130.0 120.0 180.0
v 120.0 120.0 180.0
v 120.0 130.0 180.0
f 5353 5354 5355
f 5353 5355 5356
f 5357 5358 5359
f 5357 5359 5360
f 5358 5357 5355
f 5358 5355 5354
f 5359 5353 5356
f 5359 5356 5360
f 5359 5358 5354
f 5359 5354 5353
f 5360 5356 5355
f 5360 5355 5357
v 120.0 140.0 10.0
v 130.0 140.0 10.0
v 130.0 150.0 10.0
v 120.0 150.0 10.0
v 130.0 150.0 0.0
v 130.0 140.0 0.0
v 120.0 140.0 0.0
v 120.0 150.0 0.0
f 5361 5362 5363
f 5361 5363 5364
f 5365 5366 5367
f 5365 5367 5368
f 5366 5365 5363
f 5366 5363 5362
f 5367 5361 5364
f 5367 5364 5368
f 5367 5366 5362
f 5367 5362 5361
f 5368 5364 5363
f 5368 5363 5365
v 120.0 140.0 30.0
v 130.0 140.0 30.0
v 130.0 150.0 30.0
v 120.0 150.0 30.0
v 130.0 150.0 20.0
v 130.0 140.0 20.0
v 120.0 140.0 20.0
v 120.0 150.0 20.0
f 5369 5370 5371
f 5369 5371 5372
f 5373 5374 5375
f 5373 5375 5376
f 5374 5373 5371
f 5374 5371 5370
f 5375 5369 5372
f 5375 5372 5376
f 5375 5374 5370
f 5375 5370 5369
f 5376 5372 5371
f 5376 5371 5373
v 120.0 140.0 50.0
v 130.0 140.0 50.0
v 130.0 150.0 50.0
v 120.0 150.0 50.0
v 130.0 150.0 40.0
v 130.0 140.0 40.0
v 120.0 140.0 40.0
v 120.0 150.0 40.0
f 5377 5378 5379
f 5377 5379 5380
f 5381 5382 5383
f 5381 5383 5384
f 5382 5381 5379
f 5382 5379 5378
f 5383 5377 5380
f 5383 5380 5384
f 5383 5382 5378
f 5383 5378 5377
f 5384 5380 5379
f 5384 5379 5381
v 120.0 140.0 70.0
v 130.0 140.0 70.0
v 130.0 150.0 70.0
v 120.0 150.0 70.0
v 130.0 150.0 60.0
v 130.0 140.0 60.0
v 120.0 140.0 60.0
v 120.0 150.0 60.0
f 5385 5386 5387
f 5385 5387 5388
f 5389 5390 5391
f 5389 5391 5392
f 5390 5389 5387
f 5390 5387 5386
f 5391 5385 5388
f 5391 5388 5392
f 5391 5390 5386
f 5391 5386 5385
f 5392 5388 5387
f 5392 5387 5389
v 120.0 140.0 90.0
v 130.0 140.0 90.0
v 130.0 150.0 90.0
v 120.0 150.0 90.0
v 130.0 150.0 80.0
v 130.0 140.0 80.0
v 120.0 140.0 80.0
v 120.0 150.0 80.0
f 5393 5394 5395
f 5393 5395 5396
f 5397 5398 5399
f 5397 5399 5400
f 5398 5397 5395
f 5398 5395 5394
f 5399 5393 5396
f 5399 5396 5400
f 5399 5398 5394
f 5399 5394 5393
f 5400 5396 5395
f 5400 5395 5397
v 120.0 140.0 110.0
v 130.0 140.0 110.0
v 130.0 150.0 110.0
v 120.0 150.0 110.0
v 130.0 150.0 100.0
v 130.0 140.0 100.0
v 120.0 140.0 100.0
v 120.0 150.0 100.0
f 5401 5402 5403
f 5401 5403 5404
f 5405 5406 5407
f 5405 5407 5408
f 5406 5405 5403
f 5406 5403 5402
f 5407 5401 5404
f 5407 5404 5408
f 5407 5406 5402
f 5407 5402 5401
f 5408 5404 5403
f 5408 5403 5405
v 120.0 140.0 130.0
v 130.0 140.0 130.0
v 130.0 150.0 130.0
v 120.0 150.0 130.0
v 130.0 150.0 120.0
v 130.0 140.0 120.0
v 120.0 140.0 120.0
v 120.0 150.0 120.0
f 5409 5410 5411
f 5409 5411 5412
f 5413 5414 5415
f 5413 5415 5416
f 5414 5413 5411
f 5414 5411 5410
f 5415 5409 5412
f 5415 5412 5416
f 5415 5414 5410
f 5415 5410 5409
f 5416 5412 5411
f 5416 5411 5413
v 120.0 140.0 150.0
v 130.0 140.0 150.0
v 130.0 150.0 150.0
v 120.0 150.0 150.0
v 130.0 150.0 140.0
v 130.0 140.0 140.0
v 120.0 140.0 140.0
v 120.0 150.0 140.0
f 5417 5418 5419
f 5417 5419 5420
f 5421 5422 5423
f 5421 5423 5424
f 5422 5421 5419
f 5422 5419 5418
f 5423 5417 5420
f 5423 5420 5424
f 5423 5422 5418
f 5423 5418 5417
f 5424 5420 5419
f 5424 5419 5421
v 120.0 140.0 170.0
v 130.0 140.0 170.0
v 130.0 150.0 170.0
v 120.0 150.0 170.0
v 130.0 150.0 160.0
v 130.0 140.0 160.0
v 120.0 140.0 160.0
v 120.0 150.0 160.0
f 5425 5426 5427
f 5425 5427 5428
f 5429 5430 5431
f 5429 5431 5432
f 5430 5429 5427
f 5430 5427 5426
f 5431 5425 5428
f 5431 5428 5432
f 5431 5430 5426
f 5431 5426 5425
f 5432 5428 5427
f 5432 5427 5429
v 120.0 140.0 190.0
v 130.0 140.0 190.0
v 130.0 150.0 190.0
v 120.0 150.0 190.0
v 130.0 150.0 180.0
v 130.0 140.0 180.0
v 120.0 140.0 180.0
v 120.0 150.0 180.0
f 5433 5434 5435
f 5433 5435 5436
f 5437 5438 5439
f 5437 5439 5440
f 5438 5437 5435
f 5438 5435 5434
f 5439 5433 5436
f 5439 5436 5440
f 5439 5438 5434
f 5439 5434 5433
f 5440 5436 5435
f 5440 5435 5437
v 120.0 160.0 10.0
v 130.0 160.0 10.0
v 130.0 170.0 10.0
v 120.0 170.0 10.0
v 130.0 170.0 0.0
v 130.0 160.0 0.0
v 120.0 160.0 0.0
v 120.0 170.0 0.0
f 5441 5442 5443
f 5441 5443 5444
f 5445 5446 5447
f 5445 5447 5448
f 5446 5445 5443
f 5446 5443 5442
f 5447 5441 5444
f 5447 5444 5448
f 5447 5446 5442
f 5447 5442 5441
f 5448 5444 5443
f 5448 5443 5445
v 120.0 160.0 30.0
v 130.0 160.0 30.0
v 130.0 170.0 30.0
v 120.0 170.0 30.0
v 130.0 170.0 20.0
v 130.0 160.0 20.0
v 120.0 160.0 20.0
v 120.0 170.0 20.0
f 5449 5450 5451
f 5449 5451 5452
f 5453 5454 5455
f 5453 5455 5456
f 5454 5453 5451
f 5454 5451 5450
f 5455 5449 5452
f 5455 5452 5456
f 5455 5454 5450
f 5455 5450 5449
f 5456 5452 5451
f 5456 5451 5453
v 120.0 160.0 50.0
v 130.0 160.0 50.0
v 130.0 170.0 50.0
v 120.0 170.0 50.0
v 130.0 170.0 40.0
v 130.0 160.0 40.0
v 120.0 160.0 40.0
v 120.0 170.0 40.0
f 5457 5458 5459
f 5457 5459 5460
f 5461 5462 5463
f 5461 5463 5464
f 5462 5461 5459
f 5462 5459 5458
f 5463 5457 5460
f 5463 5460 5464
f 5463 5462 5458
f 5463 5458 5457
f 5464 5460 5459
f 5464 5459 5461
v 120.0 160.0 70.0
v 130.0 160.0 70.0
v 130.0 170.0 70.0
v 120.0 170.0 70.0
v 130.0 170.0 60.0
v 130.0 160.0 60.0
v 120.0 160.0 60.0
v 120.0 170.0 60.0
f 5465 5466 5467
f 5465 5467 5468
f 5469 5470 5471
f 5469 5471 5472
f 5470 5469 5467
f 5470 5467 5466
f 5471 5465 5468
f 5471 5468 5472
f 5471 5470 5466
f 5471 5466 5465
f 5472 5468 5467
f 5472 5467 5469
v 120.0 160.0 90.0
v 130.0 160.0 90.0
v 130.0 170.0 90.0
v 120.0 170.0 90.0
v 130.0 170.0 80.0
v 130.0 160.0 80.0
v 120.0 160.0 80.0
v 120.0 170.0 80.0
f 5473 5474 5475
f 5473 5475 5476
f 5477 5478 5479
f 5477 5479 5480
f 5478 5477 5475
f 5478 5475 5474
f 5479 5473 5476
f 5479 5476 5480
f 5479 5478 5474
f 5479 5474 5473
f 5480 5476 5475
f 5480 5475 5477
v 120.0 160.0 110.0
v 130.0 160.0 110.0
v 130.0 170.0 110.0
v 120.0 170.0 110.0
v 130.0 170.0 100.0
v 130.0 160.0 100.0
v 120.0 160.0 100.0
v 120.0 170.0 100.0
f 5481 5482 5483
f 5481 5483 5484
f 5485 5486 5487
f 5485 5487 5488
f 5486 5485 5483
f 5486 5483 5482
f 5487 5481 5484
f 5487 5484 5488
f 5487 5486 5482
f 5487 5482 5481
f 5488 5484 5483
f 5488 5483 5485
v 120.0 160.0 130.0
v 130.0 160.0 130.0
v 130.0 170.0 130.0
v 120.0 170.0 130.0
v 130.0 170.0 120.0
v 130.0 160.0 120.0
v 120.0 160.0 120.0
v 120.0 170.0 120.0
f 5489 5490 5491
f 5489 5491 5492
f 5493 5494 5495
f 5493 5495 5496
f 5494 5493 5491
f 5494 5491 5490
f 5495 5489 5492
f 5495 5492 5496
f 5495 5494 5490
f 5495 5490 5489
f 5496 5492 5491
f 5496 5491 5493
v 120.0 160.0 150.0
v 130.0 160.0 150.0
v 130.0 170.0 150.0
v 120.0 170.0 150.0
v 130.0 170.0 140.0
v 130.0 160.0 140.0
v 120.0 160.0 140.0
v 120.0 170.0 140.0
f 5497 5498 5499
f 5497 5499 5500
f 5501 5502 5503
f 5501 5503 5504
f 5502 5501 5499
f 5502 5499 5498
f 5503 5497 5500
f 5503 5500 5504
f 5503 5502 5498
f 5503 5498 5497
f 5504 5500 5499
f 5504 5499 5501
v 120.0 160.0 170.0
v 130.0 160.0 170.0
v 130.0 170.0 170.0
v 120.0 170.0 170.0
v 130.0 170.0 160.0
v 130.0 160.0 160.0
v 120.0 160.0 160.0
v 120.0 170.0 160.0
f 5505 5506 5507
f 5505 5507 5508
f 5509 5510 5511
f 5509 5511 5512
f 5510 5509 5507
f 5510 5507 5506
f 5511 5505 5508
f 5511 5508 5512
f 5511 5510 5506
f 5511 5506 5505
f 5512 5508 5507
f 5512 5507 5509
v 120.0 160.0 190.0
v 130.0 160.0 190.0
v 130.0 170.0 190.0
v 120.0 170.0 190.0
v 130.0 170.0 180.0
v 130.0 160.0 180.0
v 120.0 160.0 180.0
v 120.0 170.0 180.0
f 5513 5514 5515
f 5513 5515 5516
f 5517 5518 5519
f 5517 5519 5520
f 5518 5517 5515
f 5518 5515 5514
f 5519 5513 5516
f 5519 5516 5520
f 5519 5518 5514
f 5519 5514 5513
f 5520 5516 5515
f 5520 5515 5517
v 120.0 180.0 10.0
v 130.0 180.0 10.0
v 130.0 190.0 10.0
v 120.0 190.0 10.0
v 130.0 190.0 0.0
v 130.0 180.0 0.0
v 120.0 180.0 0.0
v 120.0 190.0 0.0
f 5521 5522 5523
f 5521 5523 5524
f 5525 5526 5527
f 5525 5527 5528
f 5526 5525 5523
f 5526 5523 5522
f 5527 5521 5524
f 5527 5524 5528
f 5527 5526 5522
f 5527 5522 5521
f 5528 5524 5523
f 5528 5523 5525
v 120.0 180.0 30.0
v 130.0 180.0 30.0
v 130.0 190.0 30.0
v 120.0 190.0 30.0
v 130.0 190.0 20.0
v 130.0 180.0 20.0
v 120.0 180.0 20.0
v 120.0 190.0 20.0
f 5529 5530 5531
f 5529 5531 5532
f 5533 5534 5535
f 5533 5535 5536
f 5534 5533 5531
f 5534 5531 5530
f 5535 5529 5532
f 5535 5532 5536
f 5535 5534 5530
f 5535 5530 5529
f 5536 5532 5531
f 5536 5531 5533
v 120.0 180.0 50.0
v 130.0 180.0 50.0
v 130.0 190.0 50.0
v 120.0 190.0 50.0
v 130.0 190.0 40.0
v 130.0 180.0 40.0
v 120.0 180.0 40.0
v 120.0 190.0 40.0
f 5537 5538 5539
f 5537 5539 5540
f 5541 5542 5543
f 5541 5543 5544
f 5542 5541 5539
f 5542 5539 5538
f 5543 5537 5540
f 5543 5540 5544
f 5543 5542 5538
f 5543 5538 5537
f 5544 5540 5539
f 5544 5539 5541
v 120.0 180.0 70.0
v 130.0 180.0 70.0
v 130.0 190.0 70.0
v 120.0 190.0 70.0
v 130.0 190.0 60.0
v 130.0 180.0 60.0
v 120.0 180.0 60.0
v 120.0 190.0 60.0
f 5545 5546 5547
f 5545 5547 5548
f 5549 5550 5551
f 5549 5551 5552
f 5550 5549 5547
f 5550 5547 5546
f 5551 5545 5548
f 5551 5548 5552
f 5551 5550 5546
f 5551 5546 5545
f 5552 5548 5547
f 5552 5547 5549
v 120.0 180.0 90.0
v 130.0 180.0 90.0
v 130.0 190.0 90.0
v 120.0 190.0 90.0
v 130.0 190.0 80.0
v 130.0 180.0 80.0
v 120.0 180.0 80.0
v 120.0 190.0 80.0
f 5553 5554 5555
f 5553 5555 5556
f 5557 5558 5559
f 5557 5559 5560
f 5558 5557 5555
f 5558 5555 5554
f 5559 5553 5556
f 5559 5556 5560
f 5559 5558 5554
f 5559 5554 5553
f 5560 5556 5555
f 5560 5555 5557
v 120.0 180.0 110.0
v 130.0 180.0 110.0
v 130.0 190.0 110.0
v 120.0 190.0 110.0
v 130.0 190.0 100.0
v 130.0 180.0 100.0
v 120.0 180.0 100.0
v 120.0 190.0 100.0
f 5561 5562 5563
f 5561 5563 5564
f 5565 5566 5567
f 5565 5567 5568
f 5566 5565 5563
f 5566 5563 5562
f 5567 5561 5564
f 5567 5564 5568
f 5567 5566 5562
f 5567 5562 5561
f 5568 5564 5563
f 5568 5563 5565
v 120.0 180.0 130.0
v 130.0 180.0 130.0
v 130.0 190.0 130.0
v 120.0 190.0 130.0
v 130.0 190.0 120.0
v 130.0 180.0 120.0
v 120.0 180.0 120.0
v 120.0 190.0 120.0
f 5569 5570 5571
f 5569 5571 5572
f 5573 5574 5575
f 5573 5575 5576
f 5574 5573 5571
f 5574 5571 5570
f 5575 5569 5572
f 5575 5572 5576
f 5575 5574 5570
f 5575 5570 5569
f 5576 5572 5571
f 5576 5571 5573
v 120.0 180.0 150.0
v 130.0 180.0 150.0
v 130.0 190.0 150.0
v 120.0 190.0 150.0
v 130.0 190.0 140.0
v 130.0 180.0 140.0
v 120.0 180.0 140.0
v 120.0 190.0 140.0
f 5577 5578 5579
f 5577 5579 5580
f 5581 5582 5583
f 5581 5583 5584
f 5582 5581 5579
f 5582 5579 5578
f 5583 5577 5580
f 5583 5580 5584
f 5583 5582 5578
f 5583 5578 5577
f 5584 5580 5579
f 5584 5579 5581
v 120.0 180.0 170.0
v 130.0 180.0 170.0
v 130.0 190.0 170.0
v 120.0 190.0 170.0
v 130.0 190.0 160.0
v 130.0 180.0 160.0
v 120.0 180.0 160.0
v 120.0 190.0 160.0
f 5585 5586 5587
f 5585 5587 5588
f 5589 5590 5591
f 5589 5591 5592
f 5590 5589 5587
f 5590 5587 5586
f 5591 5585 5588
f 5591 5588 5592
f 5591 5590 5586
f 5591 5586 5585
f 5592 5588 5587
f 5592 5587 5589
v 120.0 180.0 190.0
v 130.0 180.0 190.0
v 130.0 190.0 190.0
v 120.0 190.0 190.0
v 130.0 190.0 180.0
v 130.0 180.0 180.0
v 120.0 180.0 180.0
v 120.0 190.0 180.0
f 5593 5594 5595
f 5593 5595 5596
f 5597 5598 5599
f 5597 5599 5600
f 5598 5597 5595
f 5598 5595 5594
f 5599 5593 5596
f 5599 5596 5600
f 5599 5598 5594
f 5599 5594 5593
f 5600 5596 5595
f 5600 5595 5597
v 140.0 0.0 10.0
v 150.0 0.0 10.0
v 150.0 10.0 10.0
v 140.0 10.0 10.0
v 150.0 10.0 0.0
v 150.0 0.0 0.0
v 140.0 0.0 0.0
v 140.0 10.0 0.0
f 5601 5602 5603
f 5601 5603 5604
f 5605 5606 5607
f 5605 5607 5608
f 5606 5605 5603
f 5606 5603 5602
f 5607 5601 5604
f 5607 5604 5608
f 5607 5606 5602
f 5607 5602 5601
f 5608 5604 5603
f 5608 5603 5605
v 140.0 0.0 30.0
v 150.0 0.0 30.0
v 150.0 10.0 30.0
v 140.0 10.0 30.0
v 150.0 10.0 20.0
v 150.0 0.0 20.0
v 140.0 0.0 20.0
v 140.0 10.0 20.0
f 5609 5610 5611
f 5609 5611 5612
f 5613 5614 5615
f 5613 5615 5616
f 5614 5613 5611
f 5614 5611 5610
f 5615 5609 5612
f 5615 5612 5616
f 5615 5614 5610
f 5615 5610 5609
f 5616 5612 5611
f 5616 5611 5613
v 140.0 0.0 50.0
v 150.0 0.0 50.0
v 150.0 10.0 50.0
v 140.0 10.0 50.0
v 150.0 10.0 40.0
v 150.0 0.0 40.0
v 140.0 0.0 40.0
v 140.0 10.0 40.0
f 5617 5618 5619
f 5617 5619 5620
f 5621 5622 5623
f 5621 5623 5624
f 5622 5621 5619
f 5622 5619 5618
f 5623 5617 5620
f 5623 5620 5624
f 5623 5622 5618
f 5623 5618 5617
f 5624 5620 5619
f 5624 5619 5621
v 140.0 0.0 70.0
v 150.0 0.0 70.0
v 150.0 10.0 70.0
v 140.0 10.0 70.0
v 150.0 10.0 60.0
v 150.0 0.0 60.0
v 140.0 0.0 60.0
v 140.0 10.0 60.0
f 5625 5626 5627
f 5625 5627 5628
f 5629 5630 5631
f 5629 5631 5632
f 5630 5629 5627
f 5630 5627 5626
f 5631 5625 5628
f 5631 5628 5632
f 5631 5630 5626
f 5631 5626 5625
f 5632 5628 5627
f 5632 5627 5629
v 140.0 0.0 90.0
v 150.0 0.0 90.0
v 150.0 10.0 90.0
v 140.0 10.0 90.0
v 150.0 10.0 80.0
v 150.0 0.0 80.0
v 140.0 0.0 80.0
v 140.0 10.0 80.0
f 5633 5634 5635
f 5633 5635 5636
f 5637 5638 5639
f 5637 5639 5640
f 5638 5637 5635
f 5638 5635 5634
f 5639 5633 5636
f 5639 5636 5640
f 5639 5638 5634
f 5639 5634 5633
f 5640 5636 5635
f 5640 5635 5637
v 140.0 0.0 110.0
v 150.0 0.0 110.0
v 150.0 10.0 110.0
v 140.0 10.0 110.0
v 150.0 10.0 100.0
v 150.0 0.0 100.0
v 140.0 0.0 100.0
v 140.0 10.0 100.0
f 5641 5642 5643
f 5641 5643 5644
f 5645 5646 5647
f 5645 5647 5648
f 5646 5645 5643
f 5646 5643 5642
f 5647 5641 5644
f 5647 5644 5648
f 5647 5646 5642
f 5647 5642 5641
f 5648 5644 5643
f 5648 5643 5645
v 140.0 0.0 130.0
v 150.0 0.0 130.0
v 150.0 10.0 130.0
v 140.0 10.0 130.0
v 150.0 10.0 120.0
v 150.0 0.0 120.0
v 140.0 0.0 120.0
v 140.0 10.0 120.0
f 5649 5650 5651
f 5649 5651 5652
f 5653 5654 5655
f 5653 5655 5656
f 5654 5653 5651
f 5654 5651 5650
f 5655 5649 5652
f 5655 5652 5656
f 5655 5654 5650
f 5655 5650 5649
f 5656 5652 5651
f 5656 5651 5653
v 140.0 0.0 150.0
v 150.0 0.0 150.0
v 150.0 10.0 150.0
v 140.0 10.0 150.0
v 150.0 10.0 140.0
v 150.0 0.0 140.0
v 140.0 0.0 140.0
v 140.0 10.0 140.0
f 5657 5658 5659
f 5657 5659 5660
f 5661 5662 5663
f 5661 5663 5664
f 5662 5661 5659
f 5662 5659 5658
f 5663 5657 5660
f 5663 5660 5664
f 5663 5662 5658
f 5663 5658 5657
f 5664 5660 5659
f 5664 5659 5661
v 140.0 0.0 170.0
v 150.0 0.0 170.0
v 150.0 10.0 170.0
v 140.0 10.0 170.0
v 150.0 10.0 160.0
v 150.0 0.0 160.0
v 140.0 0.0 160.0
v 140.0 10.0 160.0
f 5665 5666 5667
f 5665 5667 5668
f 5669 5670 5671
f 5669 5671 5672
f 5670 5669 5667
f 5670 5667 5666
f 5671 5665 5668
f 5671 5668 5672
f 5671 5670 5666
f 5671 5666 5665
f 5672 5668 5667
f 5672 5667 5669
v 140.0 0.0 190.0
v 150.0 0.0 190.0
v 150.0 10.0 190.0
v 140.0 10.0 190.0
v 150.0 10.0 180.0
v 150.0 0.0 180.0
v 140.0 0.0 180.0
v 140.0 10.0 180.0
f 5673 5674 5675
f 5673 5675 5676
f 5677 5678 5679
f 5677 5679 5680
f 5678 5677 5675
f 5678 5675 5674
f 5679 5673 5676
f 5679 5676 5680
f 5679 5678 5674
f 5679 5674 5673
f 5680 5676 5675
f 5680 5675 5677
v 140.0 20.0 10.0
v 150.0 20.0 10.0
v 150.0 30.0 10.0
v 140.0 30.0 10.0
v 150.0 30.0 0.0
v 150.0 20.0 0.0
v 140.0 20.0 0.0
v 140.0 30.0 0.0
f 5681 5682 5683
f 5681 5683 5684
f 5685 5686 5687
f 5685 5687 5688
f 5686 5685 5683
f 5686 5683 5682
f 5687 5681 5684
f 5687 5684 5688
f 5687 5686 5682
f 5687 5682 5681
f 5688 5684 5683
f 5688 5683 5685
v 140.0 20.0 30.0
v 150.0 20.0 30.0
v 150.0 30.0 30.0
v 140.0 30.0 30.0
v 150.0 30.0 20.0
v 150.0 20.0 20.0
v 140.0 20.0 20.0
v 140.0 30.0 20.0
f 5689 5690 5691
f 5689 5691 5692
f 5693 5694 5695
f 5693 5695 5696
f 5694 5693 5691
f 5694 5691 5690
f 5695 5689 5692
f 5695 5692 5696
f 5695 5694 5690
f 5695 5690 5689
f 5696 5692 5691
f 5696 5691 5693
v 140.0 20.0 50.0
v 150.0 20.0 50.0
v 150.0 30.0 50.0
v 140.0 30.0 50.0
v 150.0 30.0 40.0
v 150.0 20.0 40.0
v 140.0 20.0 40.0
v 140.0 30.0 40.0
f 5697 5698 5699
f 5697 5699 5700
f 5701 5702 5703
f 5701 5703 5704
f 5702 5701 5699
f 5702 5699 5698
f 5703 5697 5700
f 5703 5700 5704
f 5703 5702 5698
f 5703 5698 5697
f 5704 5700 5699
f 5704 5699 5701
v 140.0 20.0 70.0
v 150.0 20.0 70.0
v 150.0 30.0 70.0
v 140.0 30.0 70.0
v 150.0 30.0 60.0
v 150.0 20.0 60.0
v 140.0 20.0 60.0
v 140.0 30.0 60.0
f 5705 5706 5707
f 5705 5707 5708
f 5709 5710 5711
f 5709 5711 5712
f 5710 5709 5707
f 5710 5707 5706
f 5711 5705 5708
f 5711 5708 5712
f 5711 5710 5706
f 5711 5706 5705
f 5712 5708 5707
f 5712 5707 5709
v 140.0 20.0 90.0
v 150.0 20.0 90.0
v 150.0 30.0 90.0
v 140.0 30.0 90.0
v 150.0 30.0 80.0
v 150.0 20.0 80.0
v 140.0 20.0 80.0
v 140.0 30.0 80.0
f 5713 5714 5715
f 5713 5715 5716
f 5717 5718 5719
f 5717 5719 5720
f 5718 5717 5715
f 5718 5715 5714
f 5719 5713 5716
f 5719 5716 5720
f 5719 5718 5714
f 5719 5714 5713
f 5720 5716 5715
f 5720 5715 5717
v 140.0 20.0 110.0
v 150.0 20.0 110.0
v 150.0 30.0 110.0
v 140.0 30.0 110.0
v 150.0 30.0 100.0
v 150.0 20.0 100.0
v 140.0 20.0 100.0
v 140.0 30.0 100.0
f 5721 5722 5723
f 5721 5723 5724
f 5725 5726 5727
f 5725 5727 5728
f 5726 5725 5723
f 5726 5723 5722
f 5727 5721 5724
f 5727 5724 5728
f 5727 5726 5722
f 5727 5722 5721
f 5728 5724 5723
f 5728 5723 5725
v 140.0 20.0 130.0
v 150.0 20.0 130.0
v 150.0 30.0 130.0
v 140.0 30.0 130.0
v 150.0 30.0 120.0
v 150.0 20.0 120.0
v 140.0 20.0 120.0
v 140.0 30.0 120.0
f 5729 5730 5731
f 5729 5731 5732
f 5733 5734 5735
f 5733 5735 5736
f 5734 5733 5731
f 5734 5731 5730
f 5735 5729 5732
f 5735 5732 5736
f 5735 5734 5730
f 5735 5730 5729
f 5736 5732 5731
f 5736 5731 5733
v 140.0 20.0 150.0
v 150.0 20.0 150.0
v 150.0 30.0 150.0
v 140.0 30.0 150.0
v 150.0 30.0 140.0
v 150.0 20.0 140.0
v 140.0 20.0 140.0
v 140.0 30.0 140.0
f 5737 5738 5739
f 5737 5739 5740
f 5741 5742 5743
f 5741 5743 5744
f 5742 5741 5739
f 5742 5739 5738
f 5743 5737 5740
f 5743 5740 5744
f 5743 5742 5738
f 5743 5738 5737
f 5744 5740 5739
f 5744 5739 5741
v 140.0 20.0 170.0
v 150.0 20.0 170.0
v 150.0 30.0 170.0
v 140.0 30.0 170.0
v 150.0 30.0 160.0
v 150.0 20.0 160.0
v 140.0 20.0 160.0
v 140.0 30.0 160.0
f 5745 5746 5747
f 5745 5747 5748
f 5749 5750 5751
f 5749 5751 5752
f 5750 5749 5747
f 5750 5747 5746
f 5751 5745 5748
f 5751 5748 5752
f 5751 5750 5746
f 5751 5746 5745
f 5752 5748 5747
f 5752 5747 5749
v 140.0 20.0 190.0
v 150.0 20.0 190.0
v 150.0 30.0 190.0
v 140.0 30.0 190.0
v 150.0 30.0 180.0
v 150.0 20.0 180.0
v 140.0 20.0 180.0
v 140.0 30.0 180.0
f 5753 5754 5755
f 5753 5755 5756
f 5757 5758 5759
f 5757 5759 5760
f 5758 5757 5755
f 5758 5755 5754
f 5759 5753 5756
f 5759 5756 5760
f 5759 5758 5754
f 5759 5754 5753
f 5760 5756 5755
f 5760 5755 5757
v 140.0 40.0 10.0
v 150.0 40.0 10.0
v 150.0 50.0 10.0
v 140.0 50.0 10.0
v 150.0 50.0 0.0
v 150.0 40.0 0.0
v 140.0 40.0 0.0
v 140.0 50.0 0.0
f 5761 5762 5763
f 5761 5763 5764
f 5765 5766 5767
f 5765 5767 5768
f 5766 5765 5763
f 5766 5763 5762
f 5767 5761 5764
f 5767 5764 5768
f 5767 5766 5762
f 5767 5762 5761
f 5768 5764 5763
f 5768 5763 5765
v 140.0 40.0 30.0
v 150.0 40.0 30.0
v 150.0 50.0 30.0
v 140.0 50.0 30.0
v 150.0 50.0 20.0
v 150.0 40.0 20.0
v 140.0 40.0 20.0
v 140.0 50.0 20.0
f 5769 5770 5771
f 5769 5771 5772
f 5773 5774 5775
f 5773 5775 5776
f 5774 5773 5771
f 5774 5771 5770
f 5775 5769 5772
f 5775 5772 5776
f 5775 5774 5770
f 5775 5770 5769
f 5776 5772 5771
f 5776 5771 5773
v 140.0 40.0 50.0
v 150.0 40.0 50.0
v 150.0 50.0 50.0
v 140.0 50.0 50.0
v 150.0 50.0 40.0
v 150.0 40.0 40.0
v 140.0 40.0 40.0
v 140.0 50.0 40.0
f 5777 5778 5779
f 5777 5779 5780
f 5781 5782 5783
f 5781 5783 5784
f 5782 5781 5779
f 5782 5779 5778
f 5783 5777 5780
f 5783 5780 5784
f 5783 5782 5778
f 5783 5778 5777
f 5784 5780 5779
f 5784 5779 5781
v 140.0 40.0 70.0
v 150.0 40.0 70.0
v 150.0 50.0 70.0
v 140.0 50.0 70.0
v 150.0 50.0 60.0
v 150.0 40.0 60.0
v 140.0 40.0 60.0
v 140.0 50.0 60.0
f 5785 5786 5787
f 5785 5787 5788
f 5789 5790 5791
f 5789 5791 5792
f 5790 5789 5787
f 5790 5787 5786
f 5791 5785 5788
f 5791 5788 5792
f 5791 5790 5786
f 5791 5786 5785
f 5792 5788 5787
f 5792 5787 5789
v 140.0 40.0 90.0
v 150.0 40.0 90.0
v 150.0 50.0 90.0
v 140.0 50.0 90.0
v 150.0 50.0 80.0
v 150.0 40.0 80.0
v 140.0 40.0 80.0
v 140.0 50.0 80.0
f 5793 5794 5795
f 5793 5795 5796
f 5797 5798 5799
f 5797 5799 5800
f 5798 5797 5795
f 5798 5795 5794
f 5799 5793 5796
f 5799 5796 5800
f 5799 5798 5794
f 5799 5794 5793
f 5800 5796 5795
f 5800 5795 5797
v 140.0 40.0 110.0
v 150.0 40.0 110.0
v 150.0 50.0 110.0
v 140.0 50.0 110.0
v 150.0 50.0 100.0
v 150.0 40.0 100.0
v 140.0 40.0 100.0
v 140.0 50.0 100.0
f 5801 5802 5803
f 5801 5803 5804
f 5805 5806 5807
f 5805 5807 5808
f 5806 5805 5803
f 5806 5803 5802
f 5807 5801 5804
f 5807 5804 5808
f 5807 5806 5802
f 5807 5802 5801
f 5808 5804 5803
f 5808 5803 5805
v 140.0 40.0 130.0
v 150.0 40.0 130.0
v 150.0 50.0 130.0
v 140.0 50.0 130.0
v 150.0 50.0 120.0
v 150.0 40.0 120.0
v 140.0 40.0 120.0
v 140.0 50.0 120.0
f 5809 5810 5811
f 5809 5811 5812
f 5813 5814 5815
f 5813 5815 5816
f 5814 5813 5811
f 5814 5811 5810
f 5815 5809 5812
f 5815 5812 5816
f 5815 5814 5810
f 5815 5810 5809
f 5816 5812 5811
f 5816 5811 5813
v 140.0 40.0 150.0
v 150.0 40.0 150.0
v 150.0 50.0 150.0
v 140.0 50.0 150.0
v 150.0 50.0 140.0
v 150.0 40.0 140.0
v 140.0 40.0 140.0
v 140.0 50.0 140.0
f 5817 5818 5819
f 5817 5819 5820
f 5821 5822 5823
f 5821 5823 5824
f 5822 5821 5819
f 5822 5819 5818
f 5823 5817 5820
f 5823 5820 5824
f 5823 5822 5818
f 5823 5818 5817
f 5824 5820 5819
f 5824 5819 5821
v 140.0 40.0 170.0
v 150.0 40.0 170.0
v 150.0 50.0 170.0
v 140.0 50.0 170.0
v 150.0 50.0 160.0
v 150.0 40.0 160.0
v 140.0 40.0 160.0
v 140.0 50.0 160.0
f 5825 5826 5827
f 5825 5827 5828
f 5829 5830 5831
f 5829 5831 5832
f 5830 5829 5827
f 5830 5827 5826
f 5831 5825 5828
f 5831 5828 5832
f 5831 5830 5826
f 5831 5826 5825
f 5832 5828 5827
f 5832 5827 5829
v 140.0 40.0 190.0
v 150.0 40.0 190.0
v 150.0 50.0 190.0
v 140.0 50.0 190.0
v 150.0 50.0 180.0
v 150.0 40.0 180.0
v 140.0 40.0 180.0
v 140.0 50.0 180.0
f 5833 5834 5835
f 5833 5835 5836
f 5837 5838 5839
f 5837 5839 5840
f 5838 5837 5835
f 5838 5835 5834
f 5839 5833 5836
f 5839 5836 5840
f 5839 5838 5834
f 5839 5834 5833
f 5840 5836 5835
f 5840 5835 5837
v 140.0 60.0 10.0
v 150.0 60.0 10.0
v 150.0 70.0 10.0
v 140.0 70.0 10.0
v 150.0 70.0 0.0
v 150.0 60.0 0.0
v 140.0 60.0 0.0
v 140.0 70.0 0.0
f 5841 5842 5843
f 5841 5843 5844
f 5845 5846 5847
f 5845 5847 5848
f 5846 5845 5843
f 5846 5843 5842
f 5847 5841 5844
f 5847 5844 5848
f 5847 5846 5842
f 5847 5842 5841
f 5848 5844 5843
f 5848 5843 5845
v 140.0 60.0 30.0
v 150.0 60.0 30.0
v 150.0 70.0 30.0
v 140.0 70.0 30.0
v 150.0 70.0 20.0
v 150.0 60.0 20.0
v 140.0 60.0 20.0
v 140.0 70.0 20.0
f 5849 5850 5851
f 5849 5851 5852
f 5853 5854 5855
f 5853 5855 5856
f 5854 5853 5851
f 5854 5851 5850
f 5855 5849 5852
f 5855 5852 5856
f 5855 5854 5850
f 5855 5850 5849
f 5856 5852 5851
f 5856 5851 5853
v 140.0 60.0 50.0
v 150.0 60.0 50.0
v 150.0 70.0 50.0
v 140.0 70.0 50.0
v 150.0 70.0 40.0
v 150.0 60.0 40.0
v 140.0 60.0 40.0
v 140.0 70.0 40.0
f 5857 5858 5859
f 5857 5859 5860
f 5861 5862 5863
f 5861 5863 5864
f 5862 5861 5859
f 5862 5859 5858
f 5863 5857 5860
f 5863 5860 5864
f 5863 5862 5858
f 5863 5858 5857
f 5864 5860 5859
f 5864 5859 5861
v 140.0 60.0 70.0
v 150.0 60.0 70.0
v 150.0 70.0 70.0
v 140.0 70.0 70.0
v 150.0 70.0 60.0
v 150.0 60.0 60.0
v 140.0 60.0 60.0
v 140.0 70.0 60.0
f 5865 5866 5867
f 5865 5867 5868
f 5869 5870 5871
f 5869 5871 5872
f 5870 5869 5867
f 5870 5867 5866
f 5871 5865 5868
f 5871 5868 5872
f 5871 5870 5866
f 5871 5866 5865
f 5872 5868 5867
f 5872 5867 5869
v 140.0 60.0 90.0
v 150.0 60.0 90.0
v 150.0 70.0 90.0
v 140.0 70.0 90.0
v 150.0 70.0 80.0
v 150.0 60.0 80.0
v 140.0 60.0 80.0
v 140.0 70.0 80.0
f 5873 5874 5875
f 5873 5875 5876
f 5877 5878 5879
f 5877 5879 5880
f 5878 5877 5875
f 5878 5875 5874
f 5879 5873 5876
f 5879 5876 5880
f 5879 5878 5874
f 5879 5874 5873
f 5880 5876 5875
f 5880 5875 5877
v 140.0 60.0 110.0
v 150.0 60.0 110.0
v 150.0 70.0 110.0
v 140.0 70.0 110.0
v 150.0 70.0 100.0
v 150.0 60.0 100.0
v 140.0 60.0 100.0
v 140.0 70.0 100.0
f 5881 5882 5883
f 5881 5883 5884
f 5885 5886 5887
f 5885 5887 5888
f 5886 5885 5883
f 5886 5883 5882
f 5887 5881 5884
f 5887 5884 5888
f 5887 5886 5882
f 5887 5882 5881
f 5888 5884 5883
f 5888 5883 5885
v 140.0 60.0 130.0
v 150.0 60.0 130.0
v 150.0 70.0 130.0
v 140.0 70.0 130.0
v 150.0 70.0 120.0
v 150.0 60.0 120.0
v 140.0 60.0 120.0
v 140.0 70.0 120.0
f 5889 5890 5891
f 5889 5891 5892
f 5893 5894 5895
f 5893 5895 5896
f 5894 5893 5891
f 5894 5891 5890
f 5895 5889 5892
f 5895 5892 5896
f 5895 5894 5890
f 5895 5890 5889
f 5896 5892 5891
f 5896 5891 5893
v 140.0 60.0 150.0
v 150.0 60.0 150.0
v 150.0 70.0 150.0
v 140.0 70.0 150.0
v 150.0 70.0 140.0
v 150.0 60.0 140.0
v 140.0 60.0 140.0
v 140.0 70.0 140.0
f 5897 5898 5899
f 5897 5899 5900
f 5901 5902 5903
f 5901 5903 5904
f 5902 5901 5899
f 5902 5899 5898
f 5903 5897 5900
f 5903 5900 5904
f 5903 5902 5898
f 5903 5898 5897
f 5904 5900 5899
f 5904 5899 5901
v 140.0 60.0 170.0
v 150.0 60.0 170.0
v 150.0 70.0 170.0
v 140.0 70.0 170.0
v 150.0 70.0 160.0
v 150.0 60.0 160.0
v 140.0 60.0 160.0
v 140.0 70.0 160.0
f 5905 5906 5907
f 5905 5907 5908
f 5909 5910 5911
f 5909 5911 5912
f 5910 5909 5907
f 5910 5907 5906
f 5911 5905 5908
f 5911 5908 5912
f 5911 5910 5906
f 5911 5906 5905
f 5912 5908 5907
f 5912 5907 5909
v 140.0 60.0 190.0
v 150.0 60.0 190.0
v 150.0 70.0 190.0
v 140.0 70.0 190.0
v 150.0 70.0 180.0
v 150.0 60.0 180.0
v 140.0 60.0 180.0
v 140.0 70.0 180.0
f 5913 5914 5915
f 5913 5915 5916
f 5917 5918 5919
f 5917 5919 5920
f 5918 5917 5915
f 5918 5915 5914
f 5919 5913 5916
f 5919 5916 5920
f 5919 5918 5914
f 5919 5914 5913
f 5920 5916 5915
f 5920 5915 5917
v 140.0 80.0 10.0
v 150.0 80.0 10.0
v 150.0 90.0 10.0
v 140.0 90.0 10.0
v 150.0 90.0 0.0
v 150.0 80.0 0.0
v 140.0 80.0 0.0
v 140.0 90.0 0.0
f 5921 5922 5923
f 5921 5923 5924
f 5925 5926 5927
f 5925 5927 5928
f 5926 5925 5923
f 5926 5923 5922
f 5927 5921 5924
f 5927 5924 5928
f 5927 5926 5922
f 5927 5922 5921
f 5928 5924 5923
f 5928 5923 5925
v 140.0 80.0 30.0
v 150.0 80.0 30.0
v 150.0 90.0 30.0
v 140.0 90.0 30.0
v 150.0 90.0 20.0
v 150.0 80.0 20.0
v 140.0 80.0 20.0
v 140.0 90.0 20.0
f 5929 5930 5931
f 5929 5931 5932
f 5933 5934 5935
f 5933 5935 5936
f 5934 5933 5931
f 5934 5931 5930
f 5935 5929 5932
f 5935 5932 5936
f 5935 5934 5930
f 5935 5930 5929
f 5936 5932 5931
f 5936 5931 5933
v 140.0 80.0 50.0
v 150.0 80.0 50.0
v 150.0 90.0 50.0
v 140.0 90.0 50.0
v 150.0 90.0 40.0
v 150.0 80.0 40.0
v 140.0 80.0 40.0
v 140.0 90.0 40.0
f 5937 5938 5939
f 5937 5939 5940
f 5941 5942 5943
f 5941 5943 5944
f 5942 5941 5939
f 5942 5939 5938
f 5943 5937 5940
f 5943 5940 5944
f 5943 5942 5938
f 5943 5938 5937
f 5944 5940 5939
f 5944 5939 5941
v 140.0 80.0 70.0
v 150.0 80.0 70.0
v 150.0 90.0 70.0
v 140.0 90.0 70.0
v 150.0 90.0 60.0
v 150.0 80.0 60.0
v 140.0 80.0 60.0
v 140.0 90.0 60.0
f 5945 5946 5947
f 5945 5947 5948
f 5949 5950 5951
f 5949 5951 5952
f 5950 5949 5947
f 5950 5947 5946
f 5951 5945 5948
f 5951 5948 5952
f 5951 5950 5946
f 5951 5946 5945
f 5952 5948 5947
f 5952 5947 5949
v 140.0 80.0 90.0
v 150.0 80.0 90.0
v 150.0 90.0 90.0
v 140.0 90.0 90.0
v 150.0 90.0 80.0
v 150.0 80.0 80.0
v 140.0 80.0 80.0
v 140.0 90.0 80.0
f 5953 5954 5955
f 5953 5955 5956
f 5957 5958 5959
f 5957 5959 5960
f 5958 5957 5955
f 5958 5955 5954
f 5959 5953 5956
f 5959 5956 5960
f 5959 5958 5954
f 5959 5954 5953
f 5960 5956 5955
f 5960 5955 5957
v 140.0 80.0 110.0
v 150.0 80.0 110.0
v 150.0 90.0 110.0
v 140.0 90.0 110.0
v 150.0 90.0 100.0
v 150.0 80.0 100.0
v 140.0 80.0 100.0
v 140.0 90.0 100.0
f 5961 5962 5963
f 5961 5963 5964
f 5965 5966 5967
f 5965 5967 5968
f 5966 5965 5963
f 5966 5963 5962
f 5967 5961 5964
f 5967 5964 5968
f 5967 5966 5962
f 5967 5962 5961
f 5968 5964 5963
f 5968 5963 5965
v 140.0 80.0 130.0
v 150.0 80.0 130.0
v 150.0 90.0 130.0
v 140.0 90.0 130.0
v 150.0 90.0 120.0
v 150.0 80.0 120.0
v 140.0 80.0 120.0
v 140.0 90.0 120.0
f 5969 5970 5971
f 5969 5971 5972
f 5973 5974 5975
f 5973 5975 5976
f 5974 5973 5971
f 5974 5971 5970
f 5975 5969 5972
f 5975 5972 5976
f 5975 5974 5970
f 5975 5970 5969
f 5976 5972 5971
f 5976 5971 5973
v 140.0 80.0 150.0
v 150.0 80.0 150.0
v 150.0 90.0 150.0
v 140.0 90.0 150.0
v 150.0 90.0 140.0
v 150.0 80.0 140.0
v 140.0 80.0 140.0
v 140.0 90.0 140.0
f 5977 5978 5979
f 5977 5979 5980
f 5981 5982 5983
f 5981 5983 5984
f 5982 5981 5979
f 5982 5979 5978
f 5983 5977 5980
f 5983 5980 5984
f 5983 5982 5978
f 5983 5978 5977
f 5984 5980 5979
f 5984 5979 5981
v 140.0 80.0 170.0
v 150.0 80.0 170.0
v 150.0 90.0 170.0
v 140.0 90.0 170.0
v 150.0 90.0 160.0
v 150.0 80.0 160.0
v 140.0 80.0 160.0
v 140.0 90.0 160.0
f 5985 5986 5987
f 5985 5987 5988
f 5989 5990 5991
f 5989 5991 5992
f 5990 5989 5987
f 5990 5987 5986
f 5991 5985 5988
f 5991 5988 5992
f 5991 5990 5986
f 5991 5986 5985
f 5992 5988 5987
f 5992 5987 5989
v 140.0 80.0 190.0
v 150.0 80.0 190.0
v 150.0 90.0 190.0
v 140.0 90.0 190.0
v 150.0 90.0 180.0
v 150.0 80.0 180.0
v 140.0 80.0 180.0
v 140.0 90.0 180.0
f 5993 5994 5995
f 5993 5995 5996
f 5997 5998 5999
f 5997 5999 6000
f 5998 5997 5995
f 5998 5995 5994
f 5999 5993 5996
f 5999 5996 6000
f 5999 5998 5994
f 5999 5994 5993
f 6000 5996 5995
f 6000 5995 5997
v 140.0 100.0 10.0
v 150.0 100.0 10.0
v 150.0 110.0 10.0
v 140.0 110.0 10.0
v 150.0 110.0 0.0
v 150.0 100.0 0.0
v 140.0 100.0 0.0
v 140.0 110.0 0.0
f 6001 6002 6003
f 6001 6003 6004
f 6005 6006 6007
f 6005 6007 6008
f 6006 6005 6003
f 6006 6003 6002
f 6007 6001 6004
f 6007 6004 6008
f 6007 6006 6002
f 6007 6002 6001
f 6008 6004 6003
f 6008 6003 6005
v 140.0 100.0 30.0
v 150.0 100.0 30.0
v 150.0 110.0 30.0
v 140.0 110.0 30.0
v 150.0 110.0 20.0
v 150.0 100.0 20.0
v 140.0 100.0 20.0
v 140.0 110.0 20.0
f 6009 6010 6011
f 6009 6011 6012
f 6013 6014 6015
f 6013 6015 6016
f 6014 6013 6011
f 6014 6011 6010
f 6015 6009 6012
f 6015 6012 6016
f 6015 6014 6010
f 6015 6010 6009
f 6016 6012 6011
f 6016 6011 6013
v 140.0 100.0 50.0
v 150.0 100.0 50.0
v 150.0 110.0 50.0
v 140.0 110.0 50.0
v 150.0 110.0 40.0
v 150.0 100.0 40.0
v 140.0 100.0 40.0
v 140.0 110.0 40.0
f 6017 6018 6019
f 6017 6019 6020
f 6021 6022 6023
f 6021 6023 6024
f 6022 6021 6019
f 6022 6019 6018
f 6023 6017 6020
f 6023 6020 6024
f 6023 6022 6018
f 6023 6018 6017
f 6024 6020 6019
f 6024 6019 6021
v 140.0 100.0 70.0
v 150.0 100.0 70.0
v 150.0 110.0 70.0
v 140.0 110.0 70.0
v 150.0 110.0 60.0
v 150.0 100.0 60.0
v 140.0 100.0 60.0
v 140.0 110.0 60.0
f 6025 6026 6027
f 6025 6027 6028
f 6029 6030 6031
f 6029 6031 6032
f 6030 6029 6027
f 6030 6027 6026
f 6031 6025 6028
f 6031 6028 6032
f 6031 6030 6026
f 6031 6026 6025
f 6032 6028 6027
f 6032 6027 6029
v 140.0 100.0 90.0
v 150.0 100.0 90.0
v 150.0 110.0 90.0
v 140.0 110.0 90.0
v 150.0 110.0 80.0
v 150.0 100.0 80.0
v 140.0 100.0 80.0
v 140.0 110.0 80.0
f 6033 6034 6035
f 6033 6035 6036
f 6037 6038 6039
f 6037 6039 6040
f 6038 6037 6035
f 6038 6035 6034
f 6039 6033 6036
f 6039 6036 6040
f 6039 6038 6034
f 6039 6034 6033
f 6040 6036 6035
f 6040 6035 6037
v 140.0 100.0 110.0
v 150.0 100.0 110.0
v 150.0 110.0 110.0
v 140.0 110.0 110.0
v 150.0 110.0 100.0
v 150.0 100.0 100.0
v 140.0 100.0 100.0
v 140.0 110.0 100.0
f 6041 6042 6043
f 6041 6043 6044
f 6045 6046 6047
f 6045 6047 6048
f 6046 6045 6043
f 6046 6043 6042
f 6047 6041 6044
f 6047 6044 6048
f 6047 6046 6042
f 6047 6042 6041
f 6048 6044 6043
f 6048 6043 6045
v 140.0 100.0 130.0
v 150.0 100.0 130.0
v 150.0 110.0 130.0
v 140.0 110.0 130.0
v 150.0 110.0 120.0
v 150.0 100.0 120.0
v 140.0 100.0 120.0
v 140.0 110.0 120.0
f 6049 6050 6051
f 6049 6051 6052
f 6053 6054 6055
f 6053 6055 6056
f 6054 6053 6051
f 6054 6051 6050
f 6055 6049 6052
f 6055 6052 6056
f 6055 6054 6050
f 6055 6050 6049
f 6056 6052 6051
f 6056 6051 6053
v 140.0 100.0 150.0
v 150.0 100.0 150.0
v 150.0 110.0 150.0
v 140.0 110.0 150.0
v 150.0 110.0 140.0
v 150.0 100.0 140.0
v 140.0 100.0 140.0
v 140.0 110.0 140.0
f 6057 6058 6059
f 6057 6059 6060
f 6061 6062 6063
f 6061 6063 6064
f 6062 6061 6059
f 6062 6059 6058
f 6063 6057 6060
f 6063 6060 6064
f 6063 6062 6058
f 6063 6058 6057
f 6064 6060 6059
f 6064 6059 6061
v 140.0 100.0 170.0
v 150.0 100.0 170.0
v 150.0 110.0 170.0
v 140.0 110.0 170.0
v 150.0 110.0 160.0
v 150.0 100.0 160.0
v 140.0 100.0 160.0
v 140.0 110.0 160.0
f 6065 6066 6067
f 6065 6067 6068
f 6069 6070 6071
f 6069 6071 6072
f 6070 6069 6067
f 6070 6067 6066
f 6071 6065 6068
f 6071 6068 6072
f 6071 6070 6066
f 6071 6066 6065
f 6072 6068 6067
f 6072 6067 6069
v 140.0 100.0 190.0
v 150.0 100.0 190.0
v 150.0 110.0 190.0
v 140.0 110.0 190.0
v 150.0 110.0 180.0
v 150.0 100.0 180.0
v 140.0 100.0 180.0
v 140.0 110.0 180.0
f 6073 6074 6075
f 6073 6075 6076
f 6077 6078 6079
f 6077 6079 6080
f 6078 6077 6075
f 6078 6075 6074
f 6079 6073 6076
f 6079 6076 6080
f 6079 6078 6074
f 6079 6074 6073
f 6080 6076 6075
f 6080 6075 6077
v 140.0 120.0 10.0
v 150.0 120.0 10.0
v 150.0 130.0 10.0
v 140.0 130.0 10.0
v 150.0 130.0 0.0
v 150.0 120.0 0.0
v 140.0 120.0 0.0
v 140.0 130.0 0.0
f 6081 6082 6083
f 6081 6083 6084
f 6085 6086 6087
f 6085 6087 6088
f 6086 6085 6083
f 6086 6083 6082
f 6087 6081 6084
f 6087 6084 6088
f 6087 6086 6082
f 6087 6082 6081
f 6088 6084 6083
f 6088 6083 6085
v 140.0 120.0 30.0
v 150.0 120.0 30.0
v 150.0 130.0 30.0
v 140.0 130.0 30.0
v 150.0 130.0 20.0
v 150.0 120.0 20.0
v 140.0 120.0 20.0
v 140.0 130.0 20.0
f 6089 6090 6091
f 6089 6091 6092
f 6093 6094 6095
f 6093 6095 6096
f 6094 6093 6091
f 6094 6091 6090
f 6095 6089 6092
f 6095 6092 6096
f 6095 6094 6090
f 6095 6090 6089
f 6096 6092 6091
f 6096 6091 6093
v 140.0 120.0 50.0
v 150.0 120.0 50.0
v 150.0 130.0 50.0
v 140.0 130.0 50.0
v 150.0 130.0 40.0
v 150.0 120.0 40.0
v 140.0 120.0 40.0
v 140.0 130.0 40.0
f 6097 6098 6099
f 6097 6099 6100
f 6101 6102 6103
f 6101 6103 6104
f 6102 6101 6099
f 6102 6099 6098
f 6103 6097 6100
f 6103 6100 6104
f 6103 6102 6098
f 6103 6098 6097
f 6104 6100 6099
f 6104 6099 6101
v 140.0 120.0 70.0
v 150.0 120.0 70.0
v 150.0 130.0 70.0
v 140.0 130.0 70.0
v 150.0 130.0 60.0
v 150.0 120.0 60.0
v 140.0 120.0 60.0
v 140.0 130.0 60.0
f 6105 6106 6107
f 6105 6107 6108
f 6109 6110 6111
f 6109 6111 6112
f 6110 6109 6107
f 6110 6107 6106
f 6111 6105 6108
f 6111 6108 6112
f 6111 6110 6106
f 6111 6106 6105
f 6112 6108 6107
f 6112 6107 6109
v 140.0 120.0 90.0
v 150.0 120.0 90.0
v 150.0 130.0 90.0
v 140.0 130.0 90.0
v 150.0 130.0 80.0
v 150.0 120.0 80.0
v 140.0 120.0 80.0
v 140.0 130.0 80.0
f 6113 6114 6115
f 6113 6115 6116
f 6117 6118 6119
f 6117 6119 6120
f 6118 6117 6115
f 6118 6115 6114
f 6119 6113 6116
f 6119 6116 6120
f 6119 6118 6114
f 6119 6114 6113
f 6120 6116 6115
f 6120 6115 6117
v 140.0 120.0 110.0
v 150.0 120.0 110.0
v 150.0 130.0 110.0
v 140.0 130.0 110.0
v 150.0 130.0 100.0
v 150.0 120.0 100.0
v 140.0 120.0 100.0
v 140.0 130.0 100.0
f 6121 6122 6123
f 6121 6123 6124
f 6125 6126 6127
f 6125 6127 6128
f 6126 6125 6123
f 6126 6123 6122
f 6127 6121 6124
f 6127 6124 6128
f 6127 6126 6122
f 6127 6122 6121
f 6128 6124 6123
f 6128 6123 6125
v 140.0 120.0 130.0
v 150.0 120.0 130.0
v 150.0 130.0 130.0
v 140.0 130.0 130.0
v 150.0 130.0 120.0
v 150.0 120.0 120.0
v 140.0 120.0 120.0
v 140.0 130.0 120.0
f 6129 6130 6131
f 6129 6131 6132
f 6133 6134 6135
f 6133 6135 6136
f 6134 6133 6131
f 6134 6131 6130
f 6135 6129 6132
f 6135 6132 6136
f 6135 6134 6130
f 6135 6130 6129
f 6136 6132 6131
f 6136 6131 6133
v 140.0 120.0 150.0
v 150.0 120.0 150.0
v 150.0 130.0 150.0
v 140.0 130.0 150.0
v 150.0 130.0 140.0
v 150.0 120.0 140.0
v 140.0 120.0 140.0
v 140.0 130.0 140.0
f 6137 6138 6139
f 6137 6139 6140
f 6141 6142 6143
f 6141 6143 6144
f 6142 6141 6139
f 6142 6139 6138
f 6143 6137 6140
f 6143 6140 6144
f 6143 6142 6138
f 6143 6138 6137
f 6144 6140 6139
f 6144 6139 6141
v 140.0 120.0 170.0
v 150.0 120.0 170.0
v 150.0 130.0 170.0
v 140.0 130.0 170.0
v 150.0 130.0 160.0
v 150.0 120.0 160.0
v 140.0 120.0 160.0
v 140.0 130.0 160.0
f 6145 6146 6147
f 6145 6147 6148
f 6149 6150 6151
f 6149 6151 6152
f 6150 6149 6147
f 6150 6147 6146
f 6151 6145 6148
f 6151 6148 6152
f 6151 6150 6146
f 6151 6146 6145
f 6152 6148 6147
f 6152 6147 6149
v 140.0 120.0 190.0
v 150.0 120.0 190.0
v 150.0 130.0 190.0
v 140.0 130.0 190.0
v 150.0 130.0 180.0
v 150.0 120.0 180.0
v 140.0 120.0 180.0
v 140.0 130.0 180.0
f 6153 6154 6155
f 6153 6155 6156
f 6157 6158 6159
f 6157 6159 6160
f 6158 6157 6155
f 6158 6155 6154
f 6159 6153 6156
f 6159 6156 6160
f 6159 6158 6154
f 6159 6154 6153
f 6160 6156 6155
f 6160 6155 6157
v 140.0 140.0 10.0
v 150.0 140.0 10.0
v 150.0 150.0 10.0
v 140.0 150.0 10.0
v 150.0 150.0 0.0
v 150.0 140.0 0.0
v 140.0 140.0 0.0
v 140.0 150.0 0.0
f 6161 6162 6163
f 6161 6163 6164
f 6165 6166 6167
f 6165 6167 6168
f 6166 6165 6163
f 6166 6163 6162
f 6167 6161 6164
f 6167 6164 6168
f 6167 6166 6162
f 6167 6162 6161
f 6168 6164 6163
f 6168 6163 6165
v 140.0 140.0 30.0
v 150.0 140.0 30.0
v 150.0 150.0 30.0
v 140.0 150.0 30.0
v 150.0 150.0 20.0
v 150.0 140.0 20.0
v 140.0 140.0 20.0
v 140.0 150.0 20.0
f 6169 6170 6171
f 6169 6171 6172
f 6173 6174 6175
f 6173 6175 6176
f 6174 6173 6171
f 6174 6171 6170
f 6175 6169 6172
f 6175 6172 6176
f 6175 6174 6170
f 6175 6170 6169
f 6176 6172 6171
f 6176 6171 6173
v 140.0 140.0 50.0
v 150.0 140.0 50.0
v 150.0 150.0 50.0
v 140.0 150.0 50.0
v 150.0 150.0 40.0
v 150.0 140.0 40.0
v 140.0 140.0 40.0
v 140.0 150.0 40.0
f 6177 6178 6179
f 6177 6179 6180
f 6181 6182 6183
f 6181 6183 6184
f 6182 6181 6179
f 6182 6179 6178
f 6183 6177 6180
f 6183 6180 6184
f 6183 6182 6178
f 6183 6178 6177
f 6184 6180 6179
f 6184 6179 6181
v 140.0 140.0 70.0
v 150.0 140.0 70.0
v 150.0 150.0 70.0
v 140.0 150.0 70.0
v 150.0 150.0 60.0
v 150.0 140.0 60.0
v 140.0 140.0 60.0
v 140.0 150.0 60.0
f 6185 6186 6187
f 6185 6187 6188
f 6189 6190 6191
f 6189 6191 6192
f 6190 6189 6187
f 6190 6187 6186
f 6191 6185 6188
f 6191 6188 6192
f 6191 6190 6186
f 6191 6186 6185
f 6192 6188 6187
f 6192 6187 6189
v 140.0 140.0 90.0
v 150.0 140.0 90.0
v 150.0 150.0 90.0
v 140.0 150.0 90.0
v 150.0 150.0 80.0
v 150.0 140.0 80.0
v 140.0 140.0 80.0
v 140.0 150.0 80.0
f 6193 6194 6195
f 6193 6195 6196
f 6197 6198 6199
f 6197 6199 6200
f 6198 6197 6195
f 6198 6195 6194
f 6199 6193 6196
f 6199 6196 6200
f 6199 6198 6194
f 6199 6194 6193
f 6200 6196 6195
f 6200 6195 6197
v 140.0 140.0 110.0
v 150.0 140.0 110.0
v 150.0 150.0 110.0
v 140.0 150.0 110.0
v 150.0 150.0 100.0
v 150.0 140.0 100.0
v 140.0 140.0 100.0
v 140.0 150.0 100.0
f 6201 6202 6203
f 6201 6203 6204
f 6205 6206 6207
f 6205 6207 6208
f 6206 6205 6203
f 6206 6203 6202
f 6207 6201 6204
f 6207 6204 6208
f 6207 6206 6202
f 6207 6202 6201
f 6208 6204 6203
f 6208 6203 6205
v 140.0 140.0 130.0
v 150.0 140.0 130.0
v 150.0 150.0 130.0
v 140.0 150.0 130.0
v 150.0 150.0 120.0
v 150.0 140.0 120.0
v 140.0 140.0 120.0
v 140.0 150.0 120.0
f 6209 6210 6211
f 6209 6211 6212
f 6213 6214 6215
f 6213 6215 6216
f 6214 6213 6211
f 6214 6211 6210
f 6215 6209 6212
f 6215 6212 6216
f 6215 6214 6210
f 6215 6210 6209
f 6216 6212 6211
f 6216 6211 6213
v 140.0 140.0 150.0
v 150.0 140.0 150.0
v 150.0 150.0 150.0
v 140.0 150.0 150.0
v 150.0 150.0 140.0
v 150.0 140.0 140.0
v 140.0 140.0 140.0
v 140.0 150.0 140.0
f 6217 6218 6219
f 6217 6219 6220
f 6221 6222 6223
f 6221 6223 6224
f 6222 6221 6219
f 6222 6219 6218
f 6223 6217 6220
f 6223 6220 6224
f 6223 6222 6218
f 6223 6218 6217
f 6224 6220 6219
f 6224 6219 6221
v 140.0 140.0 170.0
v 150.0 140.0 170.0
v 150.0 150.0 170.0
v 140.0 150.0 170.0
v 150.0 150.0 160.0
v 150.0 140.0 160.0
v 140.0 140.0 160.0
v 140.0 150.0 160.0
f 6225 6226 6227
f 6225 6227 6228
f 6229 6230 6231
f 6229 6231 6232
f 6230 6229 6227
f 6230 6227 6226
f 6231 6225 6228
f 6231 6228 6232
f 6231 6230 6226
f 6231 6226 6225
f 6232 6228 6227
f 6232 6227 6229
v 140.0 140.0 190.0
v 150.0 140.0 190.0
v 150.0 150.0 190.0
v 140.0 150.0 190.0
v 150.0 150.0 180.0
v 150.0 140.0 180.0
v 140.0 140.0 180.0
v 140.0 150.0 180.0
f 6233 6234 6235
f 6233 6235 6236
f 6237 6238 6239
f 6237 6239 6240
f 6238 6237 6235
f 6238 6235 6234
f 6239 6233 6236
f 6239 6236 6240
f 6239 6238 6234
f 6239 6234 6233
f 6240 6236 6235
f 6240 6235 6237
v 140.0 160.0 10.0
v 150.0 160.0 10.0
v 150.0 170.0 10.0
v 140.0 170.0 10.0
v 150.0 170.0 0.0
v 150.0 160.0 0.0
v 140.0 160.0 0.0
v 140.0 170.0 0.0
f 6241 6242 6243
f 6241 6243 6244
f 6245 6246 6247
f 6245 6247 6248
f 6246 6245 6243
f 6246 6243 6242
f 6247 6241 6244
f 6247 6244 6248
f 6247 6246 6242
f 6247 6242 6241
f 6248 6244 6243
f 6248 6243 6245
v 140.0 160.0 30.0
v 150.0 160.0 30.0
v 150.0 170.0 30.0
v 140.0 170.0 30.0
v 150.0 170.0 20.0
v 150.0 160.0 20.0
v 140.0 160.0 20.0
v 140.0 170.0 20.0
f 6249 6250 6251
f 6249 6251 6252
f 6253 6254 6255
f 6253 6255 6256
f 6254 6253 6251
f 6254 6251 6250
f 6255 6249 6252
f 6255 6252 6256
f 6255 6254 6250
f 6255 6250 6249
f 6256 6252 6251
f 6256 6251 6253
v 140.0 160.0 50.0
v 150.0 160.0 50.0
v 150.0 170.0 50.0
v 140.0 170.0 50.0
v 150.0 170.0 40.0
v 150.0 160.0 40.0
v 140.0 160.0 40.0
v 140.0 170.0 40.0
f 6257 6258 6259
f 6257 6259 6260
f 6261 6262 6263
f 6261 6263 6264
f 6262 6261 6259
f 6262 6259 6258
f 6263 6257 6260
f 6263 6260 6264
f 6263 6262 6258
f 6263 6258 6257
f 6264 6260 6259
f 6264 6259 6261
v 140.0 160.0 70.0
v 150.0 160.0 70.0
v 150.0 170.0 70.0
v 140.0 170.0 70.0
v 150.0 170.0 60.0
v 150.0 160.0 60.0
v 140.0 160.0 60.0
v 140.0 170.0 60.0
f 6265 6266 6267
f 6265 6267 6268
f 6269 6270 6271
f 6269 6271 6272
f 6270 6269 6267
f 6270 6267 6266
f 6271 6265 6268
f 6271 6268 6272
f 6271 6270 6266
f 6271 6266 6265
f 6272 6268 6267
f 6272 6267 6269
v 140.0 160.0 90.0
v 150.0 160.0 90.0
v 150.0 170.0 90.0
v 140.0 170.0 90.0
v 150.0 170.0 80.0
v 150.0 160.0 80.0
v 140.0 160.0 80.0
v 140.0 170.0 80.0
f 6273 6274 6275
f 6273 6275 6276
f 6277 6278 6279
f 6277 6279 6280
f 6278 6277 6275
f 6278 6275 6274
f 6279 6273 6276
f 6279 6276 6280
f 6279 6278 6274
f 6279 6274 6273
f 6280 6276 6275
f 6280 6275 6277
v 140.0 160.0 110.0
v 150.0 160.0 110.0
v 150.0 170.0 110.0
v 140.0 170.0 110.0
v 150.0 170.0 100.0
v 150.0 160.0 100.0
v 140.0 160.0 100.0
v 140.0 170.0 100.0
f 6281 6282 6283
f 6281 6283 6284
f 6285 6286 6287
f 6285 6287 6288
f 6286 6285 6283
f 6286 6283 6282
f 6287 6281 6284
f 6287 6284 6288
f 6287 6286 6282
f 6287 6282 6281
f 6288 6284 6283
f 6288 6283 6285
v 140.0 160.0 130.0
v 150.0 160.0 130.0
v 150.0 170.0 130.0
v 140.0 170.0 130.0
v 150.0 170.0 120.0
v 150.0 160.0 120.0
v 140.0 160.0 120.0
v 140.0 170.0 120.0
f 6289 6290 6291
f 6289 6291 6292
f 6293 6294 6295
f 6293 6295 6296
f 6294 6293 6291
f 6294 6291 6290
f 6295 6289 6292
f 6295 6292 6296
f 6295 6294 6290
f 6295 6290 6289
f 6296 6292 6291
f 6296 6291 6293
v 140.0 160.0 150.0
v 150.0 160.0 150.0
v 150.0 170.0 150.0
v 140.0 170.0 150.0
v 150.0 170.0 140.0
v 150.0 160.0 140.0
v 140.0 160.0 140.0
v 140.0 170.0 140.0
f 6297 6298 6299
f 6297 6299 6300
f 6301 6302 6303
f 6301 6303 6304
f 6302 6301 6299
f 6302 6299 6298
f 6303 6297 6300
f 6303 6300 6304
f 6303 6302 6298
f 6303 6298 6297
f 6304 6300 6299
f 6304 6299 6301
v 140.0 160.0 170.0
v 150.0 160.0 170.0
v 150.0 170.0 170.0
v 140.0 170.0 170.0
v 150.0 170.0 160.0
v 150.0 160.0 160.0
v 140.0 160.0 160.0
v 140.0 170.0 160.0
f 6305 6306 6307
f 6305 6307 6308
f 6309 6310 6311
f 6309 6311 6312
f 6310 6309 6307
f 6310 6307 6306
f 6311 6305 6308
f 6311 6308 6312
f 6311 6310 6306
f 6311 6306 6305
f 6312 6308 6307
f 6312 6307 6309
v 140.0 160.0 190.0
v 150.0 160.0 190.0
v 150.0 170.0 190.0
v 140.0 170.0 190.0
v 150.0 170.0 180.0
v 150.0 160.0 180.0
v 140.0 160.0 180.0
v 140.0 170.0 180.0
f 6313 6314 6315
f 6313 6315 6316
f 6317 6318 6319
f 6317 6319 6320
f 6318 6317 6315
f 6318 6315 6314
f 6319 6313 6316
f 6319 6316 6320
f 6319 6318 6314
f 6319 6314 6313
f 6320 6316 6315
f 6320 6315 6317
v 140.0 180.0 10.0
v 150.0 180.0 10.0
v 150.0 190.0 10.0
v 140.0 190.0 10.0
v 150.0 190.0 0.0
v 150.0 180.0 0.0
v 140.0 180.0 0.0
v 140.0 190.0 0.0
f 6321 6322 6323
f 6321 6323 6324
f 6325 6326 6327
f 6325 6327 6328
f 6326 6325 6323
f 6326 6323 6322
f 6327 6321 6324
f 6327 6324 6328
f 6327 6326 6322
f 6327 6322 6321
f 6328 6324 6323
f 6328 6323 6325
v 140.0 180.0 30.0
v 150.0 180.0 30.0
v 150.0 190.0 30.0
v 140.0 190.0 30.0
v 150.0 190.0 20.0
v 150.0 180.0 20.0
v 140.0 180.0 20.0
v 140.0 190.0 20.0
f 6329 6330 6331
f 6329 6331 6332
f 6333 6334 6335
f 6333 6335 6336
f 6334 6333 6331
f 6334 6331 6330
f 6335 6329 6332
f 6335 6332 6336
f 6335 6334 6330
f 6335 6330 6329
f 6336 6332 6331
f 6336 6331 6333
v 140.0 180.0 50.0
v 150.0 180.0 50.0
v 150.0 190.0 50.0
v 140.0 190.0 50.0
v 150.0 190.0 40.0
v 150.0 180.0 40.0
v 140.0 180.0 40.0
v 140.0 190.0 40.0
f 6337 6338 6339
f 6337 6339 6340
f 6341 6342 6343
f 6341 6343 6344
f 6342 6341 6339
f 6342 6339 6338
f 6343 6337 6340
f 6343 6340 6344
f 6343 6342 6338
f 6343 6338 6337
f 6344 6340 6339
f 6344 6339 6341
v 140.0 180.0 70.0
v 150.0 180.0 70.0
v 150.0 190.0 70.0
v 140.0 190.0 70.0
v 150.0 190.0 60.0
v 150.0 180.0 60.0
v 140.0 180.0 60.0
v 140.0 190.0 60.0
f 6345 6346 6347
f 6345 6347 6348
f 6349 6350 6351
f 6349 6351 6352
f 6350 6349 6347
f 6350 6347 6346
f 6351 6345 6348
f 6351 6348 6352
f 6351 6350 6346
f 6351 6346 6345
f 6352 6348 6347
f 6352 6347 6349
v 140.0 180.0 90.0
v 150.0 180.0 90.0
v 150.0 190.0 90.0
v 140.0 190.0 90.0
v 150.0 190.0 80.0
v 150.0 180.0 80.0
v 140.0 180.0 80.0
v 140.0 190.0 80.0
f 6353 6354 6355
f 6353 6355 6356
f 6357 6358 6359
f 6357 6359 6360
f 6358 6357 6355
f 6358 6355 6354
f 6359 6353 6356
f 6359 6356 6360
f 6359 6358 6354
f 6359 6354 6353
f 6360 6356 6355
f 6360 6355 6357
v 140.0 180.0 110.0
v 150.0 180.0 110.0
v 150.0 190.0 110.0
v 140.0 190.0 110.0
v 150.0 190.0 100.0
v 150.0 180.0 100.0
v 140.0 180.0 100.0
v 140.0 190.0 100.0
f 6361 6362 6363
f 6361 6363 6364
f 6365 6366 6367
f 6365 6367 6368
f 6366 6365 6363
f 6366 6363 6362
f 6367 6361 6364
f 6367 6364 6368
f 6367 6366 6362
f 6367 6362 6361
f 6368 6364 6363
f 6368 6363 6365
v 140.0 180.0 130.0
v 150.0 180.0 130.0
v 150.0 190.0 130.0
v 140.0 190.0 130.0
v 150.0 190.0 120.0
v 150.0 180.0 120.0
v 140.0 180.0 120.0
v 140.0 190.0 120.0
f 6369 6370 6371
f 6369 6371 6372
f 6373 6374 6375
f 6373 6375 6376
f 6374 6373 6371
f 6374 6371 6370
f 6375 6369 6372
f 6375 6372 6376
f 6375 6374 6370
f 6375 6370 6369
f 6376 6372 6371
f 6376 6371 6373
v 140.0 180.0 150.0
v 150.0 180.0 150.0
v 150.0 190.0 150.0
v 140.0 190.0 150.0
v 150.0 190.0 140.0
v 150.0 180.0 140.0
v 140.0 180.0 140.0
v 140.0 190.0 140.0
f 6377 6378 6379
f 6377 6379 6380
f 6381 6382 6383
f 6381 6383 6384
f 6382 6381 6379
f 6382 6379 6378
f 6383 6377 6380
f 6383 6380 6384
f 6383 6382 6378
f 6383 6378 6377
f 6384 6380 6379
f 6384 6379 6381
v 140.0 180.0 170.0
v 150.0 180.0 170.0
v 150.0 190.0 170.0
v 140.0 190.0 170.0
v 150.0 190.0 160.0
v 150.0 180.0 160.0
v 140.0 180.0 160.0
v 140.0 190.0 160.0
f 6385 6386 6387
f 6385 6387 6388
f 6389 6390 6391
f 6389 6391 6392
f 6390 6389 6387
f 6390 6387 6386
f 6391 6385 6388
f 6391 6388 6392
f 6391 6390 6386
f 6391 6386 6385
f 6392 6388 6387
f 6392 6387 6389
v 140.0 180.0 190.0
v 150.0 180.0 190.0
v 150.0 190.0 190.0
v 140.0 190.0 190.0
v 150.0 190.0 180.0
v 150.0 180.0 180.0
v 140.0 180.0 180.0
v 140.0 190.0 180.0
f 6393 6394 6395
f 6393 6395 6396
f 6397 6398 6399
f 6397 6399 6400
f 6398 6397 6395
f 6398 6395 6394
f 6399 6393 6396
f 6399 6396 6400
f 6399 6398 6394
f 6399 6394 6393
f 6400 6396 6395
f 6400 6395 6397
v 160.0 0.0 10.0
v 170.0 0.0 10.0
v 170.0 10.0 10.0
v 160.0 10.0 10.0
v 170.0 10.0 0.0
v 170.0 0.0 0.0
v 160.0 0.0 0.0
v 160.0 10.0 0.0
f 6401 6402 6403
f 6401 6403 6404
f 6405 6406 6407
f 6405 6407 6408
f 6406 6405 6403
f 6406 6403 6402
f 6407 6401 6404
f 6407 6404 6408
f 6407 6406 6402
f 6407 6402 6401
f 6408 6404 6403
f 6408 6403 6405
v 160.0 0.0 30.0
v 170.0 0.0 30.0
v 170.0 10.0 30.0
v 160.0 10.0 30.0
v 170.0 10.0 20.0
v 170.0 0.0 20.0
v 160.0 0.0 20.0
v 160.0 10.0 20.0
f 6409 6410 6411
f 6409 6411 6412
f 6413 6414 6415
f 6413 6415 6416
f 6414 6413 6411
f 6414 6411 6410
f 6415 6409 6412
f 6415 6412 6416
f 6415 6414 6410
f 6415 6410 6409
f 6416 6412 6411
f 6416 6411 6413
v 160.0 0.0 50.0
v 170.0 0.0 50.0
v 170.0 10.0 50.0
v 160.0 10.0 50.0
v 170.0 10.0 40.0
v 170.0 0.0 40.0
v 160.0 0.0 40.0
v 160.0 10.0 40.0
f 6417 6418 6419
f 6417 6419 6420
f 6421 6422 6423
f 6421 6423 6424
f 6422 6421 6419
f 6422 6419 6418
f 6423 6417 6420
f 6423 6420 6424
f 6423 6422 6418
f 6423 6418 6417
f 6424 6420 6419
f 6424 6419 6421
v 160.0 0.0 70.0
v 170.0 0.0 70.0
v 170.0 10.0 70.0
v 160.0 10.0 70.0
v 170.0 10.0 60.0
v 170.0 0.0 60.0
v 160.0 0.0 60.0
v 160.0 10.0 60.0
f 6425 6426 6427
f 6425 6427 6428
f 6429 6430 6431
f 6429 6431 6432
f 6430 6429 6427
f 6430 6427 6426
f 6431 6425 6428
f 6431 6428 6432
f 6431 6430 6426
f 6431 6426 6425
f 6432 6428 6427
f 6432 6427 6429
v 160.0 0.0 90.0
v 170.0 0.0 90.0
v 170.0 10.0 90.0
v 160.0 10.0 90.0
v 170.0 10.0 80.0
v 170.0 0.0 80.0
v 160.0 0.0 80.0
v 160.0 10.0 80.0
f 6433 6434 6435
f 6433 6435 6436
f 6437 6438 6439
f 6437 6439 6440
f 6438 6437 6435
f 6438 6435 6434
f 6439 6433 6436
f 6439 6436 6440
f 6439 6438 6434
f 6439 6434 6433
f 6440 6436 6435
f 6440 6435 6437
v 160.0 0.0 110.0
v 170.0 0.0 110.0
v 170.0 10.0 110.0
v 160.0 10.0 110.0
v 170.0 10.0 100.0
v 170.0 0.0 100.0
v 160.0 0.0 100.0
v 160.0 10.0 100.0
f 6441 6442 6443
f 6441 6443 6444
f 6445 6446 6447
f 6445 6447 6448
f 6446 6445 6443
f 6446 6443 6442
f 6447 6441 6444
f 6447 6444 6448
f 6447 6446 6442
f 6447 6442 6441
f 6448 6444 6443
f 6448 6443 6445
v 160.0 0.0 130.0
v 170.0 0.0 130.0
v 170.0 10.0 130.0
v 160.0 10.0 130.0
v 170.0 10.0 120.0
v 170.0 0.0 120.0
v 160.0 0.0 120.0
v 160.0 10.0 120.0
f 6449 6450 6451
f 6449 6451 6452
f 6453 6454 6455
f 6453 6455 6456
f 6454 6453 6451
f 6454 6451 6450
f 6455 6449 6452
f 6455 6452 6456
f 6455 6454 6450
f 6455 6450 6449
f 6456 6452 6451
f 6456 6451 6453
v 160.0 0.0 150.0
v 170.0 0.0 150.0
v 170.0 10.0 150.0
v 160.0 10.0 150.0
v 170.0 10.0 140.0
v 170.0 0.0 140.0
v 160.0 0.0 140.0
v 160.0 10.0 140.0
f 6457 6458 6459
f 6457 6459 6460
f 6461 6462 6463
f 6461 6463 6464
f 6462 6461 6459
f 6462 6459 6458
f 6463 6457 6460
f 6463 6460 6464
f 6463 6462 6458
f 6463 6458 6457
f 6464 6460 6459
f 6464 6459 6461
v 160.0 0.0 170.0
v 170.0 0.0 170.0
v 170.0 10.0 170.0
v 160.0 10.0 170.0
v 170.0 10.0 160.0
v 170.0 0.0 160.0
v 160.0 0.0 160.0
v 160.0 10.0 160.0
f 6465 6466 6467
f 6465 6467 6468
f 6469 6470 6471
f 6469 6471 6472
f 6470 6469 6467
f 6470 6467 6466
f 6471 6465 6468
f 6471 6468 6472
f 6471 6470 6466
f 6471 6466 6465
f 6472 6468 6467
f 6472 6467 6469
v 160.0 0.0 190.0
v 170.0 0.0 190.0
v 170.0 10.0 190.0
v 160.0 10.0 190.0
v 170.0 10.0 180.0
v 170.0 0.0 180.0
v 160.0 0.0 180.0
v 160.0 10.0 180.0
f 6473 6474 6475
f 6473 6475 6476
f 6477 6478 6479
f 6477 6479 6480
f 6478 6477 6475
f 6478 6475 6474
f 6479 6473 6476
f 6479 6476 6480
f 6479 6478 6474
f 6479 6474 6473
f 6480 6476 6475
f 6480 6475 6477
v 160.0 20.0 10.0
v 170.0 20.0 10.0
v 170.0 30.0 10.0
v 160.0 30.0 10.0
v 170.0 30.0 0.0
v 170.0 20.0 0.0
v 160.0 20.0 0.0
v 160.0 30.0 0.0
f 6481 6482 6483
f 6481 6483 6484
f 6485 6486 6487
f 6485 6487 6488
f 6486 6485 6483
f 6486 6483 6482
f 6487 6481 6484
f 6487 6484 6488
f 6487 6486 6482
f 6487 6482 6481
f 6488 6484 6483
f 6488 6483 6485
v 160.0 20.0 30.0
v 170.0 20.0 30.0
v 170.0 30.0 30.0
v 160.0 30.0 30.0
v 170.0 30.0 20.0
v 170.0 20.0 20.0
v 160.0 20.0 20.0
v 160.0 30.0 20.0
f 6489 6490 6491
f 6489 6491 6492
f 6493 6494 6495
f 6493 6495 6496
f 6494 6493 6491
f 6494 6491 6490
f 6495 6489 6492
f 6495 6492 6496
f 6495 6494 6490
f 6495 6490 6489
f 6496 6492 6491
f 6496 6491 6493
v 160.0 20.0 50.0
v 170.0 20.0 50.0
v 170.0 30.0 50.0
v 160.0 30.0 50.0
v 170.0 30.0 40.0
v 170.0 20.0 40.0
v 160.0 20.0 40.0
v 160.0 30.0 40.0
f 6497 6498 6499
f 6497 6499 6500
f 6501 6502 6503
f 6501 6503 6504
f 6502 6501 6499
f 6502 6499 6498
f 6503 6497 6500
f 6503 6500 6504
f 6503 6502 6498
f 6503 6498 6497
f 6504 6500 6499
f 6504 6499 6501
v 160.0 20.0 70.0
v 170.0 20.0 70.0
v 170.0 30.0 70.0
v 160.0 30.0 70.0
v 170.0 30.0 60.0
v 170.0 20.0 60.0
v 160.0 20.0 60.0
v 160.0 30.0 60.0
f 6505 6506 6507
f 6505 6507 6508
f 6509 6510 6511
f 6509 6511 6512
f 6510 6509 6507
f 6510 6507 6506
f 6511 6505 6508
f 6511 6508 6512
f 6511 6510 6506
f 6511 6506 6505
f 6512 6508 6507
f 6512 6507 6509
v 160.0 20.0 90.0
v 170.0 20.0 90.0
v 170.0 30.0 90.0
v 160.0 30.0 90.0
v 170.0 30.0 80.0
v 170.0 20.0 80.0
v 160.0 20.0 80.0
v 160.0 30.0 80.0
f 6513 6514 6515
f 6513 6515 6516
f 6517 6518 6519
f 6517 6519 6520
f 6518 6517 6515
f 6518 6515 6514
f 6519 6513 6516
f 6519 6516 6520
f 6519 6518 6514
f 6519 6514 6513
f 6520 6516 6515
f 6520 6515 6517
v 160.0 20.0 110.0
v 170.0 20.0 110.0
v 170.0 30.0 110.0
v 160.0 30.0 110.0
v 170.0 30.0 100.0
v 170.0 20.0 100.0
v 160.0 20.0 100.0
v 160.0 30.0 100.0
f 6521 6522 6523
f 6521 6523 6524
f 6525 6526 6527
f 6525 6527 6528
f 6526 6525 6523
f 6526 6523 6522
f 6527 6521 6524
f 6527 6524 6528
f 6527 6526 6522
f 6527 6522 6521
f 6528 6524 6523
f 6528 6523 6525
v 160.0 20.0 130.0
v 170.0 20.0 130.0
v 170.0 30.0 130.0
v 160.0 30.0 130.0
v 170.0 30.0 120.0
v 170.0 20.0 120.0
v 160.0 20.0 120.0
v 160.0 30.0 120.0
f 6529 6530 6531
f 6529 6531 6532
f 6533 6534 6535
f 6533 6535 6536
f 6534 6533 6531
f 6534 6531 6530
f 6535 6529 6532
f 6535 6532 6536
f 6535 6534 6530
f 6535 6530 6529
f 6536 6532 6531
f 6536 6531 6533
v 160.0 20.0 150.0
v 170.0 20.0 150.0
v 170.0 30.0 150.0
v 160.0 30.0 150.0
v 170.0 30.0 140.0
v 170.0 20.0 140.0
v 160.0 20.0 140.0
v 160.0 30.0 140.0
f 6537 6538 6539
f 6537 6539 6540
f 6541 6542 6543
f 6541 6543 6544
f 6542 6541 6539
f 6542 6539 6538
f 6543 6537 6540
f 6543 6540 6544
f 6543 6542 6538
f 6543 6538 6537
f 6544 6540 6539
f 6544 6539 6541
v 160.0 20.0 170.0
v 170.0 20.0 170.0
v 170.0 30.0 170.0
v 160.0 30.0 170.0
v 170.0 30.0 160.0
v 170.0 20.0 160.0
v 160.0 20.0 160.0
v 160.0 30.0 160.0
f 6545 6546 6547
f 6545 6547 6548
f 6549 6550 6551
f 6549 6551 6552
f 6550 6549 6547
f 6550 6547 6546
f 6551 6545 6548
f 6551 6548 6552
f 6551 6550 6546
f 6551 6546 6545
f 6552 6548 6547
f 6552 6547 6549
v 160.0 20.0 190.0
v 170.0 20.0 190.0
v 170.0 30.0 190.0
v 160.0 30.0 190.0
v 170.0 30.0 180.0
v 170.0 20.0 180.0
v 160.0 20.0 180.0
v 160.0 30.0 180.0
f 6553 6554 6555
f 6553 6555 6556
f 6557 6558 6559
f 6557 6559 6560
f 6558 6557 6555
f 6558 6555 6554
f 6559 6553 6556
f 6559 6556 6560
f 6559 6558 6554
f 6559 6554 6553
f 6560 6556 6555
f 6560 6555 6557
v 160.0 40.0 10.0
v 170.0 40.0 10.0
v 170.0 50.0 10.0
v 160.0 50.0 10.0
v 170.0 50.0 0.0
v 170.0 40.0 0.0
v 160.0 40.0 0.0
v 160.0 50.0 0.0
f 6561 6562 6563
f 6561 6563 6564
f 6565 6566 6567
f 6565 6567 6568
f 6566 6565 6563
f 6566 6563 6562
f 6567 6561 6564
f 6567 6564 6568
f 6567 6566 6562
f 6567 6562 6561
f 6568 6564 6563
f 6568 6563 6565
v 160.0 40.0 30.0
v 170.0 40.0 30.0
v 170.0 50.0 30.0
v 160.0 50.0 30.0
v 170.0 50.0 20.0
v 170.0 40.0 20.0
v 160.0 40.0 20.0
v 160.0 50.0 20.0
f 6569 6570 6571
f 6569 6571 6572
f 6573 6574 6575
f 6573 6575 6576
f 6574 6573 6571
f 6574 6571 6570
f 6575 6569 6572
f 6575 6572 6576
f 6575 6574 6570
f 6575 6570 6569
f 6576 6572 6571
f 6576 6571 6573
v 160.0 40.0 50.0
v 170.0 40.0 50.0
v 170.0 50.0 50.0
v 160.0 50.0 50.0
v 170.0 50.0 40.0
v 170.0 40.0 40.0
v 160.0 40.0 40.0
v 160.0 50.0 40.0
f 6577 6578 6579
f 6577 6579 6580
f 6581 6582 6583
f 6581 6583 6584
f 6582 6581 6579
f 6582 6579 6578
f 6583 6577 6580
f 6583 6580 6584
f 6583 6582 6578
f 6583 6578 6577
f 6584 6580 6579
f 6584 6579 6581
v 160.0 40.0 70.0
v 170.0 40.0 70.0
v 170.0 50.0 70.0
v 160.0 50.0 70.0
v 170.0 50.0 60.0
v 170.0 40.0 60.0
v 160.0 40.0 60.0
v 160.0 50.0 60.0
f 6585 6586 6587
f 6585 6587 6588
f 6589 6590 6591
f 6589 6591 6592
f 6590 6589 6587
f 6590 6587 6586
f 6591 6585 6588
f 6591 6588 6592
f 6591 6590 6586
f 6591 6586 6585
f 6592 6588 6587
f 6592 6587 6589
v 160.0 40.0 90.0
v 170.0 40.0 90.0
v 170.0 50.0 90.0
v 160.0 50.0 90.0
v 170.0 50.0 80.0
v 170.0 40.0 80.0
v 160.0 40.0 80.0
v 160.0 50.0 80.0
f 6593 6594 6595
f 6593 6595 6596
f 6597 6598 6599
f 6597 6599 6600
f 6598 6597 6595
f 6598 6595 6594
f 6599 6593 6596
f 6599 6596 6600
f 6599 6598 6594
f 6599 6594 6593
f 6600 6596 6595
f 6600 6595 6597
v 160.0 40.0 110.0
v 170.0 40.0 110.0
v 170.0 50.0 110.0
v 160.0 50.0 110.0
v 170.0 50.0 100.0
v 170.0 40.0 100.0
v 160.0 40.0 100.0
v 160.0 50.0 100.0
f 6601 6602 6603
f 6601 6603 6604
f 6605 6606 6607
f 6605 6607 6608
f 6606 6605 6603
f 6606 6603 6602
f 6607 6601 6604
f 6607 6604 6608
f 6607 6606 6602
f 6607 6602 6601
f 6608 6604 6603
f 6608 6603 6605
v 160.0 40.0 130.0
v 170.0 40.0 130.0
v 170.0 50.0 130.0
v 160.0 50.0 130.0
v 170.0 50.0 120.0
v 170.0 40.0 120.0
v 160.0 40.0 120.0
v 160.0 50.0 120.0
f 6609 6610 6611
f 6609 6611 6612
f 6613 6614 6615
f 6613 6615 6616
f 6614 6613 6611
f 6614 6611 6610
f 6615 6609 6612
f 6615 6612 6616
f 6615 6614 6610
f 6615 6610 6609
f 6616 6612 6611
f 6616 6611 6613
v 160.0 40.0 150.0
v 170.0 40.0 150.0
v 170.0 50.0 150.0
v 160.0 50.0 150.0
v 170.0 50.0 140.0
v 170.0 40.0 140.0
v 160.0 40.0 140.0
v 160.0 50.0 140.0
f 6617 6618 6619
f 6617 6619 6620
f 6621 6622 6623
f 6621 6623 6624
f 6622 6621 6619
f 6622 6619 6618
f 6623 6617 6620
f 6623 6620 6624
f 6623 6622 6618
f 6623 6618 6617
f 6624 6620 6619
f 6624 6619 6621
v 160.0 40.0 170.0
v 170.0 40.0 170.0
v 170.0 50.0 170.0
v 160.0 50.0 170.0
v 170.0 50.0 160.0
v 170.0 40.0 160.0
v 160.0 40.0 160.0
v 160.0 50.0 160.0
f 6625 6626 6627
f 6625 6627 6628
f 6629 6630 6631
f 6629 6631 6632
f 6630 6629 6627
f 6630 6627 6626
f 6631 6625 6628
f 6631 6628 6632
f 6631 6630 6626
f 6631 6626 6625
f 6632 6628 6627
f 6632 6627 6629
v 160.0 40.0 190.0
v 170.0 40.0 190.0
v 170.0 50.0 190.0
v 160.0 50.0 190.0
v 170.0 50.0 180.0
v 170.0 40.0 180.0
v 160.0 40.0 180.0
v 160.0 50.0 180.0
f 6633 6634 6635
f 6633 6635 6636
f 6637 6638 6639
f 6637 6639 6640
f 6638 6637 6635
f 6638 6635 6634
f 6639 6633 6636
f 6639 6636 6640
f 6639 6638 6634
f 6639 6634 6633
f 6640 6636 6635
f 6640 6635 6637
v 160.0 60.0 10.0
v 170.0 60.0 10.0
v 170.0 70.0 10.0
v 160.0 70.0 10.0
v 170.0 70.0 0.0
v 170.0 60.0 0.0
v 160.0 60.0 0.0
v 160.0 70.0 0.0
f 6641 6642 6643
f 6641 6643 6644
f 6645 6646 6647
f 6645 6647 6648
f 6646 6645 6643
f 6646 6643 6642
f 6647 6641 6644
f 6647 6644 6648
f 6647 6646 6642
f 6647 6642 6641
f 6648 6644 6643
f 6648 6643 6645
v 160.0 60.0 30.0
v 170.0 60.0 30.0
v 170.0 70.0 30.0
v 160.0 70.0 30.0
v 170.0 70.0 20.0
v 170.0 60.0 20.0
v 160.0 60.0 20.0
v 160.0 70.0 20.0
f 6649 6650 6651
f 6649 6651 6652
f 6653 6654 6655
f 6653 6655 6656
f 6654 6653 6651
f 6654 6651 6650
f 6655 6649 6652
f 6655 6652 6656
f 6655 6654 6650
f 6655 6650 6649
f 6656 6652 6651
f 6656 6651 6653
v 160.0 60.0 50.0
v 170.0 60.0 50.0
v 170.0 70.0 50.0
v 160.0 70.0 50.0
v 170.0 70.0 40.0
v 170.0 60.0 40.0
v 160.0 60.0 40.0
v 160.0 70.0 40.0
f 6657 6658 6659
f 6657 6659 6660
f 6661 6662 6663
f 6661 6663 6664
f 6662 6661 6659
f 6662 6659 6658
f 6663 6657 6660
f 6663 6660 6664
f 6663 6662 6658
f 6663 6658 6657
f 6664 6660 6659
f 6664 6659 6661
v 160.0 60.0 70.0
v 170.0 60.0 70.0
v 170.0 70.0 70.0
v 160.0 70.0 70.0
v 170.0 70.0 60.0
v 170.0 60.0 60.0
v 160.0 60.0 60.0
v 160.0 70.0 60.0
f 6665 6666 6667
f 6665 6667 6668
f 6669 6670 6671
f 6669 6671 6672
f 6670 6669 6667
f 6670 6667 6666
f 6671 6665 6668
f 6671 6668 6672
f 6671 6670 6666
f 6671 6666 6665
f 6672 6668 6667
f 6672 6667 6669
v 160.0 60.0 90.0
v 170.0 60.0 90.0
v 170.0 70.0 90.0
v 160.0 70.0 90.0
v 170.0 70.0 80.0
v 170.0 60.0 80.0
v 160.0 60.0 80.0
v 160.0 70.0 80.0
f 6673 6674 6675
f 6673 6675 6676
f 6677 6678 6679
f 6677 6679 6680
f 6678 6677 6675
f 6678 6675 6674
f 6679 6673 6676
f 6679 6676 6680
f 6679 6678 6674
f 6679 6674 6673
f 6680 6676 6675
f 6680 6675 6677
v 160.0 60.0 110.0
v 170.0 60.0 110.0
v 170.0 70.0 110.0
v 160.0 70.0 110.0
v 170.0 70.0 100.0
v 170.0 60.0 100.0
v 160.0 60.0 100.0
v 160.0 70.0 100.0
f 6681 6682 6683
f 6681 6683 6684
f 6685 6686 6687
f 6685 6687 6688
f 6686 6685 6683
f 6686 6683 6682
f 6687 6681 6684
f 6687 6684 6688
f 6687 6686 6682
f 6687 6682 6681
f 6688 6684 6683
f 6688 6683 6685
v 160.0 60.0 130.0
v 170.0 60.0 130.0
v 170.0 70.0 130.0
v 160.0 70.0 130.0
v 170.0 70.0 120.0
v 170.0 60.0 120.0
v 160.0 60.0 120.0
v 160.0 70.0 120.0
f 6689 6690 6691
f 6689 6691 6692
f 6693 6694 6695
f 6693 6695 6696
f 6694 6693 6691
f 6694 6691 6690
f 6695 6689 6692
f 6695 6692 6696
f 6695 6694 6690
f 6695 6690 6689
f 6696 6692 6691
f 6696 6691 6693
v 160.0 60.0 150.0
v 170.0 60.0 150.0
v 170.0 70.0 150.0
v 160.0 70.0 150.0
v 170.0 70.0 140.0
v 170.0 60.0 140.0
v 160.0 60.0 140.0
v 160.0 70.0 140.0
f 6697 6698 6699
f 6697 6699 6700
f 6701 6702 6703
f 6701 6703 6704
f 6702 6701 6699
f 6702 6699 6698
f 6703 6697 6700
f 6703 6700 6704
f 6703 6702 6698
f 6703 6698 6697
f 6704 6700 6699
f 6704 6699 6701
v 160.0 60.0 170.0
v 170.0 60.0 170.0
v 170.0 70.0 170.0
v 160.0 70.0 170.0
v 170.0 70.0 160.0
v 170.0 60.0 160.0
v 160.0 60.0 160.0
v 160.0 70.0 160.0
f 6705 6706 6707
f 6705 6707 6708
f 6709 6710 6711
f 6709 6711 6712
f 6710 6709 6707
f 6710 6707 6706
f 6711 6705 6708
f 6711 6708 6712
f 6711 6710 6706
f 6711 6706 6705
f 6712 6708 6707
f 6712 6707 6709
v 160.0 60.0 190.0
v 170.0 60.0 190.0
v 170.0 70.0 190.0
v 160.0 70.0 190.0
v 170.0 70.0 180.0
v 170.0 60.0 180.0
v 160.0 60.0 180.0
v 160.0 70.0 180.0
f 6713 6714 6715
f 6713 6715 6716
f 6717 6718 6719
f 6717 6719 6720
f 6718 6717 6715
f 6718 6715 6714
f 6719 6713 6716
f 6719 6716 6720
f 6719 6718 6714
f 6719 6714 6713
f 6720 6716 6715
f 6720 6715 6717
v 160.0 80.0 10.0
v 170.0 80.0 10.0
v 170.0 90.0 10.0
v 160.0 90.0 10.0
v 170.0 90.0 0.0
v 170.0 80.0 0.0
v 160.0 80.0 0.0
v 160.0 90.0 0.0
f 6721 6722 6723
f 6721 6723 6724
f 6725 6726 6727
f 6725 6727 6728
f 6726 6725 6723
f 6726 6723 6722
f 6727 6721 6724
f 6727 6724 6728
f 6727 6726 6722
f 6727 6722 6721
f 6728 6724 6723
f 6728 6723 6725
v 160.0 80.0 30.0
v 170.0 80.0 30.0
v 170.0 90.0 30.0
v 160.0 90.0 30.0
v 170.0 90.0 20.0
v 170.0 80.0 20.0
v 160.0 80.0 20.0
v 160.0 90.0 20.0
f 6729 6730 6731
f 6729 6731 6732
f 6733 6734 6735
f 6733 6735 6736
f 6734 6733 6731
f 6734 6731 6730
f 6735 6729 6732
f 6735 6732 6736
f 6735 6734 6730
f 6735 6730 6729
f 6736 6732 6731
f 6736 6731 6733
v 160.0 80.0 50.0
v 170.0 80.0 50.0
v 170.0 90.0 50.0
v 160.0 90.0 50.0
v 170.0 90.0 40.0
v 170.0 80.0 40.0
v 160.0 80.0 40.0
v 160.0 90.0 40.0
f 6737 6738 6739
f 6737 6739 6740
f 6741 6742 6743
f 6741 6743 6744
f 6742 6741 6739
f 6742 6739 6738
f 6743 6737 6740
f 6743 6740 6744
f 6743 6742 6738
f 6743 6738 6737
f 6744 6740 6739
f 6744 6739 6741
v 160.0 80.0 70.0
v 170.0 80.0 70.0
v 170.0 90.0 70.0
v 160.0 90.0 70.0
v 170.0 90.0 60.0
v 170.0 80.0 60.0
v 160.0 80.0 60.0
v 160.0 90.0 60.0
f 6745 6746 6747
f 6745 6747 6748
f 6749 6750 6751
f 6749 6751 6752
f 6750 6749 6747
f 6750 6747 6746
f 6751 6745 6748
f 6751 6748 6752
f 6751 6750 6746
f 6751 6746 6745
f 6752 6748 6747
f 6752 6747 6749
v 160.0 80.0 90.0
v 170.0 80.0 90.0
v 170.0 90.0 90.0
v 160.0 90.0 90.0
v 170.0 90.0 80.0
v 170.0 80.0 80.0
v 160.0 80.0 80.0
v 160.0 90.0 80.0
f 6753 6754 6755
f 6753 6755 6756
f 6757 6758 6759
f 6757 6759 6760
f 6758 6757 6755
f 6758 6755 6754
f 6759 6753 6756
f 6759 6756 6760
f 6759 6758 6754
f 6759 6754 6753
f 6760 6756 6755
f 6760 6755 6757
v 160.0 80.0 110.0
v 170.0 80.0 110.0
v 170.0 90.0 110.0
v 160.0 90.0 110.0
v 170.0 90.0 100.0
v 170.0 80.0 100.0
v 160.0 80.0 100.0
v 160.0 90.0 100.0
f 6761 6762 6763
f 6761 6763 6764
f 6765 6766 6767
f 6765 6767 6768
f 6766 6765 6763
f 6766 6763 6762
f 6767 6761 6764
f 6767 6764 6768
f 6767 6766 6762
f 6767 6762 6761
f 6768 6764 6763
f 6768 6763 6765
v 160.0 80.0 130.0
v 170.0 80.0 130.0
v 170.0 90.0 130.0
v 160.0 90.0 130.0
v 170.0 90.0 120.0
v 170.0 80.0 120.0
v 160.0 80.0 120.0
v 160.0 90.0 120.0
f 6769 6770 6771
f 6769 6771 6772
f 6773 6774 6775
f 6773 6775 6776
f 6774 6773 6771
f 6774 6771 6770
f 6775 6769 6772
f 6775 6772 6776
f 6775 6774 6770
f 6775 6770 6769
f 6776 6772 6771
f 6776 6771 6773
v 160.0 80.0 150.0
v 170.0 80.0 150.0
v 170.0 90.0 150.0
v 160.0 90.0 150.0
v 170.0 90.0 140.0
v 170.0 80.0 140.0
v 160.0 80.0 140.0
v 160.0 90.0 140.0
f 6777 6778 6779
f 6777 6779 6780
f 6781 6782 6783
f 6781 6783 6784
f 6782 6781 6779
f 6782 6779 6778
f 6783 6777 6780
f 6783 6780 6784
f 6783 6782 6778
f 6783 6778 6777
f 6784 6780 6779
f 6784 6779 6781
v 160.0 80.0 170.0
v 170.0 80.0 170.0
v 170.0 90.0 170.0
v 160.0 90.0 170.0
v 170.0 90.0 160.0
v 170.0 80.0 160.0
v 160.0 80.0 160.0
v 160.0 90.0 160.0
f 6785 6786 6787
f 6785 6787 6788
f 6789 6790 6791
f 6789 6791 6792
f 6790 6789 6787
f 6790 6787 6786
f 6791 6785 6788
f 6791 6788 6792
f 6791 6790 6786
f 6791 6786 6785
f 6792 6788 6787
f 6792 6787 6789
v 160.0 80.0 190.0
v 170.0 80.0 190.0
v 170.0 90.0 190.0
v 160.0 90.0 190.0
v 170.0 90.0 180.0
v 170.0 80.0 180.0
v 160.0 80.0 180.0
v 160.0 90.0 180.0
f 6793 6794 6795
f 6793 6795 6796
f 6797 6798 6799
f 6797 6799 6800
f 6798 6797 6795
f 6798 6795 6794
f 6799 6793 6796
f 6799 6796 6800
f 6799 6798 6794
f 6799 6794 6793
f 6800 6796 6795
f 6800 6795 6797
v 160.0 100.0 10.0
v 170.0 100.0 10.0
v 170.0 110.0 10.0
v 160.0 110.0 10.0
v 170.0 110.0 0.0
v 170.0 100.0 0.0
v 160.0 100.0 0.0
v 160.0 110.0 0.0
f 6801 6802 6803
f 6801 6803 6804
f 6805 6806 6807
f 6805 6807 6808
f 6806 6805 6803
f 6806 6803 6802
f 6807 6801 6804
f 6807 6804 6808
f 6807 6806 6802
f 6807 6802 6801
f 6808 6804 6803
f 6808 6803 6805
v 160.0 100.0 30.0
v 170.0 100.0 30.0
v 170.0 110.0 30.0
v 160.0 110.0 30.0
v 170.0 110.0 20.0
v 170.0 100.0 20.0
v 160.0 100.0 20.0
v 160.0 110.0 20.0
f 6809 6810 6811
f 6809 6811 6812
f 6813 6814 6815
f 6813 6815 6816
f 6814 6813 6811
f 6814 6811 6810
f 6815 6809 6812
f 6815 6812 6816
f 6815 6814 6810
f 6815 6810 6809
f 6816 6812 6811
f 6816 6811 6813
v 160.0 100.0 50.0
v 170.0 100.0 50.0
v 170.0 110.0 50.0
v 160.0 110.0 50.0
v 170.0 110.0 40.0
v 170.0 100.0 40.0
v 160.0 100.0 40.0
v 160.0 110.0 40.0
f 6817 6818 6819
f 6817 6819 6820
f 6821 6822 6823
f 6821 6823 6824
f 6822 6821 6819
f 6822 6819 6818
f 6823 6817 6820
f 6823 6820 6824
f 6823 6822 6818
f 6823 6818 6817
f 6824 6820 6819
f 6824 6819 6821
v 160.0 100.0 70.0
v 170.0 100.0 70.0
v 170.0 110.0 70.0
v 160.0 110.0 70.0
v 170.0 110.0 60.0
v 170.0 100.0 60.0
v 160.0 100.0 60.0
v 160.0 110.0 60.0
f 6825 6826 6827
f 6825 6827 6828
f 6829 6830 6831
f 6829 6831 6832
f 6830 6829 6827
f 6830 6827 6826
f 6831 6825 6828
f 6831 6828 6832
f 6831 6830 6826
f 6831 6826 6825
f 6832 6828 6827
f 6832 6827 6829
v 160.0 100.0 90.0
v 170.0 100.0 90.0
v 170.0 110.0 90.0
v 160.0 110.0 90.0
v 170.0 110.0 80.0
v 170.0 100.0 80.0
v 160.0 100.0 80.0
v 160.0 110.0 80.0
f 6833 6834 6835
f 6833 6835 6836
f 6837 6838 6839
f 6837 6839 6840
f 6838 6837 6835
f 6838 6835 6834
f 6839 6833 6836
f 6839 6836 6840
f 6839 6838 6834
f 6839 6834 6833
f 6840 6836 6835
f 6840 6835 6837
v 160.0 100.0 110.0
v 170.0 100.0 110.0
v 170.0 110.0 110.0
v 160.0 110.0 110.0
v 170.0 110.0 100.0
v 170.0 100.0 100.0
v 160.0 100.0 100.0
v 160.0 110.0 100.0
f 6841 6842 6843
f 6841 6843 6844
f 6845 6846 6847
f 6845 6847 6848
f 6846 6845 6843
f 6846 6843 6842
f 6847 6841 6844
f 6847 6844 6848
f 6847 6846 6842
f 6847 6842 6841
f 6848 6844 6843
f 6848 6843 6845
v 160.0 100.0 130.0
v 170.0 100.0 130.0
v 170.0 110.0 130.0
v 160.0 110.0 130.0
v 170.0 110.0 120.0
v 170.0 100.0 120.0
v 160.0 100.0 120.0
v 160.0 110.0 120.0
f 6849 6850 6851
f 6849 6851 6852
f 6853 6854 6855
f 6853 6855 6856
f 6854 6853 6851
f 6854 6851 6850
f 6855 6849 6852
f 6855 6852 6856
f 6855 6854 6850
f 6855 6850 6849
f 6856 6852 6851
f 6856 6851 6853
v 160.0 100.0 150.0
v 170.0 100.0 150.0
v 170.0 110.0 150.0
v 160.0 110.0 150.0
v 170.0 110.0 140.0
v 170.0 100.0 140.0
v 160.0 100.0 140.0
v 160.0 110.0 140.0
f 6857 6858 6859
f 6857 6859 6860
f 6861 6862 6863
f 6861 6863 6864
f 6862 6861 6859
f 6862 6859 6858
f 6863 6857 6860
f 6863 6860 6864
f 6863 6862 6858
f 6863 6858 6857
f 6864 6860 6859
f 6864 6859 6861
v 160.0 100.0 170.0
v 170.0 100.0 170.0
v 170.0 110.0 170.0
v 160.0 110.0 170.0
v 170.0 110.0 160.0
v 170.0 100.0 160.0
v 160.0 100.0 160.0
v 160.0 110.0 160.0
f 6865 6866 6867
f 6865 6867 6868
f 6869 6870 6871
f 6869 6871 6872
f 6870 6869 6867
f 6870 6867 6866
f 6871 6865 6868
f 6871 6868 6872
f 6871 6870 6866
f 6871 6866 6865
f 6872 6868 6867
f 6872 6867 6869
v 160.0 100.0 190.0
v 170.0 100.0 190.0
v 170.0 110.0 190.0
v 160.0 110.0 190.0
v 170.0 110.0 180.0
v 170.0 100.0 180.0
v 160.0 100.0 180.0
v 160.0 110.0 180.0
f 6873 6874 6875
f 6873 6875 6876
f 6877 6878 6879
f 6877 6879 6880
f 6878 6877 6875
f 6878 6875 6874
f 6879 6873 6876
f 6879 6876 6880
f 6879 6878 6874
f 6879 6874 6873
f 6880 6876 6875
f 6880 6875 6877
v 160.0 120.0 10.0
v 170.0 120.0 10.0
v 170.0 130.0 10.0
v 160.0 130.0 10.0
v 170.0 130.0 0.0
v 170.0 120.0 0.0
v 160.0 120.0 0.0
v 160.0 130.0 0.0
f 6881 6882 6883
f 6881 6883 6884
f 6885 6886 6887
f 6885 6887 6888
f 6886 6885 6883
f 6886 6883 6882
f 6887 6881 6884
f 6887 6884 6888
f 6887 6886 6882
f 6887 6882 6881
f 6888 6884 6883
f 6888 6883 6885
v 160.0 120.0 30.0
v 170.0 120.0 30.0
v 170.0 130.0 30.0
v 160.0 130.0 30.0
v 170.0 130.0 20.0
v 170.0 120.0 20.0
v 160.0 120.0 20.0
v 160.0 130.0 20.0
f 6889 6890 6891
f 6889 6891 6892
f 6893 6894 6895
f 6893 6895 6896
f 6894 6893 6891
f 6894 6891 6890
f 6895 6889 6892
f 6895 6892 6896
f 6895 6894 6890
f 6895 6890 6889
f 6896 6892 6891
f 6896 6891 6893
v 160.0 120.0 50.0
v 170.0 120.0 50.0
v 170.0 130.0 50.0
v 160.0 130.0 50.0
v 170.0 130.0 40.0
v 170.0 120.0 40.0
v 160.0 120.0 40.0
v 160.0 130.0 40.0
f 6897 6898 6899
f 6897 6899 6900
f 6901 6902 6903
f 6901 6903 6904
f 6902 6901 6899
f 6902 6899 6898
f 6903 6897 6900
f 6903 6900 6904
f 6903 6902 6898
f 6903 6898 6897
f 6904 6900 6899
f 6904 6899 6901
v 160.0 120.0 70.0
v 170.0 120.0 70.0
v 170.0 130.0 70.0
v 160.0 130.0 70.0
v 170.0 130.0 60.0
v 170.0 120.0 60.0
v 160.0 120.0 60.0
v 160.0 130.0 60.0
f 6905 6906 6907
f 6905 6907 6908
f 6909 6910 6911
f 6909 6911 6912
f 6910 6909 6907
f 6910 6907 6906
f 6911 6905 6908
f 6911 6908 6912
f 6911 6910 6906
f 6911 6906 6905
f 6912 6908 6907
f 6912 6907 6909
v 160.0 120.0 90.0
v 170.0 120.0 90.0
v 170.0 130.0 90.0
v 160.0 130.0 90.0
v 170.0 130.0 80.0
v 170.0 120.0 80.0
v 160.0 120.0 80.0
v 160.0 130.0 80.0
f 6913 6914 6915
f 6913 6915 6916
f 6917 6918 6919
f 6917 6919 6920
f 6918 6917 6915
f 6918 6915 6914
f 6919 6913 6916
f 6919 6916 6920
f 6919 6918 6914
f 6919 6914 6913
f 6920 6916 6915
f 6920 6915 6917
v 160.0 120.0 110.0
v 170.0 120.0 110.0
v 170.0 130.0 110.0
v 160.0 130.0 110.0
v 170.0 130.0 100.0
v 170.0 120.0 100.0
v 160.0 120.0 100.0
v 160.0 130.0 100.0
f 6921 6922 6923
f 6921 6923 6924
f 6925 6926 6927
f 6925 6927 6928
f 6926 6925 6923
f 6926 6923 6922
f 6927 6921 6924
f 6927 6924 6928
f 6927 6926 6922
f 6927 6922 6921
f 6928 6924 6923
f 6928 6923 6925
v 160.0 120.0 130.0
v 170.0 120.0 130.0
v 170.0 130.0 130.0
v 160.0 130.0 130.0
v 170.0 130.0 120.0
v 170.0 120.0 120.0
v 160.0 120.0 120.0
v 160.0 130.0 120.0
f 6929 6930 6931
f 6929 6931 6932
f 6933 6934 6935
f 6933 6935 6936
f 6934 6933 6931
f 6934 6931 6930
f 6935 6929 6932
f 6935 6932 6936
f 6935 6934 6930
f 6935 6930 6929
f 6936 6932 6931
f 6936 6931 6933
v 160.0 120.0 150.0
v 170.0 120.0 150.0
v 170.0 130.0 150.0
v 160.0 130.0 150.0
v 170.0 130.0 140.0
v 170.0 120.0 140.0
v 160.0 120.0 140.0
v 160.0 130.0 140.0
f 6937 6938 6939
f 6937 6939 6940
f 6941 6942 6943
f 6941 6943 6944
f 6942 6941 6939
f 6942 6939 6938
f 6943 6937 6940
f 6943 6940 6944
f 6943 6942 6938
f 6943 6938 6937
f 6944 6940 6939
f 6944 6939 6941
v 160.0 120.0 170.0
v 170.0 120.0 170.0
v 170.0 130.0 170.0
v 160.0 130.0 170.0
v 170.0 130.0 160.0
v 170.0 120.0 160.0
v 160.0 120.0 160.0
v 160.0 130.0 160.0
f 6945 6946 6947
f 6945 6947 6948
f 6949 6950 6951
f 6949 6951 6952
f 6950 6949 6947
f 6950 6947 6946
f 6951 6945 6948
f 6951 6948 6952
f 6951 6950 6946
f 6951 6946 6945
f 6952 6948 6947
f 6952 6947 6949
v 160.0 120.0 190.0
v 170.0 120.0 190.0
v 170.0 130.0 190.0
v 160.0 130.0 190.0
v 170.0 130.0 180.0
v 170.0 120.0 180.0
v 160.0 120.0 180.0
v 160.0 130.0 180.0
f 6953 6954 6955
f 6953 6955 6956
f 6957 6958 6959
f 6957 6959 6960
f 6958 6957 6955
f 6958 6955 6954
f 6959 6953 6956
f 6959 6956 6960
f 6959 6958 6954
f 6959 6954 6953
f 6960 6956 6955
f 6960 6955 6957
v 160.0 140.0 10.0
v 170.0 140.0 10.0
v 170.0 150.0 10.0
v 160.0 150.0 10.0
v 170.0 150.0 0.0
v 170.0 140.0 0.0
v 160.0 140.0 0.0
v 160.0 150.0 0.0
f 6961 6962 6963
f 6961 6963 6964
f 6965 6966 6967
f 6965 6967 6968
f 6966 6965 6963
f 6966 6963 6962
f 6967 6961 6964
f 6967 6964 6968
f 6967 6966 6962
f 6967 6962 6961
f 6968 6964 6963
f 6968 6963 6965
v 160.0 140.0 30.0
v 170.0 140.0 30.0
v 170.0 150.0 30.0
v 160.0 150.0 30.0
v 170.0 150.0 20.0
v 170.0 140.0 20.0
v 160.0 140.0 20.0
v 160.0 150.0 20.0
f 6969 6970 6971
f 6969 6971 6972
f 6973 6974 6975
f 6973 6975 6976
f 6974 6973 6971
f 6974 6971 6970
f 6975 6969 6972
f 6975 6972 6976
f 6975 6974 6970
f 6975 6970 6969
f 6976 6972 6971
f 6976 6971 6973
v 160.0 140.0 50.0
v 170.0 140.0 50.0
v 170.0 150.0 50.0
v 160.0 150.0 50.0
v 170.0 150.0 40.0
v 170.0 140.0 40.0
v 160.0 140.0 40.0
v 160.0 150.0 40.0
f 6977 6978 6979
f 6977 6979 6980
f 6981 6982 6983
f 6981 6983 6984
f 6982 6981 6979
f 6982 6979 6978
f 6983 6977 6980
f 6983 6980 6984
f 6983 6982 6978
f 6983 6978 6977
f 6984 6980 6979
f 6984 6979 6981
v 160.0 140.0 70.0
v 170.0 140.0 70.0
v 170.0 150.0 70.0
v 160.0 150.0 70.0
v 170.0 150.0 60.0
v 170.0 140.0 60.0
v 160.0 140.0 60.0
v 160.0 150.0 60.0
f 6985 6986 6987
f 6985 6987 6988
f 6989 6990 6991
f 6989 6991 6992
f 6990 6989 6987
f 6990 6987 6986
f 6991 6985 6988
f 6991 6988 6992
f 6991 6990 6986
f 6991 6986 6985
f 6992 6988 6987
f 6992 6987 6989
v 160.0 140.0 90.0
v 170.0 140.0 90.0
v 170.0 150.0 90.0
v 160.0 150.0 90.0
v 170.0 150.0 80.0
v 170.0 140.0 80.0
v 160.0 140.0 80.0
v 160.0 150.0 80.0
f 6993 6994 6995
f 6993 6995 6996
f 6997 6998 6999
f 6997 6999 7000
f 6998 6997 6995
f 6998 6995 6994
f 6999 6993 6996
f 6999 6996 7000
f 6999 6998 6994
f 6999 6994 6993
f 7000 6996 6995
f 7000 6995 6997
v 160.0 140.0 110.0
v 170.0 140.0 110.0
v 170.0 150.0 110.0
v 160.0 150.0 110.0
v 170.0 150.0 100.0
v 170.0 140.0 100.0
v 160.0 140.0 100.0
v 160.0 150.0 100.0
f 7001 7002 7003
f 7001 7003 7004
f 7005 7006 7007
f 7005 7007 7008
f 7006 7005 7003
f 7006 7003 7002
f 7007 7001 7004
f 7007 7004 7008
f 7007 7006 7002
f 7007 7002 7001
f 7008 7004 7003
f 7008 7003 7005
v 160.0 140.0 130.0
v 170.0 140.0 130.0
v 170.0 150.0 130.0
v 160.0 150.0 130.0
v 170.0 150.0 120.0
v 170.0 140.0 120.0
v 160.0 140.0 120.0
v 160.0 150.0 120.0
f 7009 7010 7011
f 7009 7011 7012
f 7013 7014 7015
f 7013 7015 7016
f 7014 7013 7011
f 7014 7011 7010
f 7015 7009 7012
f 7015 7012 7016
f 7015 7014 7010
f 7015 7010 7009
f 7016 7012 7011
f 7016 7011 7013
v 160.0 140.0 150.0
v 170.0 140.0 150.0
v 170.0 150.0 150.0
v 160.0 150.0 150.0
v 170.0 150.0 140.0
v 170.0 140.0 140.0
v 160.0 140.0 140.0
v 160.0 150.0 140.0
f 7017 7018 7019
f 7017 7019 7020
f 7021 7022 7023
f 7021 7023 7024
f 7022 7021 7019
f 7022 7019 7018
f 7023 7017 7020
f 7023 7020 7024
f 7023 7022 7018
f 7023 7018 7017
f 7024 7020 7019
f 7024 7019 7021
v 160.0 140.0 170.0
v 170.0 140.0 170.0
v 170.0 150.0 170.0
v 160.0 150.0 170.0
v 170.0 150.0 160.0
v 170.0 140.0 160.0
v 160.0 140.0 160.0
v 160.0 150.0 160.0
f 7025 7026 7027
f 7025 7027 7028
f 7029 7030 7031
f 7029 7031 7032
f 7030 7029 7027
f 7030 7027 7026
f 7031 7025 7028
f 7031 7028 7032
f 7031 7030 7026
f 7031 7026 7025
f 7032 7028 7027
f 7032 7027 7029
v 160.0 140.0 190.0
v 170.0 140.0 190.0
v 170.0 150.0 190.0
v 160.0 150.0 190.0
v 170.0 150.0 180.0
v 170.0 140.0 180.0
v 160.0 140.0 180.0
v 160.0 150.0 180.0
f 7033 7034 7035
f 7033 7035 7036
f 7037 7038 7039
f 7037 7039 7040
f 7038 7037 7035
f 7038 7035 7034
f 7039 7033 7036
f 7039 7036 7040
f 7039 7038 7034
f 7039 7034 7033
f 7040 7036 7035
f 7040 7035 7037
v 160.0 160.0 10.0
v 170.0 160.0 10.0
v 170.0 170.0 10.0
v 160.0 170.0 10.0
v 170.0 170.0 0.0
v 170.0 160.0 0.0
v 160.0 160.0 0.0
v 160.0 170.0 0.0
f 7041 7042 7043
f 7041 7043 7044
f 7045 7046 7047
f 7045 7047 7048
f 7046 7045 7043
f 7046 7043 7042
f 7047 7041 7044
f 7047 7044 7048
f 7047 7046 7042
f 7047 7042 7041
f 7048 7044 7043
f 7048 7043 7045
v 160.0 160.0 30.0
v 170.0 160.0 30.0
v 170.0 170.0 30.0
v 160.0 170.0 30.0
v 170.0 170.0 20.0
v 170.0 160.0 20.0
v 160.0 160.0 20.0
v 160.0 170.0 20.0
f 7049 7050 7051
f 7049 7051 7052
f 7053 7054 7055
f 7053 7055 7056
f 7054 7053 7051
f 7054 7051 7050
f 7055 7049 7052
f 7055 7052 7056
f 7055 7054 7050
f 7055 7050 7049
f 7056 7052 7051
f 7056 7051 7053
v 160.0 160.0 50.0
v 170.0 160.0 50.0
v 170.0 170.0 50.0
v 160.0 170.0 50.0
v 170.0 170.0 40.0
v 170.0 160.0 40.0
v 160.0 160.0 40.0
v 160.0 170.0 40.0
f 7057 7058 7059
f 7057 7059 7060
f 7061 7062 7063
f 7061 7063 7064
f 7062 7061 7059
f 7062 7059 7058
f 7063 7057 7060
f 7063 7060 7064
f 7063 7062 7058
f 7063 7058 7057
f 7064 7060 7059
f 7064 7059 7061
v 160.0 160.0 70.0
v 170.0 160.0 70.0
v 170.0 170.0 70.0
v 160.0 170.0 70.0
v 170.0 170.0 60.0
v 170.0 160.0 60.0
v 160.0 160.0 60.0
v 160.0 170.0 60.0
f 7065 7066 7067
f 7065 7067 7068
f 7069 7070 7071
f 7069 7071 7072
f 7070 7069 7067
f 7070 7067 7066
f 7071 7065 7068
f 7071 7068 7072
f 7071 7070 7066
f 7071 7066 7065
f 7072 7068 7067
f 7072 7067 7069
v 160.0 160.0 90.0
v 170.0 160.0 90.0
v 170.0 170.0 90.0
v 160.0 170.0 90.0
v 170.0 170.0 80.0
v 170.0 160.0 80.0
v 160.0 160.0 80.0
v 160.0 170.0 80.0
f 7073 7074 7075
f 7073 7075 7076
f 7077 7078 7079
f 7077 7079 7080
f 7078 7077 7075
f 7078 7075 7074
f 7079 7073 7076
f 7079 7076 7080
f 7079 7078 7074
f 7079 7074 7073
f 7080 7076 7075
f 7080 7075 7077
v 160.0 160.0 110.0
v 170.0 160.0 110.0
v 170.0 170.0 110.0
v 160.0 170.0 110.0
v 170.0 170.0 100.0
v 170.0 160.0 100.0
v 160.0 160.0 100.0
v 160.0 170.0 100.0
f 7081 7082 7083
f 7081 7083 7084
f 7085 7086 7087
f 7085 7087 7088
f 7086 7085 7083
f 7086 7083 7082
f 7087 7081 7084
f 7087 7084 7088
f 7087 7086 7082
f 7087 7082 7081
f 7088 7084 7083
f 7088 7083 7085
v 160.0 160.0 130.0
v 170.0 160.0 130.0
v 170.0 170.0 130.0
v 160.0 170.0 130.0
v 170.0 170.0 120.0
v 170.0 160.0 120.0
v 160.0 160.0 120.0
v 160.0 170.0 120.0
f 7089 7090 7091
f 7089 7091 7092
f 7093 7094 7095
f 7093 7095 7096
f 7094 7093 7091
f 7094 7091 7090
f 7095 7089 7092
f 7095 7092 7096
f 7095 7094 7090
f 7095 7090 7089
f 7096 7092 7091
f 7096 7091 7093
v 160.0 160.0 150.0
v 170.0 160.0 150.0
v 170.0 170.0 150.0
v 160.0 170.0 150.0
v 170.0 170.0 140.0
v 170.0 160.0 140.0
v 160.0 160.0 140.0
v 160.0 170.0 140.0
f 7097 7098 7099
f 7097 7099 7100
f 7101 7102 7103
f 7101 7103 7104
f 7102 7101 7099
f 7102 7099 7098
f 7103 7097 7100
f 7103 7100 7104
f 7103 7102 7098
f 7103 7098 7097
f 7104 7100 7099
f 7104 7099 7101
v 160.0 160.0 170.0
v 170.0 160.0 170.0
v 170.0 170.0 170.0
v 160.0 170.0 170.0
v 170.0 170.0 160.0
v 170.0 160.0 160.0
v 160.0 160.0 160.0
v 160.0 170.0 160.0
f 7105 7106 7107
f 7105 7107 7108
f 7109 7110 7111
f 7109 7111 7112
f 7110 7109 7107
f 7110 7107 7106
f 7111 7105 7108
f 7111 7108 7112
f 7111 7110 7106
f 7111 7106 7105
f 7112 7108 7107
f 7112 7107 7109
v 160.0 160.0 190.0
v 170.0 160.0 190.0
v 170.0 170.0 190.0
v 160.0 170.0 190.0
v 170.0 170.0 180.0
v 170.0 160.0 180.0
v 160.0 160.0 180.0
v 160.0 170.0 180.0
f 7113 7114 7115
f 7113 7115 7116
f 7117 7118 7119
f 7117 7119 7120
f 7118 7117 7115
f 7118 7115 7114
f 7119 7113 7116
f 7119 7116 7120
f 7119 7118 7114
f 7119 7114 7113
f 7120 7116 7115
f 7120 7115 7117
v 160.0 180.0 10.0
v 170.0 180.0 10.0
v 170.0 190.0 10.0
v 160.0 190.0 10.0
v 170.0 190.0 0.0
v 170.0 180.0 0.0
v 160.0 180.0 0.0
v 160.0 190.0 0.0
f 7121 7122 7123
f 7121 7123 7124
f 7125 7126 7127
f 7125 7127 7128
f 7126 7125 7123
f 7126 7123 7122
f 7127 7121 7124
f 7127 7124 7128
f 7127 7126 7122
f 7127 7122 7121
f 7128 7124 7123
f 7128 7123 7125
v 160.0 180.0 30.0
v 170.0 180.0 30.0
v 170.0 190.0 30.0
v 160.0 190.0 30.0
v 170.0 190.0 20.0
v 170.0 180.0 20.0
v 160.0 180.0 20.0
v 160.0 190.0 20.0
f 7129 7130 7131
f 7129 7131 7132
f 7133 7134 7135
f 7133 7135 7136
f 7134 7133 7131
f 7134 7131 7130
f 7135 7129 7132
f 7135 7132 7136
f 7135 7134 7130
f 7135 7130 7129
f 7136 7132 7131
f 7136 7131 7133
v 160.0 180.0 50.0
v 170.0 180.0 50.0
v 170.0 190.0 50.0
v 160.0 190.0 50.0
v 170.0 190.0 40.0
v 170.0 180.0 40.0
v 160.0 180.0 40.0
v 160.0 190.0 40.0
f 7137 7138 7139
f 7137 7139 7140
f 7141 7142 7143
f 7141 7143 7144
f 7142 7141 7139
f 7142 7139 7138
f 7143 7137 7140
f 7143 7140 7144
f 7143 7142 7138
f 7143 7138 7137
f 7144 7140 7139
f 7144 7139 7141
v 160.0 180.0 70.0
v 170.0 180.0 70.0
v 170.0 190.0 70.0
v 160.0 190.0 70.0
v 170.0 190.0 60.0
v 170.0 180.0 60.0
v 160.0 180.0 60.0
v 160.0 190.0 60.0
f 7145 7146 7147
f 7145 7147 7148
f 7149 7150 7151
f 7149 7151 7152
f 7150 7149 7147
f 7150 7147 7146
f 7151 7145 7148
f 7151 7148 7152
f 7151 7150 7146
f 7151 7146 7145
f 7152 7148 7147
f 7152 7147 7149
v 160.0 180.0 90.0
v 170.0 180.0 90.0
v 170.0 190.0 90.0
v 160.0 190.0 90.0
v 170.0 190.0 80.0
v 170.0 180.0 80.0
v 160.0 180.0 80.0
v 160.0 190.0 80.0
f 7153 7154 7155
f 7153 7155 7156
f 7157 7158 7159
f 7157 7159 7160
f 7158 7157 7155
f 7158 7155 7154
f 7159 7153 7156
f 7159 7156 7160
f 7159 7158 7154
f 7159 7154 7153
f 7160 7156 7155
f 7160 7155 7157
v 160.0 180.0 110.0
v 170.0 180.0 110.0
v 170.0 190.0 110.0
v 160.0 190.0 110.0
v 170.0 190.0 100.0
v 170.0 180.0 100.0
v 160.0 180.0 100.0
v 160.0 190.0 100.0
f 7161 7162 7163
f 7161 7163 7164
f 7165 7166 7167
f 7165 7167 7168
f 7166 7165 7163
f 7166 7163 7162
f 7167 7161 7164
f 7167 7164 7168
f 7167 7166 7162
f 7167 7162 7161
f 7168 7164 7163
f 7168 7163 7165
v 160.0 180.0 130.0
v 170.0 180.0 130.0
v 170.0 190.0 130.0
v 160.0 190.0 130.0
v 170.0 190.0 120.0
v 170.0 180.0 120.0
v 160.0 180.0 120.0
v 160.0 190.0 120.0
f 7169 7170 7171
f 7169 7171 7172
f 7173 7174 7175
f 7173 7175 7176
f 7174 7173 7171
f 7174 7171 7170
f 7175 7169 7172
f 7175 7172 7176
f 7175 7174 7170
f 7175 7170 7169
f 7176 7172 7171
f 7176 7171 7173
v 160.0 180.0 150.0
v 170.0 180.0 150.0
v 170.0 190.0 150.0
v 160.0 190.0 150.0
v 170.0 190.0 140.0
v 170.0 180.0 140.0
v 160.0 180.0 140.0
v 160.0 190.0 140.0
f 7177 7178 7179
f 7177 7179 7180
f 7181 7182 7183
f 7181 7183 7184
f 7182 7181 7179
f 7182 7179 7178
f 7183 7177 7180
f 7183 7180 7184
f 7183 7182 7178
f 7183 7178 7177
f 7184 7180 7179
f 7184 7179 7181
v 160.0 180.0 170.0
v 170.0 180.0 170.0
v 170.0 190.0 170.0
v 160.0 190.0 170.0
v 170.0 190.0 160.0
v 170.0 180.0 160.0
v 160.0 180.0 160.0
v 160.0 190.0 160.0
f 7185 7186 7187
f 7185 7187 7188
f 7189 7190 7191
f 7189 7191 7192
f 7190 7189 7187
f 7190 7187 7186
f 7191 7185 7188
f 7191 7188 7192
f 7191 7190 7186
f 7191 7186 7185
f 7192 7188 7187
f 7192 7187 7189
v 160.0 180.0 190.0
v 170.0 180.0 190.0
v 170.0 190.0 190.0
v 160.0 190.0 190.0
v 170.0 190.0 180.0
v 170.0 180.0 180.0
v 160.0 180.0 180.0
v 160.0 190.0 180.0
f 7193 7194 7195
f 7193 7195 7196
f 7197 7198 7199
f 7197 7199 7200
f 7198 7197 7195
f 7198 7195 7194
f 7199 7193 7196
f 7199 7196 7200
f 7199 7198 7194
f 7199 7194 7193
f 7200 7196 7195
f 7200 7195 7197
v 180.0 0.0 10.0
v 190.0 0.0 10.0
v 190.0 10.0 10.0
v 180.0 10.0 10.0
v 190.0 10.0 0.0
v 190.0 0.0 0.0
v 180.0 0.0 0.0
v 180.0 10.0 0.0
f 7201 7202 7203
f 7201 7203 7204
f 7205 7206 7207
f 7205 7207 7208
f 7206 7205 7203
f 7206 7203 7202
f 7207 7201 7204
f 7207 7204 7208
f 7207 7206 7202
f 7207 7202 7201
f 7208 7204 7203
f 7208 7203 7205
v 180.0 0.0 30.0
v 190.0 0.0 30.0
v 190.0 10.0 30.0
v 180.0 10.0 30.0
v 190.0 10.0 20.0
v 190.0 0.0 20.0
v 180.0 0.0 20.0
v 180.0 10.0 20.0
f 7209 7210 7211
f 7209 7211 7212
f 7213 7214 7215
f 7213 7215 7216
f 7214 7213 7211
f 7214 7211 7210
f 7215 7209 7212
f 7215 7212 7216
f 7215 7214 7210
f 7215 7210 7209
f 7216 7212 7211
f 7216 7211 7213
v 180.0 0.0 50.0
v 190.0 0.0 50.0
v 190.0 10.0 50.0
v 180.0 10.0 50.0
v 190.0 10.0 40.0
v 190.0 0.0 40.0
v 180.0 0.0 40.0
v 180.0 10.0 40.0
f 7217 7218 7219
f 7217 7219 7220
f 7221 7222 7223
f 7221 7223 7224
f 7222 7221 7219
f 7222 7219 7218
f 7223 7217 7220
f 7223 7220 7224
f 7223 7222 7218
f 7223 7218 7217
f 7224 7220 7219
f 7224 7219 7221
v 180.0 0.0 70.0
v 190.0 0.0 70.0
v 190.0 10.0 70.0
v 180.0 10.0 70.0
v 190.0 10.0 60.0
v 190.0 0.0 60.0
v 180.0 0.0 60.0
v 180.0 10.0 60.0
f 7225 7226 7227
f 7225 7227 7228
f 7229 7230 7231
f 7229 7231 7232
f 7230 7229 7227
f 7230 7227 7226
f 7231 7225 7228
f 7231 7228 7232
f 7231 7230 7226
f 7231 7226 7225
f 7232 7228 7227
f 7232 7227 7229
v 180.0 0.0 90.0
v 190.0 0.0 90.0
v 190.0 10.0 90.0
v 180.0 10.0 90.0
v 190.0 10.0 80.0
v 190.0 0.0 80.0
v 180.0 0.0 80.0
v 180.0 10.0 80.0
f 7233 7234 7235
f 7233 7235 7236
f 7237 7238 7239
f 7237 7239 7240
f 7238 7237 7235
f 7238 7235 7234
f 7239 7233 7236
f 7239 7236 7240
f 7239 7238 7234
f 7239 7234 7233
f 7240 7236 7235
f 7240 7235 7237
v 180.0 0.0 110.0
v 190.0 0.0 110.0
v 190.0 10.0 110.0
v 180.0 10.0 110.0
v 190.0 10.0 100.0
v 190.0 0.0 100.0
v 180.0 0.0 100.0
v 180.0 10.0 100.0
f 7241 7242 7243
f 7241 7243 7244
f 7245 7246 7247
f 7245 7247 7248
f 7246 7245 7243
f 7246 7243 7242
f 7247 7241 7244
f 7247 7244 7248
f 7247 7246 7242
f 7247 7242 7241
f 7248 7244 7243
f 7248 7243 7245
v 180.0 0.0 130.0
v 190.0 0.0 130.0
v 190.0 10.0 130.0
v 180.0 10.0 130.0
v 190.0 10.0 120.0
v 190.0 0.0 120.0
v 180.0 0.0 120.0
v 180.0 10.0 120.0
f 7249 7250 7251
f 7249 7251 7252
f 7253 7254 7255
f 7253 7255 7256
f 7254 7253 7251
f 7254 7251 7250
f 7255 7249 7252
f 7255 7252 7256
f 7255 7254 7250
f 7255 7250 7249
f 7256 7252 7251
f 7256 7251 7253
v 180.0 0.0 150.0
v 190.0 0.0 150.0
v 190.0 10.0 150.0
v 180.0 10.0 150.0
v 190.0 10.0 140.0
v 190.0 0.0 140.0
v 180.0 0.0 140.0
v 180.0 10.0 140.0
f 7257 7258 7259
f 7257 7259 7260
f 7261 7262 7263
f 7261 7263 7264
f 7262 7261 7259
f 7262 7259 7258
f 7263 7257 7260
f 7263 7260 7264
f 7263 7262 7258
f 7263 7258 7257
f 7264 7260 7259
f 7264 7259 7261
v 180.0 0.0 170.0
v 190.0 0.0 170.0
v 190.0 10.0 170.0
v 180.0 10.0 170.0
v 190.0 10.0 160.0
v 190.0 0.0 160.0
v 180.0 0.0 160.0
v 180.0 10.0 160.0
f 7265 7266 7267
f 7265 7267 7268
f 7269 7270 7271
f 7269 7271 7272
f 7270 7269 7267
f 7270 7267 7266
f 7271 7265 7268
f 7271 7268 7272
f 7271 7270 7266
f 7271 7266 7265
f 7272 7268 7267
f 7272 7267 7269
v 180.0 0.0 190.0
v 190.0 0.0 190.0
v 190.0 10.0 190.0
v 180.0 10.0 190.0
v 190.0 10.0 180.0
v 190.0 0.0 180.0
v 180.0 0.0 180.0
v 180.0 10.0 180.0
f 7273 7274 7275
f 7273 7275 7276
f 7277 7278 7279
f 7277 7279 7280
f 7278 7277 7275
f 7278 7275 7274
f 7279 7273 7276
f 7279 7276 7280
f 7279 7278 7274
f 7279 7274 7273
f 7280 7276 7275
f 7280 7275 7277
v 180.0 20.0 10.0
v 190.0 20.0 10.0
v 190.0 30.0 10.0
v 180.0 30.0 10.0
v 190.0 30.0 0.0
v 190.0 20.0 0.0
v 180.0 20.0 0.0
v 180.0 30.0 0.0
f 7281 7282 7283
f 7281 7283 7284
f 7285 7286 7287
f 7285 7287 7288
f 7286 7285 7283
f 7286 7283 7282
f 7287 7281 7284
f 7287 7284 7288
f 7287 7286 7282
f 7287 7282 7281
f 7288 7284 7283
f 7288 7283 7285
v 180.0 20.0 30.0
v 190.0 20.0 30.0
v 190.0 30.0 30.0
v 180.0 30.0 30.0
v 190.0 30.0 20.0
v 190.0 20.0 20.0
v 180.0 20.0 20.0
v 180.0 30.0 20.0
f 7289 7290 7291
f 7289 7291 7292
f 7293 7294 7295
f 7293 7295 7296
f 7294 7293 7291
f 7294 7291 7290
f 7295 7289 7292
f 7295 7292 7296
f 7295 7294 7290
f 7295 7290 7289
f 7296 7292 7291
f 7296 7291 7293
v 180.0 20.0 50.0
v 190.0 20.0 50.0
v 190.0 30.0 50.0
v 180.0 30.0 50.0
v 190.0 30.0 40.0
v 190.0 20.0 40.0
v 180.0 20.0 40.0
v 180.0 30.0 40.0
f 7297 7298 7299
f 7297 7299 7300
f 7301 7302 7303
f 7301 7303 7304
f 7302 7301 7299
f 7302 7299 7298
f 7303 7297 7300
f 7303 7300 7304
f 7303 7302 7298
f 7303 7298 7297
f 7304 7300 7299
f 7304 7299 7301
v 180.0 20.0 70.0
v 190.0 20.0 70.0
v 190.0 30.0 70.0
v 180.0 30.0 70.0
v 190.0 30.0 60.0
v 190.0 20.0 60.0
v 180.0 20.0 60.0
v 180.0 30.0 60.0
f 7305 7306 7307
f 7305 7307 7308
f 7309 7310 7311
f 7309 7311 7312
f 7310 7309 7307
f 7310 7307 7306
f 7311 7305 7308
f 7311 7308 7312
f 7311 7310 7306
f 7311 7306 7305
f 7312 7308 7307
f 7312 7307 7309
v 180.0 20.0 90.0
v 190.0 20.0 90.0
v 190.0 30.0 90.0
v 180.0 30.0 90.0
v 190.0 30.0 80.0
v 190.0 20.0 80.0
v 180.0 20.0 80.0
v 180.0 30.0 80.0
f 7313 7314 7315
f 7313 7315 7316
f 7317 7318 7319
f 7317 7319 7320
f 7318 7317 7315
f 7318 7315 7314
f 7319 7313 7316
f 7319 7316 7320
f 7319 7318 7314
f 7319 7314 7313
f 7320 7316 7315
f 7320 7315 7317
v 180.0 20.0 110.0
v 190.0 20.0 110.0
v 190.0 30.0 110.0
v 180.0 30.0 110.0
v 190.0 30.0 100.0
v 190.0 20.0 100.0
v 180.0 20.0 100.0
v 180.0 30.0 100.0
f 7321 7322 7323
f 7321 7323 7324
f 7325 7326 7327
f 7325 7327 7328
f 7326 7325 7323
f 7326 7323 7322
f 7327 7321 7324
f 7327 7324 7328
f 7327 7326 7322
f 7327 7322 7321
f 7328 7324 7323
f 7328 7323 7325
v 180.0 20.0 130.0
v 190.0 20.0 130.0
v 190.0 30.0 130.0
v 180.0 30.0 130.0
v 190.0 30.0 120.0
v 190.0 20.0 120.0
v 180.0 20.0 120.0
v 180.0 30.0 120.0
f 7329 7330 7331
f 7329 7331 7332
f 7333 7334 7335
f 7333 7335 7336
f 7334 7333 7331
f 7334 7331 7330
f 7335 7329 7332
f 7335 7332 7336
f 7335 7334 7330
f 7335 7330 7329
f 7336 7332 7331
f 7336 7331 7333
v 180.0 20.0 150.0
v 190.0 20.0 150.0
v 190.0 30.0 150.0
v 180.0 30.0 150.0
v 190.0 30.0 140.0
v 190.0 20.0 140.0
v 180.0 20.0 140.0
v 180.0 30.0 140.0
f 7337 7338 7339
f 7337 7339 7340
f 7341 7342 7343
f 7341 7343 7344
f 7342 7341 7339
f 7342 7339 7338
f 7343 7337 7340
f 7343 7340 7344
f 7343 7342 7338
f 7343 7338 7337
f 7344 7340 7339
f 7344 7339 7341
v 180.0 20.0 170.0
v 190.0 20.0 170.0
v 190.0 30.0 170.0
v 180.0 30.0 170.0
v 190.0 30.0 160.0
v 190.0 20.0 160.0
v 180.0 20.0 160.0
v 180.0 30.0 160.0
f 7345 7346 7347
f 7345 7347 7348
f 7349 7350 7351
f 7349 7351 7352
f 7350 7349 7347
f 7350 7347 7346
f 7351 7345 7348
f 7351 7348 7352
f 7351 7350 7346
f 7351 7346 7345
f 7352 7348 7347
f 7352 7347 7349
v 180.0 20.0 190.0
v 190.0 20.0 190.0
v 190.0 30.0 190.0
v 180.0 30.0 190.0
v 190.0 30.0 180.0
v 190.0 20.0 180.0
v 180.0 20.0 180.0
v 180.0 30.0 180.0
f 7353 7354 7355
f 7353 7355 7356
f 7357 7358 7359
f 7357 7359 7360
f 7358 7357 7355
f 7358 7355 7354
f 7359 7353 7356
f 7359 7356 7360
f 7359 7358 7354
f 7359 7354 7353
f 7360 7356 7355
f 7360 7355 7357
v 180.0 40.0 10.0
v 190.0 40.0 10.0
v 190.0 50.0 10.0
v 180.0 50.0 10.0
v 190.0 50.0 0.0
v 190.0 40.0 0.0
v 180.0 40.0 0.0
v 180.0 50.0 0.0
f 7361 7362 7363
f 7361 7363 7364
f 7365 7366 7367
f 7365 7367 7368
f 7366 7365 7363
f 7366 7363 7362
f 7367 7361 7364
f 7367 7364 7368
f 7367 7366 7362
f 7367 7362 7361
f 7368 7364 7363
f 7368 7363 7365
v 180.0 40.0 30.0
v 190.0 40.0 30.0
v 190.0 50.0 30.0
v 180.0 50.0 30.0
v 190.0 50.0 20.0
v 190.0 40.0 20.0
v 180.0 40.0 20.0
v 180.0 50.0 20.0
f 7369 7370 7371
f 7369 7371 7372
f 7373 7374 7375
f 7373 7375 7376
f 7374 7373 7371
f 7374 7371 7370
f 7375 7369 7372
f 7375 7372 7376
f 7375 7374 7370
f 7375 7370 7369
f 7376 7372 7371
f 7376 7371 7373
v 180.0 40.0 50.0
v 190.0 40.0 50.0
v 190.0 50.0 50.0
v 180.0 50.0 50.0
v 190.0 50.0 40.0
v 190.0 40.0 40.0
v 180.0 40.0 40.0
v 180.0 50.0 40.0
f 7377 7378 7379
f 7377 7379 7380
f 7381 7382 7383
f 7381 7383 7384
f 7382 7381 7379
f 7382 7379 7378
f 7383 7377 7380
f 7383 7380 7384
f 7383 7382 7378
f 7383 7378 7377
f 7384 7380 7379
f 7384 7379 7381
v 180.0 40.0 70.0
v 190.0 40.0 70.0
v 190.0 50.0 70.0
v 180.0 50.0 70.0
v 190.0 50.0 60.0
v 190.0 40.0 60.0
v 180.0 40.0 60.0
v 180.0 50.0 60.0
f 7385 7386 7387
f 7385 7387 7388
f 7389 7390 7391
f 7389 7391 7392
f 7390 7389 7387
f 7390 7387 7386
f 7391 7385 7388
f 7391 7388 7392
f 7391 7390 7386
f 7391 7386 7385
f 7392 7388 7387
f 7392 7387 7389
v 180.0 40.0 90.0
v 190.0 40.0 90.0
v 190.0 50.0 90.0
v 180.0 50.0 90.0
v 190.0 50.0 80.0
v 190.0 40.0 80.0
v 180.0 40.0 80.0
v 180.0 50.0 80.0
f 7393 7394 7395
f 7393 7395 7396
f 7397 7398 7399
f 7397 7399 7400
f 7398 7397 7395
f 7398 7395 7394
f 7399 7393 7396
f 7399 7396 7400
f 7399 7398 7394
f 7399 7394 7393
f 7400 7396 7395
f 7400 7395 7397
v 180.0 40.0 110.0
v 190.0 40.0 110.0
v 190.0 50.0 110.0
v 180.0 50.0 110.0
v 190.0 50.0 100.0
v 190.0 40.0 100.0
v 180.0 40.0 100.0
v 180.0 50.0 100.0
f 7401 7402 7403
f 7401 7403 7404
f 7405 7406 7407
f 7405 7407 7408
f 7406 7405 7403
f 7406 7403 7402
f 7407 7401 7404
f 7407 7404 7408
f 7407 7406 7402
f 7407 7402 7401
f 7408 7404 7403
f 7408 7403 7405
v 180.0 40.0 130.0
v 190.0 40.0 130.0
v 190.0 50.0 130.0
v 180.0 50.0 130.0
v 190.0 50.0 120.0
v 190.0 40.0 120.0
v 180.0 40.0 120.0
v 180.0 50.0 120.0
f 7409 7410 7411
f 7409 7411 7412
f 7413 7414 7415
f 7413 7415 7416
f 7414 7413 7411
f 7414 7411 7410
f 7415 7409 7412
f 7415 7412 7416
f 7415 7414 7410
f 7415 7410 7409
f 7416 7412 7411
f 7416 7411 7413
v 180.0 40.0 150.0
v 190.0 40.0 150.0
v 190.0 50.0 150.0
v 180.0 50.0 150.0
v 190.0 50.0 140.0
v 190.0 40.0 140.0
v 180.0 40.0 140.0
v 180.0 50.0 140.0
f 7417 7418 7419
f 7417 7419 7420
f 7421 7422 7423
f 7421 7423 7424
f 7422 7421 7419
f 7422 7419 7418
f 7423 7417 7420
f 7423 7420 7424
f 7423 7422 7418
f 7423 7418 7417
f 7424 7420 7419
f 7424 7419 7421
v 180.0 40.0 170.0
v 190.0 40.0 170.0
v 190.0 50.0 170.0
v 180.0 50.0 170.0
v 190.0 50.0 160.0
v 190.0 40.0 160.0
v 180.0 40.0 160.0
v 180.0 50.0 160.0
f 7425 7426 7427
f 7425 7427 7428
f 7429 7430 7431
f 7429 7431 7432
f 7430 7429 7427
f 7430 7427 7426
f 7431 7425 7428
f 7431 7428 7432
f 7431 7430 7426
f 7431 7426 7425
f 7432 7428 7427
f 7432 7427 7429
v 180.0 40.0 190.0
v 190.0 40.0 190.0
v 190.0 50.0 190.0
v 180.0 50.0 190.0
v 190.0 50.0 180.0
v 190.0 40.0 180.0
v 180.0 40.0 180.0
v 180.0 50.0 180.0
f 7433 7434 7435
f 7433 7435 7436
f 7437 7438 7439
f 7437 7439 7440
f 7438 7437 7435
f 7438 7435 7434
f 7439 7433 7436
f 7439 7436 7440
f 7439 7438 7434
f 7439 7434 7433
f 7440 7436 7435
f 7440 7435 7437
v 180.0 60.0 10.0
v 190.0 60.0 10.0
v 190.0 70.0 10.0
v 180.0 70.0 10.0
v 190.0 70.0 0.0
v 190.0 60.0 0.0
v 180.0 60.0 0.0
v 180.0 70.0 0.0
f 7441 7442 7443
f 7441 7443 7444
f 7445 7446 7447
f 7445 7447 7448
f 7446 7445 7443
f 7446 7443 7442
f 7447 7441 7444
f 7447 7444 7448
f 7447 7446 7442
f 7447 7442 7441
f 7448 7444 7443
f 7448 7443 7445
v 180.0 60.0 30.0
v 190.0 60.0 30.0
v 190.0 70.0 30.0
v 180.0 70.0 30.0
v 190.0 70.0 20.0
v 190.0 60.0 20.0
v 180.0 60.0 20.0
v 180.0 70.0 20.0
f 7449 7450 7451
f 7449 7451 7452
f 7453 7454 7455
f 7453 7455 7456
f 7454 7453 7451
f 7454 7451 7450
f 7455 7449 7452
f 7455 7452 7456
f 7455 7454 7450
f 7455 7450 7449
f 7456 7452 7451
f 7456 7451 7453
v 180.0 60.0 50.0
v 190.0 60.0 50.0
v 190.0 70.0 50.0
v 180.0 70.0 50.0
v 190.0 70.0 40.0
v 190.0 60.0 40.0
v 180.0 60.0 40.0
v 180.0 70.0 40.0
f 7457 7458 7459
f 7457 7459 7460
f 7461 7462 7463
f 7461 7463 7464
f 7462 7461 7459
f 7462 7459 7458
f 7463 7457 7460
f 7463 7460 7464
f 7463 7462 7458
f 7463 7458 7457
f 7464 7460 7459
f 7464 7459 7461
v 180.0 60.0 70.0
v 190.0 60.0 70.0
v 190.0 70.0 70.0
v 180.0 70.0 70.0
v 190.0 70.0 60.0
v 190.0 60.0 60.0
v 180.0 60.0 60.0
v 180.0 70.0 60.0
f 7465 7466 7467
f 7465 7467 7468
f 7469 7470 7471
f 7469 7471 7472
f 7470 7469 7467
f 7470 7467 7466
f 7471 7465 7468
f 7471 7468 7472
f 7471 7470 7466
f 7471 7466 7465
f 7472 7468 7467
f 7472 7467 7469
v 180.0 60.0 90.0
v 190.0 60.0 90.0
v 190.0 70.0 90.0
v 180.0 70.0 90.0
v 190.0 70.0 80.0
v 190.0 60.0 80.0
v 180.0 60.0 80.0
v 180.0 70.0 80.0
f 7473 7474 7475
f 7473 7475 7476
f 7477 7478 7479
f 7477 7479 7480
f 7478 7477 7475
f 7478 7475 7474
f 7479 7473 7476
f 7479 7476 7480
f 7479 7478 7474
f 7479 7474 7473
f 7480 7476 7475
f 7480 7475 7477
v 180.0 60.0 110.0
v 190.0 60.0 110.0
v 190.0 70.0 110.0
v 180.0 70.0 110.0
v 190.0 70.0 100.0
v 190.0 60.0 100.0
v 180.0 60.0 100.0
v 180.0 70.0 100.0
f 7481 7482 7483
f 7481 7483 7484
f 7485 7486 7487
f 7485 7487 7488
f 7486 7485 7483
f 7486 7483 7482
f 7487 7481 7484
f 7487 7484 7488
f 7487 7486 7482
f 7487 7482 7481
f 7488 7484 7483
f 7488 7483 7485
v 180.0 60.0 130.0
v 190.0 60.0 130.0
v 190.0 70.0 130.0
v 180.0 70.0 130.0
v 190.0 70.0 120.0
v 190.0 60.0 120.0
v 180.0 60.0 120.0
v 180.0 70.0 120.0
f 7489 7490 7491
f 7489 7491 7492
f 7493 7494 7495
f 7493 7495 7496
f 7494 7493 7491
f 7494 7491 7490
f 7495 7489 7492
f 7495 7492 7496
f 7495 7494 7490
f 7495 7490 7489
f 7496 7492 7491
f 7496 7491 7493
v 180.0 60.0 150.0
v 190.0 60.0 150.0
v 190.0 70.0 150.0
v 180.0 70.0 150.0
v 190.0 70.0 140.0
v 190.0 60.0 140.0
v 180.0 60.0 140.0
v 180.0 70.0 140.0
f 7497 7498 7499
f 7497 7499 7500
f 7501 7502 7503
f 7501 7503 7504
f 7502 7501 7499
f 7502 7499 7498
f 7503 7497 7500
f 7503 7500 7504
f 7503 7502 7498
f 7503 7498 7497
f 7504 7500 7499
f 7504 7499 7501
v 180.0 60.0 170.0
v 190.0 60.0 170.0
v 190.0 70.0 170.0
v 180.0 70.0 170.0
v 190.0 70.0 160.0
v 190.0 60.0 160.0
v 180.0 60.0 160.0
v 180.0 70.0 160.0
f 7505 7506 7507
f 7505 7507 7508
f 7509 7510 7511
f 7509 7511 7512
f 7510 7509 7507
f 7510 7507 7506
f 7511 7505 7508
f 7511 7508 7512
f 7511 7510 7506
f 7511 7506 7505
f 7512 7508 7507
f 7512 7507 7509
v 180.0 60.0 190.0
v 190.0 60.0 190.0
v 190.0 70.0 190.0
v 180.0 70.0 190.0
v 190.0 70.0 180.0
v 190.0 60.0 180.0
v 180.0 60.0 180.0
v 180.0 70.0 180.0
f 7513 7514 7515
f 7513 7515 7516
f 7517 7518 7519
f 7517 7519 7520
f 7518 7517 7515
f 7518 7515 7514
f 7519 7513 7516
f 7519 7516 7520
f 7519 7518 7514
f 7519 7514 7513
f 7520 7516 7515
f 7520 7515 7517
v 180.0 80.0 10.0
v 190.0 80.0 10.0
v 190.0 90.0 10.0
v 180.0 90.0 10.0
v 190.0 90.0 0.0
v 190.0 80.0 0.0
v 180.0 80.0 0.0
v 180.0 90.0 0.0
f 7521 7522 7523
f 7521 7523 7524
f 7525 7526 7527
f 7525 7527 7528
f 7526 7525 7523
f 7526 7523 7522
f 7527 7521 7524
f 7527 7524 7528
f 7527 7526 7522
f 7527 7522 7521
f 7528 7524 7523
f 7528 7523 7525
v 180.0 80.0 30.0
v 190.0 80.0 30.0
v 190.0 90.0 30.0
v 180.0 90.0 30.0
v 190.0 90.0 20.0
v 190.0 80.0 20.0
v 180.0 80.0 20.0
v 180.0 90.0 20.0
f 7529 7530 7531
f 7529 7531 7532
f 7533 7534 7535
f 7533 7535 7536
f 7534 7533 7531
f 7534 7531 7530
f 7535 7529 7532
f 7535 7532 7536
f 7535 7534 7530
f 7535 7530 7529
f 7536 7532 7531
f 7536 7531 7533
v 180.0 80.0 50.0
v 190.0 80.0 50.0
v 190.0 90.0 50.0
v 180.0 90.0 50.0
v 190.0 90.0 40.0
v 190.0 80.0 40.0
v 180.0 80.0 40.0
v 180.0 90.0 40.0
f 7537 7538 7539
f 7537 7539 7540
f 7541 7542 7543
f 7541 7543 7544
f 7542 7541 7539
f 7542 7539 7538
f 7543 7537 7540
f 7543 7540 7544
f 7543 7542 7538
f 7543 7538 7537
f 7544 7540 7539
f 7544 7539 7541
v 180.0 80.0 70.0
v 190.0 80.0 70.0
v 190.0 90.0 70.0
v 180.0 90.0 70.0
v 190.0 90.0 60.0
v 190.0 80.0 60.0
v 180.0 80.0 60.0
v 180.0 90.0 60.0
f 7545 7546 7547
f 7545 7547 7548
f 7549 7550 7551
f 7549 7551 7552
f 7550 7549 7547
f 7550 7547 7546
f 7551 7545 7548
f 7551 7548 7552
f 7551 7550 7546
f 7551 7546 7545
f 7552 7548 7547
f 7552 7547 7549
v 180.0 80.0 90.0
v 190.0 80.0 90.0
v 190.0 90.0 90.0
v 180.0 90.0 90.0
v 190.0 90.0 80.0
v 190.0 80.0 80.0
v 180.0 80.0 80.0
v 180.0 90.0 80.0
f 7553 7554 7555
f 7553 7555 7556
f 7557 7558 7559
f 7557 7559 7560
f 7558 7557 7555
f 7558 7555 7554
f 7559 7553 7556
f 7559 7556 7560
f 7559 7558 7554
f 7559 7554 7553
f 7560 7556 7555
f 7560 7555 7557
v 180.0 80.0 110.0
v 190.0 80.0 110.0
v 190.0 90.0 110.0
v 180.0 90.0 110.0
v 190.0 90.0 100.0
v 190.0 80.0 100.0
v 180.0 80.0 100.0
v 180.0 90.0 100.0
f 7561 7562 7563
f 7561 7563 7564
f 7565 7566 7567
f 7565 7567 7568
f 7566 7565 7563
f 7566 7563 7562
f 7567 7561 7564
f 7567 7564 7568
f 7567 7566 7562
f 7567 7562 7561
f 7568 7564 7563
f 7568 7563 7565
v 180.0 80.0 130.0
v 190.0 80.0 130.0
v 190.0 90.0 130.0
v 180.0 90.0 130.0
v 190.0 90.0 120.0
v 190.0 80.0 120.0
v 180.0 80.0 120.0
v 180.0 90.0 120.0
f 7569 7570 7571
f 7569 7571 7572
f 7573 7574 7575
f 7573 7575 7576
f 7574 7573 7571
f 7574 7571 7570
f 7575 7569 7572
f 7575 7572 7576
f 7575 7574 7570
f 7575 7570 7569
f 7576 7572 7571
f 7576 7571 7573
v 180.0 80.0 150.0
v 190.0 80.0 150.0
v 190.0 90.0 150.0
v 180.0 90.0 150.0
v 190.0 90.0 140.0
v 190.0 80.0 140.0
v 180.0 80.0 140.0
v 180.0 90.0 140.0
f 7577 7578 7579
f 7577 7579 7580
f 7581 7582 7583
f 7581 7583 7584
f 7582 7581 7579
f 7582 7579 7578
f 7583 7577 7580
f 7583 7580 7584
f 7583 7582 7578
f 7583 7578 7577
f 7584 7580 7579
f 7584 7579 7581
v 180.0 80.0 170.0
v 190.0 80.0 170.0
v 190.0 90.0 170.0
v 180.0 90.0 170.0
v 190.0 90.0 160.0
v 190.0 80.0 160.0
v 180.0 80.0 160.0
v 180.0 90.0 160.0
f 7585 7586 7587
f 7585 7587 7588
f 7589 7590 7591
f 7589 7591 7592
f 7590 7589 7587
f 7590 7587 7586
f 7591 7585 7588
f 7591 7588 7592
f 7591 7590 7586
f 7591 7586 7585
f 7592 7588 7587
f 7592 7587 7589
v 180.0 80.0 190.0
v 190.0 80.0 190.0
v 190.0 90.0 190.0
v 180.0 90.0 190.0
v 190.0 90.0 180.0
v 190.0 80.0 180.0
v 180.0 80.0 180.0
v 180.0 90.0 180.0
f 7593 7594 7595
f 7593 7595 7596
f 7597 7598 7599
f 7597 7599 7600
f 7598 7597 7595
f 7598 7595 7594
f 7599 7593 7596
f 7599 7596 7600
f 7599 7598 7594
f 7599 7594 7593
f 7600 7596 7595
f 7600 7595 7597
v 180.0 100.0 10.0
v 190.0 100.0 10.0
v 190.0 110.0 10.0
v 180.0 110.0 10.0
v 190.0 110.0 0.0
v 190.0 100.0 0.0
v 180.0 100.0 0.0
v 180.0 110.0 0.0
f 7601 7602 7603
f 7601 7603 7604
f 7605 7606 7607
f 7605 7607 7608
f 7606 7605 7603
f 7606 7603 7602
f 7607 7601 7604
f 7607 7604 7608
f 7607 7606 7602
f 7607 7602 7601
f 7608 7604 7603
f 7608 7603 7605
v 180.0 100.0 30.0
v 190.0 100.0 30.0
v 190.0 110.0 30.0
v 180.0 110.0 30.0
v 190.0 110.0 20.0
v 190.0 100.0 20.0
v 180.0 100.0 20.0
v 180.0 110.0 20.0
f 7609 7610 7611
f 7609 7611 7612
f 7613 7614 7615
f 7613 7615 7616
f 7614 7613 7611
f 7614 7611 7610
f 7615 7609 7612
f 7615 7612 7616
f 7615 7614 7610
f 7615 7610 7609
f 7616 7612 7611
f 7616 7611 7613
v 180.0 100.0 50.0
v 190.0 100.0 50.0
v 190.0 110.0 50.0
v 180.0 110.0 50.0
v 190.0 110.0 40.0
v 190.0 100.0 40.0
v 180.0 100.0 40.0
v 180.0 110.0 40.0
f 7617 7618 7619
f 7617 7619 7620
f 7621 7622 7623
f 7621 7623 7624
f 7622 7621 7619
f 7622 7619 7618
f 7623 7617 7620
f 7623 7620 7624
f 7623 7622 7618
f 7623 7618 7617
f 7624 7620 7619
f 7624 7619 7621
v 180.0 100.0 70.0
v 190.0 100.0 70.0
v 190.0 110.0 70.0
v 180.0 110.0 70.0
v 190.0 110.0 60.0
v 190.0 100.0 60.0
v 180.0 100.0 60.0
v 180.0 110.0 60.0
f 7625 7626 7627
f 7625 7627 7628
f 7629 7630 7631
f 7629 7631 7632
f 7630 7629 7627
f 7630 7627 7626
f 7631 7625 7628
f 7631 7628 7632
f 7631 7630 7626
f 7631 7626 7625
f 7632 7628 7627
f 7632 7627 7629
v 180.0 100.0 90.0
v 190.0 100.0 90.0
v 190.0 110.0 90.0
v 180.0 110.0 90.0
v 190.0 110.0 80.0
v 190.0 100.0 80.0
v 180.0 100.0 80.0
v 180.0 110.0 80.0
f 7633 7634 7635
f 7633 7635 7636
f 7637 7638 7639
f 7637 7639 7640
f 7638 7637 7635
f 7638 7635 7634
f 7639 7633 7636
f 7639 7636 7640
f 7639 7638 7634
f 7639 7634 7633
f 7640 7636 7635
f 7640 7635 7637
v 180.0 100.0 110.0
v 190.0 100.0 110.0
v 190.0 110.0 110.0
v 180.0 110.0 110.0
v 190.0 110.0 100.0
v 190.0 100.0 100.0
v 180.0 100.0 100.0
v 180.0 110.0 100.0
f 7641 7642 7643
f 7641 7643 7644
f 7645 7646 7647
f 7645 7647 7648
f 7646 7645 7643
f 7646 7643 7642
f 7647 7641 7644
f 7647 7644 7648
f 7647 7646 7642
f 7647 7642 7641
f 7648 7644 7643
f 7648 7643 7645
v 180.0 100.0 130.0
v 190.0 100.0 130.0
v 190.0 110.0 130.0
v 180.0 110.0 130.0
v 190.0 110.0 120.0
v 190.0 100.0 120.0
v 180.0 100.0 120.0
v 180.0 110.0 120.0
f 7649 7650 7651
f 7649 7651 7652
f 7653 7654 7655
f 7653 7655 7656
f 7654 7653 7651
f 7654 7651 7650
f 7655 7649 7652
f 7655 7652 7656
f 7655 7654 7650
f 7655 7650 7649
f 7656 7652 7651
f 7656 7651 7653
v 180.0 100.0 150.0
v 190.0 100.0 150.0
v 190.0 110.0 150.0
v 180.0 110.0 150.0
v 190.0 110.0 140.0
v 190.0 100.0 140.0
v 180.0 100.0 140.0
v 180.0 110.0 140.0
f 7657 7658 7659
f 7657 7659 7660
f 7661 7662 7663
f 7661 7663 7664
f 7662 7661 7659
f 7662 7659 7658
f 7663 7657 7660
f 7663 7660 7664
f 7663 7662 7658
f 7663 7658 7657
f 7664 7660 7659
f 7664 7659 7661
v 180.0 100.0 170.0
v 190.0 100.0 170.0
v 190.0 110.0 170.0
v 180.0 110.0 170.0
v 190.0 110.0 160.0
v 190.0 100.0 160.0
v 180.0 100.0 160.0
v 180.0 110.0 160.0
f 7665 7666 7667
f 7665 7667 7668
f 7669 7670 7671
f 7669 7671 7672
f 7670 7669 7667
f 7670 7667 7666
f 7671 7665 7668
f 7671 7668 7672
f 7671 7670 7666
f 7671 7666 7665
f 7672 7668 7667
f 7672 7667 7669
v 180.0 100.0 190.0
v 190.0 100.0 190.0
v 190.0 110.0 190.0
v 180.0 110.0 190.0
v 190.0 110.0 180.0
v 190.0 100.0 180.0
v 180.0 100.0 180.0
v 180.0 110.0 180.0
f 7673 7674 7675
f 7673 7675 7676
f 7677 7678 7679
f 7677 7679 7680
f 7678 7677 7675
f 7678 7675 7674
f 7679 7673 7676
f 7679 7676 7680
f 7679 7678 7674
f 7679 7674 7673
f 7680 7676 7675
f 7680 7675 7677
v 180.0 120.0 10.0
v 190.0 120.0 10.0
v 190.0 130.0 10.0
v 180.0 130.0 10.0
v 190.0 130.0 0.0
v 190.0 120.0 0.0
v 180.0 120.0 0.0
v 180.0 130.0 0.0
f 7681 7682 7683
f 7681 7683 7684
f 7685 7686 7687
f 7685 7687 7688
f 7686 7685 7683
f 7686 7683 7682
f 7687 7681 7684
f 7687 7684 7688
f 7687 7686 7682
f 7687 7682 7681
f 7688 7684 7683
f 7688 7683 7685
v 180.0 120.0 30.0
v 190.0 120.0 30.0
v 190.0 130.0 30.0
v 180.0 130.0 30.0
v 190.0 130.0 20.0
v 190.0 120.0 20.0
v 180.0 120.0 20.0
v 180.0 130.0 20.0
f 7689 7690 7691
f 7689 7691 7692
f 7693 7694 7695
f 7693 7695 7696
f 7694 7693 7691
f 7694 7691 7690
f 7695 7689 7692
f 7695 7692 7696
f 7695 7694 7690
f 7695 7690 7689
f 7696 7692 7691
f 7696 7691 7693
v 180.0 120.0 50.0
v 190.0 120.0 50.0
v 190.0 130.0 50.0
v 180.0 130.0 50.0
v 190.0 130.0 40.0
v 190.0 120.0 40.0
v 180.0 120.0 40.0
v 180.0 130.0 40.0
f 7697 7698 7699
f 7697 7699 7700
f 7701 7702 7703
f 7701 7703 7704
f 7702 7701 7699
f 7702 7699 7698
f 7703 7697 7700
f 7703 7700 7704
f 7703 7702 7698
f 7703 7698 7697
f 7704 7700 7699
f 7704 7699 7701
v 180.0 120.0 70.0
v 190.0 120.0 70.0
v 190.0 130.0 70.0
v 180.0 130.0 70.0
v 190.0 130.0 60.0
v 190.0 120.0 60.0
v 180.0 120.0 60.0
v 180.0 130.0 60.0
f 7705 7706 7707
f 7705 7707 7708
f 7709 7710 7711
f 7709 7711 7712
f 7710 7709 7707
f 7710 7707 7706
f 7711 7705 7708
f 7711 7708 7712
f 7711 7710 7706
f 7711 7706 7705
f 7712 7708 7707
f 7712 7707 7709
v 180.0 120.0 90.0
v 190.0 120.0 90.0
v 190.0 130.0 90.0
v 180.0 130.0 90.0
v 190.0 130.0 80.0
v 190.0 120.0 80.0
v 180.0 120.0 80.0
v 180.0 130.0 80.0
f 7713 7714 7715
f 7713 7715 7716
f 7717 7718 7719
f 7717 7719 7720
f 7718 7717 7715
f 7718 7715 7714
f 7719 7713 7716
f 7719 7716 7720
f 7719 7718 7714
f 7719 7714 7713
f 7720 7716 7715
f 7720 7715 7717
v 180.0 120.0 110.0
v 190.0 120.0 110.0
v 190.0 130.0 110.0
v 180.0 130.0 110.0
v 190.0 130.0 100.0
v 190.0 120.0 100.0
v 180.0 120.0 100.0
v 180.0 130.0 100.0
f 7721 7722 7723
f 7721 7723 7724
f 7725 7726 7727
f 7725 7727 7728
f 7726 7725 7723
f 7726 7723 7722
f 7727 7721 7724
f 7727 7724 7728
f 7727 7726 7722
f 7727 7722 7721
f 7728 7724 7723
f 7728 7723 7725
v 180.0 120.0 130.0
v 190.0 120.0 130.0
v 190.0 130.0 130.0
v 180.0 130.0 130.0
v 190.0 130.0 120.0
v 190.0 120.0 120.0
v 180.0 120.0 120.0
v 180.0 130.0 120.0
f 7729 7730 7731
f 7729 7731 7732
f 7733 7734 7735
f 7733 7735 7736
f 7734 7733 7731
f 7734 7731 7730
f 7735 7729 7732
f 7735 7732 7736
f 7735 7734 7730
f 7735 7730 7729
f 7736 7732 7731
f 7736 7731 7733
v 180.0 120.0 150.0
v 190.0 120.0 150.0
v 190.0 130.0 150.0
v 180.0 130.0 150.0
v 190.0 130.0 140.0
v 190.0 120.0 140.0
v 180.0 120.0 140.0
v 180.0 130.0 140.0
f 7737 7738 7739
f 7737 7739 7740
f 7741 7742 7743
f 7741 7743 7744
f 7742 7741 7739
f 7742 7739 7738
f 7743 7737 7740
f 7743 7740 7744
f 7743 7742 7738
f 7743 7738 7737
f 7744 7740 7739
f 7744 7739 7741
v 180.0 120.0 170.0
v 190.0 120.0 170.0
v 190.0 130.0 170.0
v 180.0 130.0 170.0
v 190.0 130.0 160.0
v 190.0 120.0 160.0
v 180.0 120.0 160.0
v 180.0 130.0 160.0
f 7745 7746 7747
f 7745 7747 7748
f 7749 7750 7751
f 7749 7751 7752
f 7750 7749 7747
f 7750 7747 7746
f 7751 7745 7748
f 7751 7748 7752
f 7751 7750 7746
f 7751 7746 7745
f 7752 7748 7747
f 7752 7747 7749
v 180.0 120.0 190.0
v 190.0 120.0 190.0
v 190.0 130.0 190.0
v 180.0 130.0 190.0
v 190.0 130.0 180.0
v 190.0 120.0 180.0
v 180.0 120.0 180.0
v 180.0 130.0 180.0
f 7753 7754 7755
f 7753 7755 7756
f 7757 7758 7759
f 7757 7759 7760
f 7758 7757 7755
f 7758 7755 7754
f 7759 7753 7756
f 7759 7756 7760
f 7759 7758 7754
f 7759 7754 7753
f 7760 7756 7755
f 7760 7755 7757
v 180.0 140.0 10.0
v 190.0 140.0 10.0
v 190.0 150.0 10.0
v 180.0 150.0 10.0
v 190.0 150.0 0.0
v 190.0 140.0 0.0
v 180.0 140.0 0.0
v 180.0 150.0 0.0
f 7761 7762 7763
f 7761 7763 7764
f 7765 7766 7767
f 7765 7767 7768
f 7766 7765 7763
f 7766 7763 7762
f 7767 7761 7764
f 7767 7764 7768
f 7767 7766 7762
f 7767 7762 7761
f 7768 7764 7763
f 7768 7763 7765
v 180.0 140.0 30.0
v 190.0 140.0 30.0
v 190.0 150.0 30.0
v 180.0 150.0 30.0
v 190.0 150.0 20.0
v 190.0 140.0 20.0
v 180.0 140.0 20.0
v 180.0 150.0 20.0
f 7769 7770 7771
f 7769 7771 7772
f 7773 7774 7775
f 7773 7775 7776
f 7774 7773 7771
f 7774 7771 7770
f 7775 7769 7772
f 7775 7772 7776
f 7775 7774 7770
f 7775 7770 7769
f 7776 7772 7771
f 7776 7771 7773
v 180.0 140.0 50.0
v 190.0 140.0 50.0
v 190.0 150.0 50.0
v 180.0 150.0 50.0
v 190.0 150.0 40.0
v 190.0 140.0 40.0
v 180.0 140.0 40.0
v 180.0 150.0 40.0
f 7777 7778 7779
f 7777 7779 7780
f 7781 7782 7783
f 7781 7783 7784
f 7782 7781 7779
f 7782 7779 7778
f 7783 7777 7780
f 7783 7780 7784
f 7783 7782 7778
f 7783 7778 7777
f 7784 7780 7779
f 7784 7779 7781
v 180.0 140.0 70.0
v 190.0 140.0 70.0
v 190.0 150.0 70.0
v 180.0 150.0 70.0
v 190.0 150.0 60.0
v 190.0 140.0 60.0
v 180.0 140.0 60.0
v 180.0 150.0 60.0
f 7785 7786 7787
f 7785 7787 7788
f 7789 7790 7791
f 7789 7791 7792
f 7790 7789 7787
f 7790 7787 7786
f 7791 7785 7788
f 7791 7788 7792
f 7791 7790 7786
f 7791 7786 7785
f 7792 7788 7787
f 7792 7787 7789
v 180.0 140.0 90.0
v 190.0 140.0 90.0
v 190.0 150.0 90.0
v 180.0 150.0 90.0
v 190.0 150.0 80.0
v 190.0 140.0 80.0
v 180.0 140.0 80.0
v 180.0 150.0 80.0
f 7793 7794 7795
f 7793 7795 7796
f 7797 7798 7799
f 7797 7799 7800
f 7798 7797 7795
f 7798 7795 7794
f 7799 7793 7796
f 7799 7796 7800
f 7799 7798 7794
f 7799 7794 7793
f 7800 7796 7795
f 7800 7795 7797
v 180.0 140.0 110.0
v 190.0 140.0 110.0
v 190.0 150.0 110.0
v 180.0 150.0 110.0
v 190.0 150.0 100.0
v 190.0 140.0 100.0
v 180.0 140.0 100.0
v 180.0 150.0 100.0
f 7801 7802 7803
f 7801 7803 7804
f 7805 7806 7807
f 7805 7807 7808
f 7806 7805 7803
f 7806 7803 7802
f 7807 7801 7804
f 7807 7804 7808
f 7807 7806 7802
f 7807 7802 7801
f 7808 7804 7803
f 7808 7803 7805
v 180.0 140.0 130.0
v 190.0 140.0 130.0
v 190.0 150.0 130.0
v 180.0 150.0 130.0
v 190.0 150.0 120.0
v 190.0 140.0 120.0
v 180.0 140.0 120.0
v 180.0 150.0 120.0
f 7809 7810 7811
f 7809 7811 7812
f 7813 7814 7815
f 7813 7815 7816
f 7814 7813 7811
f 7814 7811 7810
f 7815 7809 7812
f 7815 7812 7816
f 7815 7814 7810
f 7815 7810 7809
f 7816 7812 7811
f 7816 7811 7813
v 180.0 140.0 150.0
v 190.0 140.0 150.0
v 190.0 150.0 150.0
v 180.0 150.0 150.0
v 190.0 150.0 140.0
v 190.0 140.0 140.0
v 180.0 140.0 140.0
v 180.0 150.0 140.0
f 7817 7818 7819
f 7817 7819 7820
f 7821 7822 7823
f 7821 7823 7824
f 7822 7821 7819
f 7822 7819 7818
f 7823 7817 7820
f 7823 7820 7824
f 7823 7822 7818
f 7823 7818 7817
f 7824 7820 7819
f 7824 7819 7821
v 180.0 140.0 170.0
v 190.0 140.0 170.0
v 190.0 150.0 170.0
v 180.0 150.0 170.0
v 190.0 150.0 160.0
v 190.0 140.0 160.0
v 180.0 140.0 160.0
v 180.0 150.0 160.0
f 7825 7826 7827
f 7825 7827 7828
f 7829 7830 7831
f 7829 7831 7832
f 7830 7829 7827
f 7830 7827 7826
f 7831 7825 7828
f 7831 7828 7832
f 7831 7830 7826
f 7831 7826 7825
f 7832 7828 7827
f 7832 7827 7829
v 180.0 140.0 190.0
v 190.0 140.0 190.0
v 190.0 150.0 190.0
v 180.0 150.0 190.0
v 190.0 150.0 180.0
v 190.0 140.0 180.0
v 180.0 140.0 180.0
v 180.0 150.0 180.0
f 7833 7834 7835
f 7833 7835 7836
f 7837 7838 7839
f 7837 7839 7840
f 7838 7837 7835
f 7838 7835 7834
f 7839 7833 7836
f 7839 7836 7840
f 7839 7838 7834
f 7839 7834 7833
f 7840 7836 7835
f 7840 7835 7837
v 180.0 160.0 10.0
v 190.0 160.0 10.0
v 190.0 170.0 10.0
v 180.0 170.0 10.0
v 190.0 170.0 0.0
v 190.0 160.0 0.0
v 180.0 160.0 0.0
v 180.0 170.0 0.0
f 7841 7842 7843
f 7841 7843 7844
f 7845 7846 7847
f 7845 7847 7848
f 7846 7845 7843
f 7846 7843 7842
f 7847 7841 7844
f 7847 7844 7848
f 7847 7846 7842
f 7847 7842 7841
f 7848 7844 7843
f 7848 7843 7845
v 180.0 160.0 30.0
v 190.0 160.0 30.0
v 190.0 170.0 30.0
v 180.0 170.0 30.0
v 190.0 170.0 20.0
v 190.0 160.0 20.0
v 180.0 160.0 20.0
v 180.0 170.0 20.0
f 7849 7850 7851
f 7849 7851 7852
f 7853 7854 7855
f 7853 7855 7856
f 7854 7853 7851
f 7854 7851 7850
f 7855 7849 7852
f 7855 7852 7856
f 7855 7854 7850
f 7855 7850 7849
f 7856 7852 7851
f 7856 7851 7853
v 180.0 160.0 50.0
v 190.0 160.0 50.0
v 190.0 170.0 50.0
v 180.0 170.0 50.0
v 190.0 170.0 40.0
v 190.0 160.0 40.0
v 180.0 160.0 40.0
v 180.0 170.0 40.0
f 7857 7858 7859
f 7857 7859 7860
f 7861 7862 7863
f 7861 7863 7864
f 7862 7861 7859
f 7862 7859 7858
f 7863 7857 7860
f 7863 7860 7864
f 7863 7862 7858
f 7863 7858 7857
f 7864 7860 7859
f 7864 7859 7861
v 180.0 160.0 70.0
v 190.0 160.0 70.0
v 190.0 170.0 70.0
v 180.0 170.0 70.0
v 190.0 170.0 60.0
v 190.0 160.0 60.0
v 180.0 160.0 60.0
v 180.0 170.0 60.0
f 7865 7866 7867
f 7865 7867 7868
f 7869 7870 7871
f 7869 7871 7872
f 7870 7869 7867
f 7870 7867 7866
f 7871 7865 7868
f 7871 7868 7872
f 7871 7870 7866
f 7871 7866 7865
f 7872 7868 7867
f 7872 7867 7869
v 180.0 160.0 90.0
v 190.0 160.0 90.0
v 190.0 170.0 90.0
v 180.0 170.0 90.0
v 190.0 170.0 80.0
v 190.0 160.0 80.0
v 180.0 160.0 80.0
v 180.0 170.0 80.0
f 7873 7874 7875
f 7873 7875 7876
f 7877 7878 7879
f 7877 7879 7880
f 7878 7877 7875
f 7878 7875 7874
f 7879 7873 7876
f 7879 7876 7880
f 7879 7878 7874
f 7879 7874 7873
f 7880 7876 7875
f 7880 7875 7877
v 180.0 160.0 110.0
v 190.0 160.0 110.0
v 190.0 170.0 110.0
v 180.0 170.0 110.0
v 190.0 170.0 100.0
v 190.0 160.0 100.0
v 180.0 160.0 100.0
v 180.0 170.0 100.0
f 7881 7882 7883
f 7881 7883 7884
f 7885 7886 7887
f 7885 7887 7888
f 7886 7885 7883
f 7886 7883 7882
f 7887 7881 7884
f 7887 7884 7888
f 7887 7886 7882
f 7887 7882 7881
f 7888 7884 7883
f 7888 7883 7885
v 180.0 160.0 130.0
v 190.0 160.0 130.0
v 190.0 170.0 130.0
v 180.0 170.0 130.0
v 190.0 170.0 120.0
v 190.0 160.0 120.0
v 180.0 160.0 120.0
v 180.0 170.0 120.0
f 7889 7890 7891
f 7889 7891 7892
f 7893 7894 7895
f 7893 7895 7896
f 7894 7893 7891
f 7894 7891 7890
f 7895 7889 7892
f 7895 7892 7896
f 7895 7894 7890
f 7895 7890 7889
f 7896 7892 7891
f 7896 7891 7893
v 180.0 160.0 150.0
v 190.0 160.0 150.0
v 190.0 170.0 150.0
v 180.0 170.0 150.0
v 190.0 170.0 140.0
v 190.0 160.0 140.0
v 180.0 160.0 140.0
v 180.0 170.0 140.0
f 7897 7898 7899
f 7897 7899 7900
f 7901 7902 7903
f 7901 7903 7904
f 7902 7901 7899
f 7902 7899 7898
f 7903 7897 7900
f 7903 7900 7904
f 7903 7902 7898
f 7903 7898 7897
f 7904 7900 7899
f 7904 7899 7901
v 180.0 160.0 170.0
v 190.0 160.0 170.0
v 190.0 170.0 170.0
v 180.0 170.0 170.0
v 190.0 170.0 160.0
v 190.0 160.0 160.0
v 180.0 160.0 160.0
v 180.0 170.0 160.0
f 7905 7906 7907
f 7905 7907 7908
f 7909 7910 7911
f 7909 7911 7912
f 7910 7909 7907
f 7910 7907 7906
f 7911 7905 7908
f 7911 7908 7912
f 7911 7910 7906
f 7911 7906 7905
f 7912 7908 7907
f 7912 7907 7909
v 180.0 160.0 190.0
v 190.0 160.0 190.0
v 190.0 170.0 190.0
v 180.0 170.0 190.0
v 190.0 170.0 180.0
v 190.0 160.0 180.0
v 180.0 160.0 180.0
v 180.0 170.0 180.0
f 7913 7914 7915
f 7913 7915 7916
f 7917 7918 7919
f 7917 7919 7920
f 7918 7917 7915
f 7918 7915 7914
f 7919 7913 7916
f 7919 7916 7920
f 7919 7918 7914
f 7919 7914 7913
f 7920 7916 7915
f 7920 7915 7917
v 180.0 180.0 10.0
v 190.0 180.0 10.0
v 190.0 190.0 10.0
v 180.0 190.0 10.0
v 190.0 190.0 0.0
v 190.0 180.0 0.0
v 180.0 180.0 0.0
v 180.0 190.0 0.0
f 7921 7922 7923
f 7921 7923 7924
f 7925 7926 7927
f 7925 7927 7928
f 7926 7925 7923
f 7926 7923 7922
f 7927 7921 7924
f 7927 7924 7928
f 7927 7926 7922
f 7927 7922 7921
f 7928 7924 7923
f 7928 7923 7925
v 180.0 180.0 30.0
v 190.0 180.0 30.0
v 190.0 190.0 30.0
v 180.0 190.0 30.0
v 190.0 190.0 20.0
v 190.0 180.0 20.0
v 180.0 180.0 20.0
v 180.0 190.0 20.0
f 7929 7930 7931
f 7929 7931 7932
f 7933 7934 7935
f 7933 7935 7936
f 7934 7933 7931
f 7934 7931 7930
f 7935 7929 7932
f 7935 7932 7936
f 7935 7934 7930
f 7935 7930 7929
f 7936 7932 7931
f 7936 7931 7933
v 180.0 180.0 50.0
v 190.0 180.0 50.0
v 190.0 190.0 50.0
v 180.0 190.0 50.0
v 190.0 190.0 40.0
v 190.0 180.0 40.0
v 180.0 180.0 40.0
v 180.0 190.0 40.0
f 7937 7938 7939
f 7937 7939 7940
f 7941 7942 7943
f 7941 7943 7944
f 7942 7941 7939
f 7942 7939 7938
f 7943 7937 7940
f 7943 7940 7944
f 7943 7942 7938
f 7943 7938 7937
f 7944 7940 7939
f 7944 7939 7941
v 180.0 180.0 70.0
v 190.0 180.0 70.0
v 190.0 190.0 70.0
v 180.0 190.0 70.0
v 190.0 190.0 60.0
v 190.0 180.0 60.0
v 180.0 180.0 60.0
v 180.0 190.0 60.0
f 7945 7946 7947
f 7945 7947 7948
f 7949 7950 7951
f 7949 7951 7952
f 7950 7949 7947
f 7950 7947 7946
f 7951 7945 7948
f 7951 7948 7952
f 7951 7950 7946
f 7951 7946 7945
f 7952 7948 7947
f 7952 7947 7949
v 180.0 180.0 90.0
v 190.0 180.0 90.0
v 190.0 190.0 90.0
v 180.0 190.0 90.0
v 190.0 190.0 80.0
v 190.0 180.0 80.0
v 180.0 180.0 80.0
v 180.0 190.0 80.0
f 7953 7954 7955
f 7953 7955 7956
f 7957 7958 7959
f 7957 7959 7960
f 7958 7957 7955
f 7958 7955 7954
f 7959 7953 7956
f 7959 7956 7960
f 7959 7958 7954
f 7959 7954 7953
f 7960 7956 7955
f 7960 7955 7957
v 180.0 180.0 110.0
v 190.0 180.0 110.0
v 190.0 190.0 110.0
v 180.0 190.0 110.0
v 190.0 190.0 100.0
v 190.0 180.0 100.0
v 180.0 180.0 100.0
v 180.0 190.0 100.0
f 7961 7962 7963
f 7961 7963 7964
f 7965 7966 7967
f 7965 7967 7968
f 7966 7965 7963
f 7966 7963 7962
f 7967 7961 7964
f 7967 7964 7968
f 7967 7966 7962
f 7967 7962 7961
f 7968 7964 7963
f 7968 7963 7965
v 180.0 180.0 130.0
v 190.0 180.0 130.0
v 190.0 190.0 130.0
v 180.0 190.0 130.0
v 190.0 190.0 120.0
v 190.0 180.0 120.0
v 180.0 180.0 120.0
v 180.0 190.0 120.0
f 7969 7970 7971
f 7969 7971 7972
f 7973 7974 7975
f 7973 7975 7976
f 7974 7973 7971
f 7974 7971 7970
f 7975 7969 7972
f 7975 7972 7976
f 7975 7974 7970
f 7975 7970 7969
f 7976 7972 7971
f 7976 7971 7973
v 180.0 180.0 150.0
v 190.0 180.0 150.0
v 190.0 190.0 150.0
v 180.0 190.0 150.0
v 190.0 190.0 140.0
v 190.0 180.0 140.0
v 180.0 180.0 140.0
v 180.0 190.0 140.0
f 7977 7978 7979
f 7977 7979 7980
f 7981 7982 7983
f 7981 7983 7984
f 7982 7981 7979
f 7982 7979 7978
f 7983 7977 7980
f 7983 7980 7984
f 7983 7982 7978
f 7983 7978 7977
f 7984 7980 7979
f 7984 7979 7981
v 180.0 180.0 170.0
v 190.0 180.0 170.0
v 190.0 190.0 170.0
v 180.0 190.0 170.0
v 190.0 190.0 160.0
v 190.0 180.0 160.0
v 180.0 180.0 160.0
v 180.0 190.0 160.0
f 7985 7986 7987
f 7985 7987 7988
f 7989 7990 7991
f 7989 7991 7992
f 7990 7989 7987
f 7990 7987 7986
f 7991 7985 7988
f 7991 7988 7992
f 7991 7990 7986
f 7991 7986 7985
f 7992 7988 7987
f 7992 7987 7989
v 180.0 180.0 190.0
v 190.0 180.0 190.0
v 190.0 190.0 190.0
v 180.0 190.0 190.0
v 190.0 190.0 180.0
v 190.0 180.0 180.0
v 180.0 180.0 180.0
v 180.0 190.0 180.0
f 7993 7994 7995
f 7993 7995 7996
f 7997 7998 7999
f 7997 7999 8000
f 7998 7997 7995
f 7998 7995 7994
f 7999 7993 7996
f 7999 7996 8000
f 7999 7998 7994
f 7999 7994 7993
f 8000 7996 7995
f 8000 7995 7997
